q,n,m,D,variant,pred_bit_ops
2,10,20,3,base,6164366
2,10,20,3,const,3292096
2,10,20,3,bucket,1855961
2,11,22,3,base,12839696
2,11,22,3,const,6774780
2,11,22,3,bucket,3742322
2,12,24,3,base,25237987
2,12,24,3,const,13201137
2,12,24,3,bucket,7182712
2,13,26,4,base,344871318
2,13,26,4,const,179802838
2,13,26,4,bucket,97268597
2,14,28,4,base,728088760
2,14,28,4,const,377297166
2,14,28,4,bucket,201901368
2,15,30,4,base,1463021296
2,15,30,4,const,754473459
2,15,30,4,bucket,400199540
2,16,32,4,base,2814289086
2,16,32,4,const,1445658213
2,16,32,4,bucket,761342777
2,17,34,4,base,5207582293
2,17,34,4,const,2666414123
2,17,34,4,bucket,1395830039
2,18,36,4,base,9308404189
2,18,36,4,const,4753335383
2,18,36,4,bucket,2475800981
2,19,38,4,base,16130001555
2,19,38,4,const,8218258625
2,19,38,4,bucket,4262387161
2,20,40,4,base,27178960411
2,20,40,4,const,13821170108
2,20,40,4,bucket,7142274957
2,21,42,4,base,44650176144
2,21,42,4,const,22668480121
2,21,42,4,bucket,11677632110
2,22,44,4,base,71680976166
2,22,44,4,const,36340458081
2,22,44,4,bucket,18670199039
2,23,46,4,base,112678838146
2,23,46,4,const,57055228040
2,23,46,4,bucket,29243422988
2,24,48,4,base,173742039580
2,24,48,4,const,87880439915
2,24,48,4,bucket,44949640083
2,25,50,5,base,4868773672880
2,25,50,5,const,2462482172243
2,25,50,5,bucket,1259336421925
2,26,52,5,base,7930175119830
2,26,52,5,const,4007127011493
2,26,52,5,bucket,2045602957324
2,27,54,5,base,12676518445881
2,27,54,5,const,6400203571302
2,27,54,5,bucket,3262046134013
2,28,56,5,base,19914240631225
2,28,56,5,const,10047101164686
2,28,56,5,bucket,5113531431417
2,29,58,5,base,30782615852116
2,29,58,5,const,15520293714766
2,29,58,5,bucket,7889132646091
2,30,60,5,base,46870913137424
2,30,60,5,const,23618078065230
2,30,60,5,bucket,11991660529134
2,31,62,5,base,70370279082805
2,31,62,5,const,35440727650491
2,31,62,5,bucket,17975951934333
2,32,64,5,base,104268740768607
2,32,64,5,const,52488226993836
2,32,64,5,bucket,26597970106450
2,33,66,5,base,152599521823462
2,33,66,5,const,76784720558040
2,33,66,5,bucket,38877319925329
2,34,68,5,base,220754646550228
2,34,68,5,const,111035636105843
2,34,68,5,bucket,56176130883651
2,35,70,5,base,315878181838705
2,35,70,5,const,158824722821546
2,35,70,5,bucket,80297993312967
2,36,72,5,base,447355702575073
2,36,72,5,const,224859231600929
2,36,72,5,bucket,113610996113858
2,37,74,5,base,627419659122710
2,37,74,5,const,315273139086863
2,37,74,5,bucket,159199879068940
2,38,76,6,base,27007332568385880
2,38,76,6,const,13570826372149492
2,38,76,6,bucket,6852573274031299
2,39,78,6,base,39439161951382656
2,39,78,6,const,19812277787497304
2,39,78,6,bucket,9998835705554628
2,40,80,6,base,57026618040619784
2,40,80,6,const,28640186810915980
2,40,80,6,bucket,14446971196064076
2,41,82,6,base,81686122718095472
2,41,82,6,const,41015349536361632
2,41,82,6,bucket,20679962945494708
2,42,84,6,base,115968653080406144
2,42,84,6,const,58216516628043096
2,42,84,6,bucket,29340448401861560
2,43,86,6,base,163245490413502144
2,43,86,6,const,81933420853108560
2,43,86,6,bucket,41277386072911768
2,44,88,6,base,227941591234194176
2,44,88,6,const,114383645510509440
2,44,88,6,bucket,57604672648667080
2,45,90,6,base,315827147898879424
2,45,90,6,const,158458622069386272
2,45,90,6,bucket,79774359154639712
2,46,92,6,base,434379904738850624
2,46,92,6,const,217905044663022752
2,46,92,6,bucket,109667614625108832
2,47,94,6,base,593233116610809856
2,47,94,6,const,297549152870369152
2,47,94,6,bucket,149707171000148736
2,48,96,6,base,804726700437113088
2,48,96,6,const,403572662426624320
2,48,96,6,bucket,202995643421379840
2,49,98,6,base,1084582212910241536
2,49,98,6,const,543850669939242304
2,49,98,6,bucket,273484898453742688
2,50,100,6,base,1452725807598371072
2,50,100,6,const,728363616349226496
2,50,100,6,bucket,366182520724654080
2,51,102,6,base,1934287351869416704
2,51,102,6,const,969697407533624320
2,51,102,6,bucket,487402435365728064
2,52,104,6,base,2560808486438780416
2,52,104,6,const,1283648097779983104
2,52,104,6,bucket,645067903450584192
2,53,106,7,base,154106406866080694272
2,53,106,7,const,77248225937958125568
2,53,106,7,bucket,38819135473896857600
2,54,108,7,base,210394877666589638656
2,54,108,7,const,105453125874605932544
2,54,108,7,bucket,52982249978614095872
2,55,110,7,base,285548897915650277376
2,55,110,7,const,143107959855583019008
2,55,110,7,bucket,71887490825549373440
2,56,112,7,base,385347001121018150912
2,56,112,7,const,193106383730006065152
2,56,112,7,bucket,96986075034500022272
2,57,114,7,base,517177689721664176128
2,57,114,7,const,259148046353412456448
2,57,114,7,bucket,130133224669286580224
2,58,116,7,base,690445186953125429248
2,58,116,7,const,345941672092327346176
2,58,116,7,bucket,173689914661928337408
2,59,118,7,base,917067081789989715968
2,59,118,7,const,459454127170736947200
2,59,118,7,bucket,230647649861110530048
2,60,120,7,base,1212082421119504351232
2,60,120,7,const,607214752873158803456
2,60,120,7,bucket,304780918749986160640
2,61,122,7,base,1594392110769389699072
2,61,122,7,const,798685903078544769024
2,61,122,7,bucket,400832799233122304000
2,62,124,7,base,2087657309043319111680
2,62,124,7,const,1045712535533382664192
2,62,124,7,bucket,524740148778414571520
2,63,126,7,base,2721385901330277597184
2,63,126,7,const,1363065909658305953792
2,63,126,7,bucket,683905913822320394240
2,64,128,7,base,3532242209188134518784
2,64,128,7,const,1769098977353786195968
2,64,128,7,bucket,887527361436612296704
2,65,130,7,base,4565620895649619771392
2,65,130,7,const,2286533958396927016960
2,65,130,7,bucket,1146990489770581164032
2,66,132,7,base,5877532676296019017728
2,66,132,7,const,2943405917517915357184
2,66,132,7,bucket,1476342538128863002624
2,67,134,8,base,428072050493922071281664
2,67,134,8,const,214373730462070290251776
2,67,134,8,bucket,107524570446144399736832
2,68,136,8,base,565042639471983200305152
2,68,136,8,const,282953005837271605182464
2,68,136,8,bucket,141908189019915774066688
2,69,138,8,base,742711414030241208729600
2,69,138,8,const,371905490487695443492864
2,69,138,8,bucket,186502528716422661537792
2,70,140,8,base,972271956886618560790528
2,70,140,8,const,486833658230242688368640
2,70,140,8,bucket,244114508902054785712128
2,71,142,8,base,1267757213338442521378816
2,71,142,8,const,634760887636274224037888
2,71,142,8,bucket,318262724785190276694016
2,72,144,8,base,1646700951466518348038144
2,72,144,8,const,824462431467743351930880
2,72,144,8,bucket,413343171468356122312704
2,73,146,8,base,2130940054278449099964416
2,73,146,8,const,1066866844336113051500544
2,73,146,8,bucket,534830239364945228595200
2,74,148,8,base,2747584891982859881938944
2,74,148,8,const,1375541499356876707463168
2,74,148,8,bucket,689519803043885120225280
2,75,150,8,base,3530189781263806812389376
2,75,150,8,const,1767278204847960642027520
2,75,150,8,bucket,885822416640037691064320
2,76,152,8,base,4520161041208644097540096
2,76,152,8,const,2262797684560636871180288
2,76,152,8,bucket,1134116006236633660653568
2,77,154,8,base,5768446505616973380976640
2,77,154,8,const,2887594861151404777537536
2,77,154,8,bucket,1447169038918621012688896
2,78,156,8,base,7337557664429410577547264
2,78,156,8,const,3672950540417327362473984
2,78,156,8,bucket,1840646978411286291808256
2,79,158,8,base,9303984012555169451474944
2,79,158,8,const,4657139298068105581821952
2,79,158,8,bucket,2333716940824574452301824
2,80,160,8,base,11761068827178172550217728
2,80,160,8,const,5886868193845423854583808
2,80,160,8,bucket,2949767877179050043637760
2,81,162,8,base,14822426636338247778697216
2,81,162,8,const,7418986460489947520434176
2,81,162,8,bucket,3717266372565797928173568
2,82,164,9,base,1268265132825076586868899840
2,82,164,9,const,634797399420838862735278080
2,82,164,9,bucket,318063532718719794510036992
2,83,166,9,base,1632090169763246010343096320
2,83,166,9,const,816878503733243479907631104
2,83,166,9,bucket,409272670718242077250945024
2,84,168,9,base,2093713224319519621728174080
2,84,168,9,const,1047898448891812810445553664
2,84,168,9,bucket,524991061177959404804243456
2,85,170,9,base,2677703686748633632493010944
2,85,170,9,const,1340150670104067438668677120
2,85,170,9,bucket,671374161781784341756510208
2,86,172,9,base,3414382933735933350380568576
2,86,172,9,const,1708806370154899949634977792
2,86,172,9,bucket,856018088364383524140089344
2,87,174,9,base,4341075071503582069056864256
2,87,174,9,const,2172540222815232833093632000
2,87,174,9,bucket,1088272798471058352550969344
2,88,176,9,base,5503609340350501866629496832
2,88,176,9,const,2754281963863718206478745600
2,88,176,9,bucket,1379618275620327201037090816
2,89,178,9,base,6958120835671351452200075264
2,89,178,9,const,3482117206134943477420523520
2,89,178,9,bucket,1744115391366738390519119872
2,90,180,9,base,8773204130267659240296415232
2,90,180,9,const,4390364781148818464531546112
2,90,180,9,bucket,2198945106589397801771204608
2,91,182,9,base,11032483541078909416061796352
2,91,182,9,const,5520862490450810755723821056
2,91,182,9,bucket,2765051965136759776287391744
2,92,184,9,base,13837674342638742601648308224
2,92,184,9,const,6924498430976210414776352768
2,92,184,9,bucket,3467910475144944321340375040
2,93,186,9,base,17312221383623761466599931904
2,93,186,9,const,8663031137575619154520571904
2,93,186,9,bucket,4338436014551549647748333568
2,94,188,9,base,21605615529965382018596339712
2,94,188,9,const,10811248771402216820017463296
2,94,188,9,bucket,5414065392120637519262908416
2,95,190,9,base,26898504383097570575754723328
2,95,190,9,const,13459525597667800591861022720
2,95,190,9,bucket,6740036204952916699425800192
2,96,192,9,base,33408732079709279782438961152
2,96,192,9,const,16716843177697418887062093824
2,96,192,9,bucket,8370898726691489538885287936
2,97,194,9,base,41398463977492238501219926016
2,97,194,9,const,20714354202095480605803282432
2,97,194,9,bucket,10372299314397106056141471744
2,98,196,10,base,4076536917693922422766520238080
2,98,196,10,const,2039757136956418280833557725184
2,98,196,10,bucket,1021367246587666069129588113408
2,99,198,10,base,5141790034832028560272142630912
2,99,198,10,const,2572732012049935208252115517440
2,99,198,10,bucket,1288203000658889376667032092672
2,100,200,10,base,6469730611865094587710110171136
2,100,200,10,const,3237127170867792822813006495744
2,100,200,10,bucket,1620825450369142221839431368704
2,101,202,10,base,8121357085606057698563427663872
2,101,202,10,const,4063457594342831367152860135424
2,101,202,10,bucket,2034507848711218764397529792512
2,102,204,10,base,10170974164215625183036035825664
2,102,204,10,const,5088894430600570136604067233792
2,102,204,10,bucket,2547854563793042050438129516544
2,103,206,10,base,12708912390373823933133342375936
2,103,206,10,const,6358625319313476778993439997952
2,103,206,10,bucket,3183481783783302638973535387648
2,104,208,10,base,15844766928757811748460906414080
2,104,208,10,const,7927474418331924287618423980032
2,104,208,10,bucket,3968828163118979994247229341696
2,105,210,10,base,19711247870680296280482136457216
2,105,210,10,const,9861828292836956642144145113088
2,105,210,10,bucket,4937118503915287948875056283648
2,106,212,10,base,24468749564271526199143000178688
2,106,212,10,const,12241921436970893017910771449856
2,106,212,10,bucket,6128507373320571923695029714944
2,107,214,10,base,30310764010577434785346595323904
2,107,214,10,const,15164543966093501909806302101504
2,107,214,10,bucket,7591433943851533220236341805056
2,108,216,10,base,37470283538443022034115556802560
2,108,216,10,const,18746244106536582588851711639552
2,108,216,10,bucket,9384224390583361740319882215424
2,109,218,10,base,46227361149509868956616606351360
2,109,218,10,const,23127109701748187766692627087360
2,109,218,10,bucket,11576983977867353927130078511104
2,110,220,10,base,56918023520745571682559343984640
2,110,220,10,const,28475226254898809472633756712960
2,110,220,10,bucket,14253827621975426115871149391872
2,111,222,10,base,69944762128820546318261813248000
2,111,222,10,const,34991924269993800525438357864448
2,111,222,10,bucket,17515505340580429880826443857920
2,112,224,10,base,85788862838893648543862111600640
2,112,224,10,const,42917946096613472228038764658688
2,112,224,10,bucket,21482487725473379566527463817216
2,113,226,10,base,105024874164312676881587561824256
2,113,226,10,const,52540682419805913471073367621632
2,113,226,10,bucket,26298586547552527262216643149824
2,114,228,11,base,11522806630332929999666968390533120
2,114,228,11,const,5764501613895981852552849445093376
2,114,228,11,bucket,2885349105677506049613533062103040
2,115,230,11,base,14325474902574089212890634904403968
2,115,230,11,const,7166517521129186796260799683756032
2,115,230,11,bucket,3587038830406736164406634376855552
2,116,232,11,base,17775050987373369171706176344162304
2,116,232,11,const,8892129155853287312051502409842688
2,116,232,11,bucket,4450668240093248111606422352953344
2,117,234,11,base,22012980103894138439192830508269568
2,117,234,11,const,11012086955767206261692850212175872
2,117,234,11,bucket,5511640381703739020021355457282048
2,118,236,11,base,27209945631899998394958785074429952
2,118,236,11,const,13611765577145493356958381129072640
2,118,236,11,bucket,6812675549768241990879683763240960
2,119,238,11,base,33571570492868343625785183874056192
2,119,238,11,const,16794015475773323779803559804010496
2,119,238,11,bucket,8405237967225813856812747768987648
2,120,240,11,base,41345164765161805248389815570792448
2,120,240,11,const,20682537749271257423935765198405632
2,120,240,11,bucket,10351224241325988123394758439600128
2,121,242,11,base,50827699722408032968201360614883328
2,121,242,11,const,25425872357210986321531313353392128
2,121,242,11,bucket,12724958674612462998196289722646528
2,122,244,11,base,62375217522676043228367020271599616
2,122,244,11,const,31202104357707387975948269906821120
2,122,244,11,bucket,15615547775223053432209867083350016
2,123,246,11,base,76413919178559045922039019629182976
2,123,246,11,const,38224409503896746204398408572076032
2,123,246,11,bucket,19129654666565607874793149111992320
2,124,248,11,base,93453211814166953441580332777209856
2,124,248,11,const,46747579735566839243765462259990528
2,124,248,11,bucket,23394763696266786756544045428768768
2,125,250,11,base,114101040252267064294962037209956352
2,125,250,11,const,57075691124229964081963242776166400
2,125,250,11,bucket,28563016560211413975463845559271424
2,126,252,11,base,139081878449386238014968104417755136
2,126,252,11,const,69571102072182715997335415552999424
2,126,252,11,bucket,34815713883580954988519071120621568
2,127,254,11,base,169257814083000177546493907037061120
2,127,254,11,const,84664998464838961639791383533322240
2,127,254,11,bucket,42368590655758344463068084926676992
2,128,256,11,base,205653225677261903756593839592177664
2,128,256,11,const,102869735523066308041280450889515008
2,128,256,11,bucket,51477990445968519406995793392959488
2,129,258,11,base,249483627138933376727994379792285696
2,129,258,11,const,124793263851915671190550762793992192
2,129,258,11,bucket,62448082208406809198456917440069632
2,130,260,12,base,29827144522456478938474466674189795328
2,130,260,12,const,14919722453756415122308671026801672192
2,130,260,12,bucket,7466011419406380853042531768285003776
2,131,262,12,base,36680150944040004594831158514745868288
2,131,262,12,const,18347514981066249739697228099644030976
2,131,262,12,bucket,9181196999579365228580538587625291776
2,132,264,12,base,45034196171350520848106055503854960640
2,132,264,12,const,22526083749844990698494033072851255296
2,132,264,12,bucket,11272027539092230346054504726994616320
2,133,266,12,base,55202233178481437966289129726273388544
2,133,266,12,const,27611953775883368079251363220426850304
2,133,266,12,bucket,13816814074584326052182755663035760640
2,134,268,12,base,67559218695958616328092809325543686144
2,134,268,12,const,33792660632932441225364196551414513664
2,134,268,12,bucket,16909381601419348951633407294704713728
2,135,270,12,base,82553765639919805157710780176464347136
2,135,270,12,const,41292578133607168151416071952000876544
2,135,270,12,bucket,20661984380450859093001683579059568640
2,136,272,12,base,100721868570183901796924103056003432448
2,136,272,12,const,50379782758134583119607917404099706880
2,136,272,12,bucket,25208739852109933225682790317438271488
2,137,274,12,base,122703050536487219597909913335886774272
2,137,274,12,const,61374129045495334402508850774491004928
2,137,274,12,bucket,30709668299999401249541285233083547648
2,138,276,12,base,149259334832089005556813939143291699200
2,138,276,12,const,74656737746361526451184705559618125824
2,138,276,12,bucket,37355439203497777453637123028490911744
2,139,278,12,base,181297508541493593289537159538138939392
2,139,278,12,const,90681130226538021355493593086144020480
2,139,278,12,bucket,45372941069060235388471809860146561024
2,140,280,12,base,219895217488380332900087724257407139840
2,140,280,12,const,109986278975535930320379972885269184512
2,140,280,12,bucket,55031809719113766809457960156361916416
2,141,282,12,base,266331515554076161915834218477609025536
2,141,282,12,const,133211885764082813513348610445289717760
2,141,282,12,bucket,66652070869086120422639874950549209088
2,142,284,12,base,322122586806112538328028500613971050496
2,142,284,12,const,161116246736931960009558747273203023872
2,142,284,12,bucket,80613076702341699184522767820690292736
2,143,286,12,base,389063468097639611819813630638936817664
2,143,286,12,const,194597118346912943426109205564041986048
2,143,286,12,bucket,97363943471549533671393267112271151104
2,144,288,12,base,469276724628088519690374312185269583872
2,144,288,12,const,234716060461060646605487227958196174848
2,144,288,12,bucket,117435728377546710063043685844659470336
2,145,290,12,base,565269173483848383902576745293287522304
2,145,290,12,const,282726804245200438250180942672156426240
2,145,290,12,bucket,141455619625876503202914904318752587776
2,146,292,13,base,72476514295848831882658183144143746760704
2,146,292,13,const,36250079422297609247136047629557867479040
2,146,292,13,bucket,18136861985521993093671701413748229013504
2,147,294,13,base,88373243226230276753334254847086836056064
2,147,294,13,const,44200826862507739111314715518987583619072
2,147,294,13,bucket,22114618680646465454601667396421258575872
2,148,296,13,base,107606646183619887188993194244288246972416
2,148,296,13,const,53820369695756009917742641918170642776064
2,148,296,13,bucket,26927231451824076117820644213628539502592
2,149,298,13,base,130846057888883861847115941903978276585472
2,149,298,13,const,65443459295475232766071714975794002395136
2,149,298,13,bucket,32742159998770918225549601511701865299968
2,150,300,13,base,158888950902072541467968313216167789461504
2,150,300,13,const,79468930601803546726222407486903999791104
2,150,300,13,bucket,39758920451669063862459289997822201430016
2,151,302,13,base,192684310211157129901060278790472136130560
2,151,302,13,const,96371391840569978502213900339745472380928
2,151,302,13,bucket,48214932655276383459977597280315345207296
2,152,304,13,base,233360063948624659527983304491865374457856
2,152,304,13,const,116714942686524648166344531210328946507776
2,152,304,13,bucket,58392382055474642485525144569560732532736
2,153,306,13,base,282255238551342431250886592844727618371584
2,153,306,13,const,141169255084921713683803019642474237788160
2,153,306,13,bucket,70626263351711364571667789958380945145856
2,154,308,13,base,340957611025585978246803983466733347274752
2,154,308,13,const,170528403126691777102860078234605656735744
2,154,308,13,bucket,85313799177244686202294682535575209115648
2,155,310,13,base,411347750729728058290557085520427265032192
2,155,310,13,const,205732888256670797263359947965266336415744
2,155,310,13,bucket,102925457020142186092574493021752667406336
2,156,312,13,base,495650480386647185201284371582816404635648
2,156,312,13,const,247895374754225024423438044490506444996608
2,156,312,13,bucket,124017821938013963377327994778418260475904
2,157,314,13,base,596494943312176060078538856322071802150912
2,157,314,13,const,298330729074143670279150790899968931528704
2,157,314,13,bucket,149248621955127533407896099691117882114048
2,158,316,13,base,716984643836024340353927892748149658222592
2,158,316,13,const,358591046643598666992192229065579208638464
2,158,316,13,bucket,179394248047385868996950624892427574444032
2,159,318,13,base,860779033692599164085489858362568683290624
2,159,318,13,const,430506452625978290563605435646538061709312
2,159,318,13,bucket,215370162092667699060158313615988388528128
2,160,320,13,base,1032188452262752623868331056130575071969280
2,160,320,13,const,516232580730561833073658417375694026702848
2,160,320,13,bucket,258254644964466515047574553334520685264896
2,161,322,13,base,1236284496889845512004625473276434289000448
2,161,322,13,const,618305768336604551095580701502567167819776
2,161,322,13,bucket,309316404059984148012310770951900788424704
2,162,324,13,base,1479028205508249632957476381926665677176832
2,162,324,13,const,739707159228483616400497577108158709497856
2,162,324,13,bucket,370046636088600762864513085371439588048896
2,163,326,14,base,203441341079618544301685536476794614691397632
2,163,326,14,const,101747222935289729643075645297655109530943488
2,163,326,14,bucket,50900163863125292603209756858958759371735040
2,164,328,14,base,246075767529350326785761389815634459656978432
2,164,328,14,const,123069581437807187301498324469738303494553600
2,164,328,14,bucket,61566488392035627462887106079832424606334976
2,165,330,14,base,297288476425213057170277131240989144534482944
2,165,330,14,const,148682036126081872143838585133327064756125696
2,165,330,14,bucket,74378815976516329148220883494707020831916032
2,166,332,14,base,358734710230555735967282575729120063963267072
2,166,332,14,const,179412377766783901816698623089526115816964096
2,166,332,14,bucket,89751211534897925320284761071475946585849856
2,167,334,14,base,432375632261803420715571136964998068753661952
2,167,334,14,const,216241386300850394606529557345269582300971008
2,167,334,14,bucket,108174263320373960780171281799742932618575872
2,168,336,14,base,520532410272671903711996195226670107811905536
2,168,336,14,const,260329877284407309510108623389600482875932672
2,168,336,14,bucket,130228610790274933181002323206728076863995904
2,169,338,14,base,625949432892008507177941043749718400629211136
2,169,338,14,const,313050315472214486396400505820078753223540736
2,169,338,14,bucket,156600756762317515619711493987427726292680704
2,170,340,14,base,751868129720492540087195995464655150346403840
2,170,340,14,const,376023731050966382118748376300535559521042432
2,170,340,14,bucket,188101531716203184292280795321969373792436224
2,171,342,14,base,902113091406227669480912995275859050956324864
2,171,342,14,const,451162786801697883550674838896901491500515328
2,171,342,14,bucket,225687634499433149041880789236097898860511232
2,172,344,14,base,1081192444393647357726569112980171336122892288
2,172,344,14,const,540721973674186021897580262209720159146344448
2,172,344,14,bucket,270486738314455195526760808295819383570169856
2,173,346,14,base,1294414730814995595948618067557782135332929536
2,173,346,14,const,647356060162225438081917598939561502619729920
2,173,346,14,bucket,323826724835840200692242336101775999175229440
2,174,348,14,base,1548024882303556703624211560083923217766416384
2,174,348,14,const,774188090044613495570530382974813973952593920
2,174,348,14,bucket,387269693915142129228177337213272132677533696
2,175,350,14,base,1849362263154502639929789785152456198077808640
2,175,350,14,const,924888416403705848860924830495464636146515968
2,175,350,14,bucket,462651493028307294870167324638293668092968960
2,176,352,14,base,2207044199793309159845102190433694086433079296
2,176,352,14,const,1103766480627165288871351126213236855622598656
2,176,352,14,bucket,552127621044093432612638108367345833761308672
2,177,354,14,base,2631178917323878722473859030081967312326361088
2,177,354,14,const,1315877297034753335737995212150188816224747520
2,177,354,14,bucket,658226486890190959282713360241649942349742080
2,178,356,14,base,3133612378351470175594518685644788248709431296
2,178,356,14,const,1567144891017391054883724779085680659123929088
2,178,356,14,bucket,783911147350351019159352740220101303067475968
2,179,358,15,base,452193642583237361289913091012015397537941815296
2,179,358,15,const,226145693367477781172038897542653777763670949888
2,179,358,15,bucket,113121718759597909983463386201291272087530373120
2,180,360,15,base,543977817163035058157516927920428479037086629888
2,180,360,15,const,272047001496524786004455163362758454645406826496
2,180,360,15,bucket,136081593663269629645514677432253018502315638784
2,181,362,15,base,653698291502490032004402926196564844764658139136
2,181,362,15,const,326918130932574159776321934267585331570474483712
2,181,362,15,bucket,163528050647616223662281438303095574973382656000
2,182,364,15,base,784726257682758154982397418431350179784260845568
2,182,364,15,const,392444968460309566229344459771743900573454303232
2,182,364,15,bucket,196304323849085231287998773138599913073548460032
2,183,366,15,base,941041677162181274482990507914728046746216169472
2,183,366,15,const,470617834026259155082478375750313590658263154688
2,183,366,15,bucket,235405912458298298206318346184810602086799507456
2,184,368,15,base,1127338777685667733062572386143806707835791736832
2,184,368,15,const,563784236928844985585490813707884182343461634048
2,184,368,15,bucket,282006966550433530717311612883241223808291438592
2,185,370,15,base,1349149073075732964089495782147434352039230963712
2,185,370,15,const,674710394629087496170146147889644375347837272064
2,185,370,15,bucket,337491055405764640516013708850726843318632710144
2,186,372,15,base,1612984691829817796785367811986011269095680376832
2,186,372,15,const,806652907316003214297291586546486849380896735232
2,186,372,15,bucket,403487015059096085312530303040088031101515202560
2,187,374,15,base,1926505223802318887069607420559437098242818441216
2,187,374,15,const,963442193061447107081132924276276273895109033984
2,187,374,15,bucket,481910677691011135957257261528014165932249186304
2,188,376,15,base,2298711778997790876203317294158938812049201823744
2,188,376,15,const,1149579530800118158262004454048141123607416799232
2,188,376,15,bucket,575013406701281637032071204779378887808513998848
2,189,378,15,base,2740172507126094853262476125487404719092539588608
2,189,378,15,const,1370349835713089922694780218908508123848589180928
2,189,378,15,bucket,685438500006587619670209094832423217804624265216
2,190,380,15,base,3263284460667239492335970770831151869336580259840
2,190,380,15,const,1631952608676167760665107363322635178761303097344
2,190,380,15,bucket,816286682680632219348229317995103616629685092352
2,191,382,15,base,3882577408613022907088601677821013147577627967488
2,191,382,15,const,1941653863682969851450261089818398544545401798656
2,191,382,15,bucket,971192091217943323631090795817091243029288714240
2,192,384,15,base,4615066035052543539977671431303779215944550711296
2,192,384,15,const,2307962250696548061475348964666923423473166450688
2,192,384,15,bucket,1154410358518549673187080414495041960925433167872
2,193,386,15,base,5480657900189697405064105338129405733974482878464
2,193,386,15,const,2740833063143436979403245689442132136755204194304
2,193,386,15,bucket,1370920644620306766572815865098495338145564852224
2,194,388,15,base,6502625616839312573749346112321434430075394064384
2,194,388,15,const,3251904357049152896000468332714840373814295003136
2,194,388,15,bucket,1626543727154072408088922126058089779371704320000
2,195,390,15,base,7708152920553221238209091161158984683592089600000
2,195,390,15,const,3854770021429413863673314665630830185351003242496
2,195,390,15,bucket,1928078571867508878331211784159845803606377758720
2,196,392,16,base,1170733820594987607856838917062721915840256901382144
2,196,392,16,const,585472242872110199970400224073725646993833039233024
2,196,392,16,bucket,292841454010671496027180877579227512570621108158464
2,197,394,16,base,1400613892586732430233258166130361395233702901972992
2,197,394,16,const,700431593353531915613846034358732180077364654374912
2,197,394,16,bucket,350340443736931492150640495358433459523312995532800
2,198,396,16,base,1674057875633282562672522420684391483727818384211968
2,198,396,16,const,837176311133647817150250966265745931692166569000960
2,198,396,16,bucket,418735528883830278235615765941939042698458126352384
2,199,398,16,base,1999026431611855396996379855661526923341677377617920
2,199,398,16,const,999687307132419907394795640876258216800053660483584
2,199,398,16,bucket,500017744892702162594003533483623863529241801916416
2,200,400,16,base,2384881606512014237972099906334677220286773946482688
2,200,400,16,const,1192646279105773392926922516361960052611072059768832
2,200,400,16,bucket,596528615402652638097334875146633242821456046325760
2,201,402,16,base,2842624247453512761116160127155862704299808338739200
2,201,402,16,const,1421554435026923552358891247235952766750132384301056
2,201,402,16,bucket,711019528813629114133756280390481910951176942125056
2,202,404,16,base,3385170086954855993265795191451566732661836046401536
2,202,404,16,const,1692870552331111950121233129845456960819696897097728
2,202,404,16,bucket,846720785019239596241953152813433848946862252359680
2,203,406,16,base,4027670541559634529474205143925200941023248341008384
2,203,406,16,const,2014171396899817276489963816971740894131456682491904
2,203,406,16,bucket,1007421824569909314611841045952947322589090993405952
2,204,408,16,base,4787885178877665343793644093370559048053160809594880
2,204,408,16,const,2394337979179977696077565624272251010005300781514752
2,204,408,16,bucket,1197564379331133872219526389723096990981370767474688
2,205,410,16,base,5686613844324616387496711054309084654512286971461632
2,205,410,16,const,2843771643497356818568630471084191576066581292122112
2,205,410,16,bucket,1422350543083727864872087545044165601723141127667712
2,206,412,16,base,6748197624243667264143061585816296073691119977758720
2,206,412,16,const,3374644579380053788468970914721529264535858558533632
2,206,412,16,bucket,1687868056948247050631925579174145859958227848921088
2,207,414,16,base,8001099175909688153865232071228765216611299829481472
2,207,414,16,const,4001190020680867844226517781537548746474337544962048
2,207,414,16,bucket,2001235443066457024793162744234004059502326262530048
2,208,416,16,base,9478574500035387267297276718707512329424908413042688
2,208,416,16,const,4740038170919401414824322506249483014937482239148032
2,208,416,16,bucket,2370770006361408488587845400020468357693769152200704
2,209,418,16,base,11219449993674484844543532643317808688399212508872704
2,209,418,16,const,5610604774484486250862589641239640779539558984318976
2,209,418,16,bucket,2806182164889487286329117086429525051061497292128256
2,210,420,16,base,13269020630039744102503652538660927411051940712284160
2,210,420,16,const,6635540257741441143409632398246076315491474488688640
2,210,420,16,bucket,3318800071592293651546609682786269479132422217924608
2,211,422,16,base,15680087399662725416246663631992411043805322375331840
2,211,422,16,const,7841248508147423458370414156955700369080674477408256
2,211,422,16,bucket,3921829062389775137888280989269090839332471089135616
2,212,424,16,base,18514154751660866087624533585912722967518636413026304
2,212,424,16,const,9258485661764939382841805607127685458219276701794304
2,212,424,16,bucket,4630651116816977359678437402651039607376657126522880
2,213,426,17,base,2938779901098751175330530402103081495009319972967022592
2,213,426,17,const,1469613476912070565369117398067973685836328740153458688
2,213,426,17,bucket,735030264818730175317819165815803915406181265804623872
2,214,428,17,base,3499562132728291016368642494561059532775484949042036736
2,214,428,17,const,1750044587298503134001569518072185127953921157554503680
2,214,428,17,bucket,875285814583608342112115727481589267106620682390208512
2,215,430,17,base,4163842669027917478387829847555121847136159482974830592
2,215,430,17,const,2082231759880358791307353511711614514717324377245876224
2,215,430,17,bucket,1041426305306579788049482264728324311882514256149610496
2,216,432,17,base,4950081892183310193396861399515706210611255446299738112
2,216,432,17,const,2475406337467027631016874382267518709019312961827635200
2,216,432,17,bucket,1238068560108885669262147031766498031474126856055160832
2,217,434,17,base,5879919634119852585427689459178430712729522496157515776
2,217,434,17,const,2940389572756945693325053579461605378372095002005209088
2,217,434,17,bucket,1470624542075491906991368718664729247818773823160844288
2,218,436,17,base,6978703474767907911152728689580795141182059056369500160
2,218,436,17,const,3489856806088396038444454115995772145953359527214579712
2,218,436,17,bucket,1745433471748640442372683750141724111713617194405330944
2,219,438,17,base,8276101647859572443104978120589439422377566351424225280
2,219,438,17,const,4138643951213476082625820802217511552065732706650030080
2,219,438,17,bucket,2069915102890427902386242143031547616909815884262932480
2,220,440,17,base,9806813600943188270506373951905380115681284145431969792
2,220,440,17,const,4904102813046837629663847583765126531129594393338576896
2,220,440,17,bucket,2452747419098661968960217478756536275479142085523668992
2,221,442,17,base,11611393191300898748411703594187693809986213163762188288
2,221,442,17,const,5806512728923741333290584435034631978319860985690587136
2,221,442,17,bucket,2904072497735161945165291013581174135737470033118363648
2,222,444,17,base,13737201710158459408409691311809097766066817611113431040
2,222,444,17,const,6869557130348310212156292343965202601478550575957147648
2,222,444,17,bucket,3435734840443234252900125176289401165685987331306160128
2,223,446,17,base,16239510451677293914733003095425851904582141631323439104
2,223,446,17,const,8120874884370003164035189635716828599993091985810391040
2,223,446,17,bucket,4061557100716358469251016747739243874447782026590289920
2,224,448,17,base,19182775423345786903367989689063405851559357415484817408
2,224,448,17,const,9592697713910473582566484212032718424882025458045026304
2,224,448,17,bucket,4797658859192819644424666841025082418540218933470822400
2,225,450,17,base,22642110078725755958087578288627309404031759897155600384
2,225,450,17,const,11322586638668619418824997130968685329162708029934665728
2,225,450,17,bucket,5662824918640054552017375761524007925474256414006312960
2,226,452,17,base,26704985696495807624500881984081529846209575651578478592
2,226,452,17,const,13354282249878394165005015179408547289651392309886976000
2,226,452,17,bucket,6678930526569687435257081777072056011372300639041224704
2,227,454,17,base,31473193292825805176710475375876175087341562683350581248
2,227,454,17,const,15738685763913576704548579498319817746730189181178347520
2,227,454,17,bucket,7871431999457465190726566927049346783421361884237922304
2,228,456,17,base,37065105806667702072440985390109572147340184234223468544
2,228,456,17,const,18534990226204970765422246622547430810483820387463331840
2,228,456,17,bucket,9269932435973599667395006503750944728061919555791880192
2,229,458,17,base,43618284817771598200641302126417935144287212584000552960
2,229,458,17,const,21811983997267540448010586784635517575307018079534317568
2,229,458,17,bucket,10908833587015511571695229113744308790816920827301199872
2,230,460,18,base,7194714440573246021398863486415266103104925452299411652608
2,230,460,18,const,3597825909029480340044845310432427691492892882691801743360
2,230,460,18,bucket,1799381643257596802469548768359035312695680577626699726848
2,231,462,18,base,8533840110385420531734180622876330394950620465944726601728
2,231,462,18,const,4267470836596493279993910863893261031406187590540958105600
2,231,462,18,bucket,2134286199702030351022063438483699522625167173100370919424
2,232,464,18,base,10114491055132628628545015303699528351609285621240523915264
2,232,464,18,const,5057892314529385296587267135572871359539655048382256250880
2,232,464,18,bucket,2529592944227764327506680505591516036496035782214419480576
2,233,466,18,base,11978849517494671685939455457273105160912951649045682585600
2,233,466,18,const,5990183743876331531302634480082289991888709943360122519552
2,233,466,18,bucket,2995850857067162150882511445568855580367785110778639548416
2,234,468,18,base,14176226220584305093320670900441078543465082084530331844608
2,234,468,18,const,7089003126748880794980496039552148118019566405103780888576
2,234,468,18,bucket,3545391579831171433403558425435575597261592646435693658112
2,235,470,18,base,16764225082047120869493320123997210308741831549023131009024
2,235,470,18,const,8383155478498240693943973909066237514981688857630311710720
2,235,470,18,bucket,4192620676723799212372725893436804772119225471411307937792
2,236,472,18,base,19810091764082362064845928572463485999580915314844466413568
2,236,472,18,const,9906267165972311190113427639436106603142797834989888077824
2,236,472,18,bucket,4954354866917287843442039535168336423897327155846490095616
2,237,474,18,base,23392274064699859838217210465700544381498438005048192532480
2,237,474,18,const,11697566175663331089353526587583965690446405221709055524864
2,237,474,18,bucket,5850212231145066018023397194443703171929192809778189959168
2,238,476,18,base,27602226269246676273919950957643806752968766765943796793344
2,238,476,18,const,13802784372572292156782981702985011863854913403384940724224
2,238,476,18,bucket,6903063424235100098214497075655614419297986722105512689664
2,239,478,18,base,32546494277017979552715110910383263423104687954693741084672
2,239,478,18,const,16275200158684912863615718406933928736110949566895068545024
2,239,478,18,bucket,8139553099518380912862597063373207738596472413518326398976
2,240,480,18,base,38349123674855351185157391368202169054508377803751027638272
2,240,480,18,const,19176842618699310174958377758531115147240356166640659857408
2,240,480,18,bucket,9590702090621293851248595678187427231553521469653258338304
2,241,482,18,base,45154439037645929991248272835388631302075536716959399804928
2,241,482,18,const,22579881294878022124908438140369373773811499836227199172608
2,241,482,18,bucket,11292602423494068191738520792859745009679481395861098856448
2,242,484,18,base,53130249695853090966741132765631939501534729038664537473024
2,242,484,18,const,26568229213262383137685254943718993067519470367021782269952
2,242,484,18,bucket,13287218971967023647971016400106734466582272869110028173312
2,243,486,18,base,62471545137048749339458536961237556083213632172421694881792
2,243,486,18,const,31239390747196826371497162183125445939485592119680784400384
2,243,486,18,bucket,15623313552270876037889074059380961635480708417491082149888
2,244,488,18,base,73404752231059405316971202916485139805450561653439194988544
2,244,488,18,const,36706590415758635854435814614453797175914986780809016377344
2,244,488,18,bucket,18357509508108259485947569912421803937041551587629491814400
2,245,490,18,base,86192636732555123032903276565170474633915565811947056136192
2,245,490,18,const,43101223847165775994339211160096271098552341404568399118336
2,245,490,18,bucket,21555517404471099687464028641231276638905945119833882361856
2,246,492,18,base,101139943185114783406498182579799623361858325560360964194304
2,246,492,18,const,50575677972753341143966650318493370156382580623896672731136
2,246,492,18,bucket,25293545366572620012700884187840243553644708155664526999552
2,247,494,19,base,17255536246217550452753059874328811181379541159440159095128064
2,247,494,19,const,8628741649527085624239306404935493575896042447600172220284928
2,247,494,19,bucket,4315344351181852496358583317258894244011308366932610591490048
2,248,496,19,base,20397646160802608515746891352722338185245943911912542308401152
2,248,496,19,const,10199963966771850811638070557599839288919636074894517566701568
2,248,496,19,bucket,5101122869756471959583660160038589840756482156385505195851776
2,249,498,19,base,24095122662499049762191905294282094371033960788027089975508992
2,249,498,19,const,12048897467362185317282322590067392181532702432972730422788096
2,249,498,19,bucket,6025784869793756662946763002859743732496996879183391603294208
2,250,500,19,base,28443185354605072802946037832781918566209271505294896127803392
2,250,500,19,const,14223156455095553420206935574495290471506938808505684245610496
2,250,500,19,bucket,7113142005340790874341999033432214307583833561120805539020800
2,251,502,19,base,33552879751144404221781233496794944163481342245944634583810048
2,251,502,19,const,16778268892606456066973069161052444894011034193993955763290112
2,251,502,19,bucket,8390963463337489125807450522980600550705727415494298266763264
2,252,504,19,base,39553625266738323704066541710334643809256267533326540867633152
2,252,504,19,const,19778950502614937021578856959857379757560202212481069282754560
2,252,504,19,bucket,9891613120553237971344243760779223498568291754077787959328768
2,253,506,19,base,46596160294047686686820517515944516409810749378376761847316480
2,253,506,19,const,23300577428485926527674859515592566668254788836556218552025088
2,253,506,19,bucket,11652785995705052157092801339256116030620686363626492435365888
2,254,508,19,base,54855944222065272223857422589932284019026857637610730140205056
2,254,508,19,const,27430887382929137006060592904893868617962033507571520975667200
2,254,508,19,bucket,13718358963361075106152948886214185150573499240532461924384768
2,255,510,19,base,64537084966901273285842456206961029624765037858109149365141504
2,255,510,19,const,32271943573147450346134373206462720944951054926479709033201664
2,255,510,19,bucket,16139372876270544585271102530053090838187941258645534398218240
2,256,512,19,base,75876870531195336529818730461119185868320432498864093348757504
2,256,512,19,const,37942400663324546791713564811476078650230349204501914185629696
2,256,512,19,bucket,18975165729389154777156367398574287157757246456311097369559040
2,257,514,19,base,89150994445241617787400166107262733562214554071750230841229312
2,257,514,19,const,44580117704199148216497961158049278221336608337544314798211072
2,257,514,19,bucket,22294679333677916285542244095362312667469574369431629542195200
2,258,516,19,base,104679577860398835157684693285096845358459307409120739769450496
2,258,516,19,const,52345169418646632722226987226237044284896509073708825389826048
2,258,516,19,bucket,26177965197770531504498134196807143748115109906002868200013824
2,259,518,19,base,122834105775933103108236787156131834897833050367474224490086400
2,259,518,19,const,61423314587962088046013418381359369073266180489340424128823296
2,259,518,19,bucket,30717918993976574805910963170133611927838867752292978417205248
2,260,520,19,base,144045411624199225066891002146317859181458602589422626575220736
2,260,520,19,const,72029988655966572204919985263682600418605988433462537983361024
2,260,520,19,bucket,36022277171850240064943705998525446804035803557501948156444672
2,261,522,19,base,168812863487086100272694849702478169799120737318816919565893632
2,261,522,19,const,84414897192686791064336536153884162294032004020272403887161344
2,261,522,19,bucket,42215914045487153587129691851105731240919270764941782640754688
2,262,524,19,base,197714926874841498844756173670182755005977478318400549842583552
2,262,524,19,const,98867297689151097188718193106130235773435331008413345582678016
2,262,524,19,bucket,49443483096305896360699202824103976157164257353419743452725248
2,263,526,19,base,231421303611788040903374519607694086133919911613491492409049088
2,263,526,19,const,115722069462329218935056114304170431437991609633634158932656128
2,263,526,19,bucket,57872452387599853622823078243124797955178481027549856442351616
2,264,528,20,base,40681487019617162033416906574404969219898330282446438052669685760
2,264,528,20,const,20342750540870629903710710315552848556731633259193107173787828224
2,264,528,20,bucket,10173382301497362377355974855223870021463452031283422078414356480
2,265,530,20,base,47946812145249197851721795886406181458578903296317486707073089536
2,265,530,20,const,23975752478773111988976367509013100234234378231659057736566439936
2,265,530,20,bucket,11990222645535066134600378658510723214692450266763803939448029184
2,266,532,20,base,56473486140117278769182513165647444589002248432523656482273624064
2,266,532,20,const,28239484570815528071050426375502831387776900901258208471848845312
2,266,532,20,bucket,14122483786164664413997481627653870416642888865889641714096799744
2,267,534,20,base,66474267176562789167452805423963802616728114677930147317381332992
2,267,534,20,const,33240334780000961151582274628691540366338520431040653814157803520
2,267,534,20,bucket,16623368581720041297640459907443736426404392442463828438815866880
2,268,536,20,base,78196758703948345047250292139179010449958189565976343795378159616
2,268,536,20,const,39102115079161245495423768417687917992560952790538049266852560896
2,268,536,20,bucket,19554793266767707411523605204165717393340996133083059250050105344
2,269,538,20,base,91928947154091949630728722730855028062094015152328283481345884160
2,269,538,20,const,45968830508949967192923073260031394814021500382911403678152785920
2,269,538,20,bucket,22988772186378978897023523186425414597354908430769003088421322752
2,270,540,20,base,108005593042227954686920407580368440496066899640003913152087457792
2,270,540,20,const,54007874963351556699907378288917176884854566158311192294668107776
2,270,540,20,bucket,27009015923913369398413962290414890708727061147728989113418776576
2,271,542,20,base,126815602900406248648013373175729885928968927560112384887337517056
2,271,542,20,const,63413717425334668758701873773130057126452741547826728072449622016
2,271,542,20,bucket,31712774687798878814046124071830142725194648541683899665005674496
2,272,544,20,base,148810527906462492063938301962417818472692334271984252692411187200
2,272,544,20,const,74412151588953813990438707849272511433549891782807224210092457984
2,272,544,20,bucket,37212963430199463261675812145476512284500008807954552721472749568
2,273,546,20,base,174514356075577392923903311476417806725584738537544605797086920704
2,273,546,20,const,87265192306785535551199991537717824823463674726068559957928706048
2,273,546,20,bucket,43640610422389630248874528862814525131360466280858851533270286336
2,274,548,20,base,204534788811562806060582788148426419138693710793388231312604659712
2,274,548,20,const,102276714267368652324427361315991958462705194933023482783792627712
2,274,548,20,bucket,51147676995271569610343098576163055309971606137709029895656439808
2,275,550,20,base,239576219865468298408353319504252773544209765030494314105824870400
2,275,550,20,const,119798941933361881727891076612771233753457506771772836723482951680
2,275,550,20,bucket,59910302967308696771686152461477155117038701102940412527232679936
2,276,552,20,base,280454665765254707316396791987584018855293383580675571916161941504
2,276,552,20,const,140239915280132834025653556370886496837204725912008277696318537728
2,276,552,20,bucket,70132540037571862304242642620867698939724411886882158844015804416
2,277,554,20,base,328114932065188168707110679152300286412118281420910986163996590080
2,277,554,20,const,164072073517984756192172184589444987376322842365692526737768841216
2,277,554,20,bucket,82050644244383061626716035955240683487903784568347454272115310592
2,278,556,20,base,383650339885235206140627437017823192887746822440123076009261006848
2,278,556,20,const,191842119043219152978804742827646144629099078168050774987520344064
2,278,556,20,bucket,95938008622211138089906494379780966129253867762278781724110356480
2,279,558,20,base,448325382810041985196154740629323511586613118877167328513964900352
2,279,558,20,const,224182346664204726683925688748414334828258021256109262968203509760
2,279,558,20,bucket,112110828591286050659758768219066363931165825524523601205481439232
2,280,560,20,base,523601736017050374639076043293533788542825007998566766127708372992
2,280,560,20,const,261823649050105452230754899038326552323114304607273253573161385984
2,280,560,20,bucket,130934605566632897490489537732936169177429659069513239316205142016
2,281,562,20,base,611168098319110911291172596339168317784213577767671958508312461312
2,281,562,20,const,305610438759505199068299045352055851036198004777784490472129953792
2,281,562,20,bucket,152831608979702389724914664447393000180104865203897385443880075264
2,282,564,21,base,111124964797997241615818952816826202543920667166518078615935898353664
2,282,564,21,const,55567280500830956672558527279407713684889982136651357236073026551808
2,282,564,21,bucket,27788438352247808214617608003320116293081564815822748035441894621184
2,283,566,21,base,130552379706047797599743174913181060664828289850679239419218339299328
2,283,566,21,const,65281784270177949078803810650077233327193449588468400608447188434944
2,283,566,21,bucket,32646486552243012845712715503768613733789879845572484181662220943360
2,284,568,21,base,153286071254034123945160145024235827518682986679179207348191190056960
2,284,568,21,const,76649554872967294140194732939770166347078873553340584242469857656832
2,284,568,21,bucket,38331296682433855292469200868023923912104517766840278646810407337984
2,285,570,21,base,179873503553106220905004125834006304489504111844605029293659659436032
2,285,570,21,const,89944344520952063543297757604470266102748230679842655564824049614848
2,285,570,21,bucket,44979765004874972889823160474945540984784140485670971679006852644864
2,286,572,21,base,210950291165476062276527376357010813455519616251386460769712894640128
2,286,572,21,const,105483983721841051980698680165523414678265978209117152581131335368704
2,286,572,21,bucket,52750830000023558805405745084536421214225308799772995508239947792384
2,287,574,21,base,247253993216740465843158634057792496553129339330054687468856530698240
2,287,574,21,const,123637278789443710215310943995055720866597039101385283880739802185728
2,287,574,21,bucket,61828921575795368319251338007957450797089337822422073150879614107648
2,288,576,21,base,289640004023781617754478609333687854136242504410198736365475841703936
2,288,576,21,const,144831957676712624688986053227231230626464853644535624177214824644608
2,288,576,21,bucket,72427934503178080265754123114976095173231429814542079997486747877376
2,289,578,21,base,339099849522758749035971284792573124465784212666252812883154054414336
2,289,578,21,const,169563818782990612804538767870844153093469140500784665827941678055424
2,289,578,21,bucket,84795803413106556661443922424736373331897754029841089321734881935360
2,290,580,21,base,396782243038437090381210516266088119911965227014199183812482715090944
2,290,580,21,const,198407259516355839085407735176214932103034349392815935981255435223040
2,290,580,21,bucket,99219767755315225410127757646035044123155060193914809087041187348480
2,291,582,21,base,464017304331165159991504930298946473966786216893259714277922368913408
2,291,582,21,const,232027386590865170907975337146443952108898314451742216763088161472512
2,291,582,21,bucket,116032427720715176366210540570192691179954363230983468005671057752064
2,292,584,21,base,542344403215806709493262898027341146612722795285528689172718425210880
2,292,584,21,const,271193938719053827821005531674652470524588708325504013615723557421056
2,292,584,21,bucket,135618706470677339094391196439281308782177066398329687751628555288576
2,293,586,21,base,633544154299664899173179617373597998561871236658490463808224199966720
2,293,586,21,const,316797284988167685592851234044849356090529495434962333743325724540928
2,293,586,21,bucket,158423850332419078802687042380475034854858624823198268710876486828032
2,294,588,21,base,739675163586366981910296131147132470797050631646637370849493637922816
2,294,588,21,const,369866799310559021655007889970852106947993271144802427969663771082752
2,294,588,21,bucket,184962617172655137308335073500765572420153787788208932700943974137856
2,295,590,21,base,863116212028113560036377387290288621568488274238922343595809961934848
2,295,590,21,const,431591953508626388956331219705611426859708421246822377209919912804352
2,295,590,21,bucket,215829824248882851306793787972299653203663093197934382102572456476672
2,296,592,21,base,1006614656920597805742006765319387722054601554532818947243801162285056
2,296,592,21,const,503346519503159783339782289751124477597786246132220142239503205007360
2,296,592,21,bucket,251712450794440820029155704026019679067723190379082727822951794606080
2,297,594,21,base,1173341940836033910976335340185582964677665821543904212121727965069312
2,297,594,21,const,586716325477362680859181670974400279272131790763025634931073727070208
2,297,594,21,bucket,293403517798027065800604836368808936569364775372586346335746608070656
2,298,596,21,base,1366957221285772830986340688631457029325922150653144275642118320422912
2,298,596,21,const,683531072640048404074003494972078136816301087106787952652658803736576
2,298,596,21,bucket,341817998317186382179777506378495985354868949122257743500319318343680
2,299,598,22,base,254468254752779063904511405488771748731713970778577788317967601736089600
2,299,598,22,const,127243893243188342972773988922114111618194931388308560488667711291785216
2,299,598,22,bucket,63631712488392933467047972930341825594330542883280070774365856194363392
2,300,600,22,base,298278229985249151375114652478218103887588907804954936923716811359256576
2,300,600,22,const,149150480758015925817257243867647914005096662177802219961642722764259328
2,300,600,22,bucket,74586606144399325298292866489473685930626756566699330430518655935578112
2,301,602,22,base,349439597177472821148979518715872450308411710183302155352391031770316800
2,301,602,22,const,174733019464003378961266393509176900662383080613090586905764028680765440
2,301,602,22,bucket,87379730607268682387338484760050859572921200232931740582276482073624576
2,302,604,22,base,409154107446596028468554044876342609001502902216900116458526485296185344
2,302,604,22,const,204592424538747470849460305970418218864033541633636135102195010249949184
2,302,604,22,bucket,102311583084823228819806417298788624395627512949424551273768205133283328
2,303,606,22,base,478814800549665238769809826521834674128671792301488675465942428177924096
2,303,606,22,const,239425261462030915547796638962808580720988413794327177671333570232188928
2,303,606,22,bucket,119730491918213802976647352891739001484251593350640304573681051134590976
2,304,608,22,base,560035637105566537929680047639451198698404801139131620945052493529743360
2,304,608,22,const,280038563004856261585218231018594094887449175166292602767406052711333888
2,304,608,22,bucket,140040025954501147932915976562387276715523796584820031578408787239763968
2,305,610,22,base,654685595585934539891486675563888516345971678795092913616679443865010176
2,305,610,22,const,327366878728170644049937962730252902705624827778538607061055182685077504
2,305,610,22,bucket,163707520299288794208878221730322030819661139890049205382546871845650432
2,306,612,22,base,764927888019151279036888519996065026741288360020028746241370311714930688
2,306,612,22,const,382491883980675906226287489114622934919451451359201751397915585545240576
2,306,612,22,bucket,191273881961438244340915627528123622742085431433735191876014177398030336
2,307,614,22,base,893265041403009412603736633335082019363040028234629692331595514125484032
2,307,614,22,const,446664921913170572098695127215669392928317101476438478057933071869542400
2,307,614,22,bucket,223364862168251348005603604989736949579375113336918374119709490242650112
2,308,616,22,base,1042590697727904774715041442508788596738535015401394332304888044942524416
2,308,616,22,const,521332904982652210670202045569455121826236652751817971464932440693276672
2,308,616,22,bucket,260704008610026075767354270225118786771402077856711418443910368194461696
2,309,618,22,base,1216249105996504067351593579382449802384215772118735687872042703838511104
2,309,618,22,const,608168062664415109056350858825568426242771916970794391930957603071328256
2,309,618,22,bucket,304127540998370580868872190838684270704945120586929868160763142812467200
2,310,620,22,base,1418103416634568337158744355763076326120438889254838942277488243787169792
2,310,620,22,const,709102090598107309832634787942209117493644592036076089469652193788297216
2,310,620,22,bucket,354601427579876796169580004031775513180247443426694663065734168788860928
2,311,622,22,base,1652614044419898119592346106007327434171528987203722711279340039048265728
2,311,622,22,const,826365334263643631713254316503806478183262250120629722846697089715404800
2,311,622,22,bucket,413240979185516338733851114043602532722024012769189352830723705173704704
2,312,624,22,base,1924928542994876336650009848603878623632771946477289329385962427853570048
2,312,624,22,const,962531728756395559787429446437593105301062147504081547546996220975120384
2,312,624,22,bucket,481333321637155661754712322438885020806255936116416414624032216288591872
2,313,626,22,base,2240984634974542192193007451634765921381290212487058563333410711375183872
2,313,626,22,const,1120570316709142211871352883196939450036022497963659946154563257851969536
2,313,626,22,bucket,560363157576442417869954829811800084231808115941536140763747170591440896
2,314,628,22,base,2607628269777271389976394638720360590187265636355169618839485017896255488
2,314,628,22,const,1303904280471257464079784685792905790836448216745028003396170374981877760
2,314,628,22,bucket,652042285818250599211194324746065326095249244559744947273816873275228160
2,315,630,22,base,3032748840153054819864082448266219711709236381694088647016599888297197568
2,315,630,22,const,1516478554085717798202970425226388628669463501177122648612111773018882048
2,315,630,22,bucket,758343411052048895053555952038925347412738110439488643012652436377567232
2,316,632,22,base,3525433981982576657858263905048575727623189863541284724702440256467632128
2,316,632,22,const,1762837227410498654335456731347678910017589295932488189529216250797883392
2,316,632,22,bucket,881538850124459652574053144497230501214789012128089921942604247963009024
2,317,634,23,base,674619481979985468323495352498975811437278258089736375975491472696803328000
2,317,634,23,const,337332748575204980332615153586249969893126046961703270592585534302712758272
2,317,634,23,bucket,168689381872814736337175054129887049121049941397686717901132565105667473408
2,318,636,23,base,788761857522684098254511290306365701579036627012605464369408679835298955264
2,318,636,23,const,394407648690867860952492045472386330846505635889084388026859015150283784192
2,318,636,23,bucket,197230544274959742301482423055396645480240140327323849855584182807776198656
2,319,638,23,base,921748799407869011940385795909013096476459281950506416651715734894410727424
2,319,638,23,const,460905415935482826115738204160064942947071095697973557671893051598685863936
2,319,638,23,bucket,230483724199289833637042174472483087555007773894369785819668821375375638528
2,320,640,23,base,1076614792998264215770287207308036838639719408936388228031148344803961339904
2,320,640,23,const,538343382498237487544859503881919904130017728305937612973165608312013586432
2,320,640,23,bucket,269207677248224073215331769075415326188851502329380976625330684353763606528
2,321,642,23,base,1256870692524614177671415624982260163005829855785315010877823602493164093440
2,321,642,23,const,628477078364213864814609412877300662401270215845961368185328374993517543424
2,321,642,23,bucket,314280271284013607952578540637928690726359624553621889201393649819142062080
2,322,644,23,base,1466576591565164372371193133048895770037234025368772207360215472265767157760
2,322,644,23,const,733336668495781652631189902846960768554266165019587523034357726663504035840
2,322,644,23,bucket,366716706961090393194816053932885489185413006167657838509115965286924681216
2,323,646,23,base,1710425550039792023781642524206173594760290338425551502580784001573648859136
2,323,646,23,const,855268818545809525180501149317322643819911436429357012244150539431448674304
2,323,646,23,bucket,427690452798818426530372111153235500408668142415253753532364475497176891392
2,324,648,23,base,1993839752172052064856735766276431038153885962082898049652724084595778125824
2,324,648,23,const,996984776367056888663754071624381301856687891657986355565946635993135185920
2,324,648,23,bucket,498557288464559300567263224298356433708088856445530508522557911691813715968
2,325,650,23,base,2323080892013206792392387049203873517325639367881891974411650384748987023360
2,325,650,23,const,1161615567657550182006769352370606930858872638529348316489260532822215491584
2,325,650,23,bucket,580882905479721876813960503953973637625489273853076487528065606858829725696
2,326,652,23,base,2705376835737322049515700768335450610487849237017555343847348986971454177280
2,326,652,23,const,1352775330394953808274463311333750077163403222469101463650738594824104968192
2,326,652,23,bucket,676474577723769285919333518085330925010657129904223893001684953052221538304
2,327,654,23,base,3149066897068109938427185893849239716038348238435756101765527885525962194944
2,327,654,23,const,1574633956295156147460792693210731143503495725955330636252638925510613663744
2,327,654,23,bucket,787417485908679352411223859078369078608700241037780561133881556927491604480
2,328,656,23,base,3663768388474508357754206011514932949096257900678317146597914513916775366656
2,328,656,23,const,1832000370675730798677218647719606195362016389719449769590718105373183574016
2,328,656,23,bucket,916116361776342822607747095317080589475941804821317342188616792497805328384
2,329,658,23,base,4260567481353234776207185279593145466943181299989484490087285147390959419392
2,329,658,23,const,2130417967403718497189794838190032149767509156349364345338537119306137731072
2,329,658,23,bucket,1065343210428959554212077487993337720198626913948003011862666213867309236224
2,330,660,23,base,4952237829148848715195488439962146469953180038129276597573962938755231776768
2,330,660,23,const,2476273925982572313717788413757585489892025202449228693928204531800505057280
2,330,660,23,bucket,1238291974399433912111682868281520557116186241963879426829951105474037284864
2,331,662,23,base,5753490884840507203754151089730039897606747394748222085485910386646861217792
2,331,662,23,const,2876924376582867889209756302968664380671927485283453208394749607410520817664
2,331,662,23,bucket,1438641122454047227601281247719054408478209817324442193472298103546828554240
2,332,664,23,base,6681262385887278178240539584702437722290996381841657268745058490098189860864
2,332,664,23,const,3340837649664408876731868634927866463504990197353893931081855445032994078720
2,332,664,23,bucket,1670625281552973824243022095293011948621464019819361631699505476802187362304
2,333,666,23,base,7755040093954837889516733064216572639895831241711021549053236044690060476416
2,333,666,23,const,3877758153966129291795693761759194124696641685199251364693620274808366301184
2,333,666,23,bucket,1939117183971776599873218369520780409059139248105968794716806172660354514944
2,334,668,24,base,1512418869879138134160711447350622830524856533629831467283067197307546471759872
2,334,668,24,const,756255870428579089072580673862706209840757153584097731432251738067695323578368
2,334,668,24,bucket,378174370703299515106497870831059082155920508644027582796348207398399019843584
2,335,670,24,base,1765157741110873420959018257327125946430759038605454992142563277244935669022720
2,335,670,24,const,882632720840171344479648900993545526285874181950156752092590959171296758333440
2,335,670,24,bucket,441370210704820511928033887977510585584579573291320754909588004331960221564928
2,336,672,24,base,2059150991914648786672941106183049549824099573191477739960068966730724821434368
2,336,672,24,const,1029637916572441055696696581957196665068711580125116802826485148090673378885632
2,336,672,24,bucket,514881378901336984520504654693514953319869763923123211417710034573164739035136
2,337,674,24,base,2400973532262051702756914708003086070901971705558385018891315901555156877049856
2,337,674,24,const,1200559088285904128784955802292936891644231238492930611574249713295249022910464
2,337,674,24,bucket,600351866297830136110906684287107032644213185291390285073733414967812177264640
2,338,676,24,base,2798222969904393152066947418134206333988016702260164270789265392553375807045632
2,338,676,24,const,1399195241573118404067815325351489107160267334088398135600141292230435691036672
2,338,676,24,bucket,699681377407480824380179613809375224375244830333701945163596037871482714456064
2,339,678,24,base,3259674795626050667296169105906776485253320039918208088189274249171798117580800
2,339,678,24,const,1629934353347859658231282214282036214955763392190663952458359410633821252485120
2,339,678,24,bucket,815064132208764359386908433620421349178132887995705007434885195562315738513408
2,340,680,24,base,3795460529901205511677062513889210212020204851298999016171230346323313511366656
2,340,680,24,const,1897842449465522466397247102392710507277091330496532086061057903767236858871808
2,340,680,24,bucket,949033409247680738069269731493705385534386750426485498163988478291715614048256
2,341,682,24,base,4417272142121868785284239818967460929407172984709907603679557493257769102344192
2,341,682,24,const,2208765819231249268190691735574592909057096449992813702609138530533751700586496
2,341,682,24,bucket,1104512657785939098267778363576648360139762543296640506389962640776777162555392
2,342,684,24,base,5138596518699892637522482172139269347406762893734780136877708110980664245878784
2,342,684,24,const,2569448255029374137794787915356735026995160785570133697240821475564046663024640
2,342,684,24,bucket,1284874123194114887930940786965467866789359731487810477422378157855737871597568
2,343,686,24,base,5974984285095661299398376378589569314158278569633128615456417704927432156381184
2,343,686,24,const,2987665469693675691269336433803671792336285862575660181003549787950429679648768
2,343,686,24,bucket,1494006061992683092892886126561478300796437328715739086619099033659411359858688
2,344,688,24,base,6944357887657427396928329345636710433675799743224512456427100993033012630257664
2,344,688,24,const,3472379144665936344849974343940601766001377139477746459484956524078364878700544
2,344,688,24,bucket,1736389773170190201746587847640281624050722378597924092487934677008592247193600
2,345,690,24,base,8067364523629771153776969877109474905166837074291309725412778022452694293151744
2,345,690,24,const,4033913403241465107761348580480515330637555315181944001717781735816371661438976
2,345,690,24,bucket,2017187843047313318881955923070567159599801353640139876922182817683107857039360
2,346,692,24,base,9367780282602672237548651613918026674882729921625029826173976863395123661111296
2,346,692,24,const,4684156890672506369075340911645604725292686182538854747563311571476381832314880
2,346,692,24,bucket,2342345194707421789334128239303351595528481755645262225522113291937147569307648
2,347,694,24,base,10872972742207925325497186901151416593840139219020172786613433250995709497311232
2,347,694,24,const,5436794082685732622900206077937068613348253808910490601475464530741658642284544
2,347,694,24,bucket,2718704752924635860225576336028384084360015464518023263222513762219667377618944
2,348,696,24,base,12614430258772252702652512646916495666672539653871073853699797800553383811088384
2,348,696,24,const,6307569942941452247282472984235030110953380220987706133178745273315706504478720
2,348,696,24,bucket,3154139785026051608221313822592786794351504865208396027234252601301902014021632
2,349,698,24,base,14628367325408251281827520431169766589376348576259723570341182279516037861867520
2,349,698,24,const,7314592615870439700305104104221570843988284664924452637752776805352875615059968
2,349,698,24,bucket,3657705261101534320920035271048983510036548348594443417142540476666260328808448
2,350,700,24,base,16956416653141010223534457414086271893806664704279625059380468920841096788967424
2,350,700,24,const,8478679482908178185364448555922286318436385739568954596113704377091518707531776
2,350,700,24,bucket,4239810897791761343527165466237272453266654978538366873112389288426797992509440
2,351,702,24,base,19646420084824742317418642211258044110801251932389501539012482818639634999803904
2,351,702,24,const,9823752637253057234202078413781573886071087213829707474587726831299826821365760
2,351,702,24,bucket,4912418913467213869841517854440317696221413575874557951007416020839991057842176
2,352,704,25,base,3920554241715423809842316476613971706520799608568058099430972013814898793365110784
2,352,704,25,const,1960385396450058988148729141471294372758641307053136390569372483279999824639819776
2,352,704,25,bucket,980300973817376366677352136785582310041506788954810898348381916914327831655219200
2,353,706,25,base,4566292870027132895438827472526959836001137846003527916259210209116514095961473024
2,353,706,25,const,2283271782660776220852852772827586801917486960564632006283950665623198335640797184
2,353,706,25,bucket,1141761238977597041061532074520406701531440048481725500135557689483650420992638976
2,354,708,25,base,5316018472108007252529766138179164760451182126420604305389047482781593123034234880
2,354,708,25,const,2658154285530852763481919308189242654222190490286323509235177038156395562169008128
2,354,708,25,bucket,1329222192242275940207162567423028392779805406900912386738623418040241798980304896
2,355,710,25,base,6186097370531395747113668560090966169847587581379493571277242282357593450441867264
2,355,710,25,const,3093216461943078687029264604501687937157665966616260799021024075512023193841827840
2,355,710,25,bucket,1546776007648919735737895952478302029140594424552915137312533369892793048297897984
2,356,712,25,base,7195412426591478406720839199120630288311956578194044826392259810693983178082746368
2,356,712,25,const,3597900196230700678063582289502544326096329510432626500389774255700044424320909312
2,356,712,25,bucket,1799144081050311813734953834693501344988515976551917337388531478203075047439990784
2,357,714,25,base,8365740925282578195463619879014316462772793852793135152731741568425652497546215424
2,357,714,25,const,4183094650989993007902634240711199312563808796714292325160853135263304755833733120
2,357,714,25,bucket,2091771513843700414122141421559640737459316268674870911375408918682130884977491968
2,358,716,25,base,9722187850698623586971166670395058000805224355505877384973008169194742507479498752
2,358,716,25,const,4861352914265863746382591956784251131755309886585281803247008476615442397287940096
2,358,716,25,bucket,2430935446049485932334137971122581655590906325533630390285916641308017428411711488
2,359,718,25,base,11293682473875587541499744250040175126195914167559775227605047362293485614252687360
2,359,718,25,const,5647140304280351366183857898548575076226443732101479409982187532784766290472468480
2,359,718,25,bucket,2823869219482732857276748048574028259569597779690602225590376015833961611338448896
2,360,720,25,base,13113547280100638490221038590924952292765533370075136264241449984617812170490511360
2,360,720,25,const,6557118845395268918092004213500907676053156743764976549940520808816017427008585728
2,360,720,25,bucket,3278904628042584132027487024788885367696968430609896692790056220915120055267622912
2,361,722,25,base,15220149517958894985472968103349765529066439896564647812751292975587635332122673152
2,361,722,25,const,7610473056647659787074716987502286458086008626744173810596680271270298219020550144
2,361,722,25,bucket,3805634825992043030373924778036040505940014461197395360680137123504519696957308928
2,362,724,25,base,17657647077786133773402249477266934961397394187850080050842577623402366555113127936
2,362,724,25,const,8829282906922170761284335099815528037894124458227841013415224577787653394823905280
2,362,724,25,bucket,4415100821490185885232044517259850242765603715962887290058495237408736676728012800
2,363,726,25,base,20476842025215060068747279287696940676791666621738806037625338030424162540642631680
2,363,726,25,const,10238950599864338934141601734003882154520271386442669058275954294409463835509391360
2,363,726,25,bucket,5120004887188976681842096260242365726696130830067683466279736017616334413967130624
2,364,728,25,base,23736156951505282497294003962505119153521459123125787742821054036064947245533888512
2,364,728,25,const,11868688769674261234882249740139222566503446204942504427198158044984986377811656704
2,364,728,25,bucket,5934954678758750603676372628956274272994439745850862769386710049445005943950540800
2,365,730,25,base,27502751384946963794806701972788773067873675147758675110968238741833149851960868864
2,365,730,25,const,13752078710258294283886687916701111846082111999123932790711465606405907615099912192
2,365,730,25,bucket,6876742372913957843430014191742294068497887486079644528261552629906506427693793280
2,366,732,25,base,31853797869095181762277622218738198510558789384485783118970842784474077108923006976
2,366,732,25,const,15927708440993543885923180997625448367338526401334413018517683595074582439027277824
2,366,732,25,bucket,7964663726942724947745960387069073295728394909758727968291104000374835104079413248
2,367,734,25,base,36877939990310882394317371003975594234537226222937902724808359918530964261531811840
2,367,734,25,const,18439901750768056444026431773003001124681499355083898953207089478074895707196620800
2,367,734,25,bucket,9220882630996646838874295551346678903130521798610731272049507075418421567980306432
2,368,736,25,base,42676957670060538862104597922875342116125317942432805160544941947759074472827551744
2,368,736,25,const,21339550878502806150099457919458507676418986838940741950934910500860002390469771264
2,368,736,25,bucket,10670847482723936424103554523920116123188935409740876141486841959838906211339599872
2,369,738,26,base,8650152335437359795918337962086123882937390195391966314510998216943301982587522646016
2,369,738,26,const,4325293455044745027028690869325398647887923993213591333130898212458749376145716674560
2,369,738,26,bucket,2162864014848437211224720648534799315690949499810313064246537449567313375267049701376
2,370,740,26,base,10060397192917666822220942858856087946817558390325138282349613176131361990284719161344
2,370,740,26,const,5030449852587664341999482667072058735196856152364588997474344680834419206435360473088
2,370,740,26,bucket,2515476182422663101888752571180044129386505033384314355036710433185947814510681128960
2,371,742,26,base,11695628509188408102690683689815444467774733306079584555042401879582084836504895488000
2,371,742,26,const,5848104672388318503732284180089366725847897418850447656842700358997700325884553068544
2,371,742,26,bucket,2924342753988274566971377774046801284228962259864060764131471120003827465889909833728
2,372,744,26,base,13590958516460097550305331737900023027471042196834875335542213778287047949422371536896
2,372,744,26,const,6795814806532575270457031010551474194989982941149348384865942197826315961258777509888
2,372,744,26,bucket,3398242951568814993251173995697673208093936097934766465916427928894269362492508471296
2,373,746,26,base,15786857953855152814574844843535773433104174143285721849185058714948958386728361525248
2,373,746,26,const,7893816513865491815095402023254629087564776716435909679722505468379189371917909884928
2,373,746,26,bucket,3947295793870662178073973961934530344139560787639185151379850366392624259828212039680
2,374,748,26,base,18329955439814459229008284038313665099818637608565084374067463060488654508074796580864
2,374,748,26,const,9165425122353209395377363317790856338763900407596658262953161360520835273091459317760
2,374,748,26,bucket,4583159963622586203998489655170398816925497376368808320173253553133564446230846636032
2,375,750,26,base,21273953365570289884655604321838701868309569369637260384744441421024922023567116206080
2,375,750,26,const,10637492994227853047530470511634310781345088681829594655740197369542441117074747031552
2,375,750,26,bucket,5319262808556637217122783652993535525896296691810306460403939907696158849775146369024
2,376,752,26,base,24680676899152776096089232399082780987639390832214274558160647489348546850370743173120
2,376,752,26,const,12340934048954750604746940509871956362459393840411744060973577136742870435449211453440
2,376,752,26,bucket,6171062623855737859075794565266544049869395344510478812380041960440032227988445593600
2,377,754,26,base,28621274995338386646774922866734605056388683176234732138504989742615842181339578105856
2,377,754,26,const,14311324292072381478038732999557222268468147644311042248829830928859326415560444477440
2,377,754,26,bucket,7156348940439382344543811461250424591885811016861923529546737607174346113932989562880
2,378,756,26,base,33177594925684357047919774182628592081517355674103157910915113141875341551331960684544
2,378,756,26,const,16589589107369038107275939568290115235659190275415338109337183120101197817474258567168
2,378,756,26,bucket,8295586198211378636954022261120876812730107576071428208548218109214125950545407508480
2,379,758,26,base,38443754815709609882927059535777485813979195132468079411871555974423876057335309795328
2,379,758,26,const,19222789556370011347449803587585633711873143449469412703943351139252715928713852616704
2,379,758,26,bucket,9612306926700205177964828822925920226064255330944626898870276551280580701878900228096
2,380,760,26,base,44527942050106233856032393347385046510915976658052433256888628840592529483760312254464
2,380,760,26,const,22265021616079256200771628187096079129281052179980858705281658574482308844110091386880
2,380,760,26,bucket,11133561399065774274887592397515382873219452217970523880587145611813753686809204752384
2,381,762,26,base,51554469234331558120130823070785196433071768094933967658087490214604267852033888878592
2,381,762,26,const,25778444199718261053304211675636844144774273664641385842711317839371083550989179944960
2,381,762,26,bucket,12890431682411609069017732582780774283247595310982368709468745566561213819204713578496
2,382,764,26,base,59666123741538583218500907109585103569308917186920114831373000650729861072538145128448
2,382,764,26,const,29834453975582544287961824187310683031640490875736566474114556505025683144789320531968
2,382,764,26,bucket,14918619092604528273565456121455366480184208858657518521039820517366871762177020133376
2,383,766,26,base,69026851794658642708930221841412708533002984487965884844680553550286889383353550635008
2,383,766,26,const,34515027459648392526017894085296756665297737930190816461453569380003923964322627190784
2,383,766,26,bucket,17259115292143260532815383416674993296689252374277829818731105124475886092282941669376
2,384,768,26,base,79824823610219671489025072140665757137394537712929480757768990796072898902487856054272
2,384,768,26,const,39914253646040758896129484451007701442721815729575455459213003205059981272863805014016
2,384,768,26,bucket,19958968663951292247062170420332992443251661322360264133271551153973689714265443794944
2,385,770,26,base,92275932448449405554500904450020890243290816971567460126651730178690887825400564547584
2,385,770,26,const,46140083598562890928803670663679201322345308079617063901990041718439320269476409114624
2,385,770,26,bucket,23072159173619647419447747351635931731384278187692770691877141829086646816562778996736
2,386,772,26,base,106627787569470501204546286088718466401111873983826385598588064022651352899782797426688
2,386,772,26,const,53316327004236296278280879012321677238760454109935648358076402005747360383455970983936
2,386,772,26,bucket,26660596721619190364275002078841388940206813034477553512266084912102086544030445862912
2,387,774,27,base,22037327145958420093825649556774233563836825216377826301815513264154548113429635612540928
2,387,774,27,const,11019166450553441180116642156089244745384039506175301956158566482714069545140508164096000
2,387,774,27,bucket,5510086102850949956415073677362420752860145908155523955846196216374872139389743147253760
2,388,776,27,base,25586274752897070611416565107743155358767761010700448008087703198365234140588724486930432
2,388,776,27,const,12793718032212359621380302770307067933017685303005593127429239596324007600461433242910720
2,388,776,27,bucket,6397439671870003242938639212396859428493897077698907773358059357493915269594686974590976
2,389,778,27,base,29694960277826572630849224469973538449969105903544804571816947489692881082768410984579072
2,389,778,27,const,14848150346480735839734620173631959999440193578135648354499897420044619296262189167411200
2,389,778,27,bucket,7424745380807819211024382803845500357473238158349586073325269260839446524615279551447040
2,390,780,27,base,34449815640205111004468542696521746013882883360783989346457054370486856045775245035962368
2,390,780,27,const,17225681096768176395233967488106334355657590667403560348210970909701038923138651046019072
2,390,780,27,bucket,8613613825049702023228420770361310193354941349039282539152341676832297875395548880568320
2,391,782,27,base,39950335139341361259111123959334177976426794844425984104485800583977531002745322760830976
2,391,782,27,const,19976059428973774926873598395208894401373691229152548259446681171802669129155674904723456
2,391,782,27,bucket,9988921573789987061296029948299241363739641650271377819378812092572112557179454854529024
2,392,784,27,base,46311006879707671312504274657146278578784714716969603616905043899537148151298295955718144
2,392,784,27,const,23156531679908012843518230005408898635203835121283949722227174948764404804567491030286336
2,392,784,27,bucket,11579294080008183609025207679540208663413395323441122774888240473378033131202088567570432
2,393,786,27,base,53663523504463785441883287754737235276164712384299815473452915129026221765419374099824640
2,393,786,27,const,26832946784769311481150210446643483555328488390041639783279527461108774585273044720156672
2,393,786,27,bucket,13417658424922070967089542235827948528315374907075520283225039875912134751987477445083136
2,394,788,27,base,62159311726177914830929490615379885654939469655026581269595744115074895798651922237358080
2,394,788,27,const,31081021088838037936379909438434037867508109668815961122679014969880368179962717094805504
2,394,788,27,bucket,15541875770168099489105118849961113973792429675710651049220650397283104370618114523529216
2,395,790,27,base,71972425599857656267196589344439624279889210511153011278999615060503907737457320884436992
2,395,790,27,const,35987785036701482480571984327509266098542753974456689568143701278087878945046373297291264
2,395,790,27,bucket,17995464755123399120953811375812746174464527191945560367683538138117780792053302088957952
2,396,792,27,base,83302854675958171559066209180857159770014040611535464583518259288872123512858922004250624
2,396,792,27,const,41653237308700704993126398845952692296787791708535602184021589380556815724796873464086528
2,396,792,27,bucket,20828428625071964642768234564963140226984664285361607674337666923923329344341044023525376
2,397,794,27,base,96380305197077738768921553478868989716166800756935693715526510673346572161218156529975296
2,397,794,27,const,48192235487423986968350328750813442960709023517815137174668228077387148217526489792380928
2,397,794,27,bucket,24098200632597111068064716386785669582980134898254858904239086779407436245680656423583744
2,398,796,27,base,111468520471123599543550286552372199053739198995907602705933020180758036069645947154464768
2,398,796,27,const,55736656321735019074757931907681328094424696932970422683801143456801829781840525317373952
2,398,796,27,bucket,27870724247040735907750013698873210947957448873175895982670792597299559124362619569307648
2,399,798,27,base,128870215589429490046318107092129245439497177357071215105100392726014264275036461535854592
2,399,798,27,const,64437863173816134386023101062191034524708632923208503820525317354752434085076151423729664
2,399,798,27,bucket,32221686966009449488487338933684610734124357734603084868302192166645686503671191197188096
2,400,800,27,base,148932711900035395351669081558910235845682801025135730849328682897033405142438395449966592
2,400,800,27,const,74469523355733034076420954352968262669407268889420503522968128178674046095444755458555904
2,400,800,27,bucket,37237929083581867573573408977071912747649508764911016479659025824446031544797545803808768
31,10,20,4,base,33798813116
31,10,20,4,const,6496750976
31,10,20,4,bucket,8699121498
31,11,22,4,base,73961958450
31,11,22,4,const,13917263520
31,11,22,4,bucket,17956258935
31,12,24,4,base,152879201392
31,12,24,4,const,28277272597
31,12,24,4,bucket,35347227042
31,13,26,4,base,300812196820
31,13,26,4,const,54864912289
31,13,26,4,bucket,66749284264
31,14,28,5,base,8192507129244
31,14,28,5,const,1476834149592
31,14,28,5,bucket,1755387013010
31,15,30,5,base,16472568636226
31,15,30,5,const,2940924838996
31,15,30,5,bucket,3425984640831
31,16,32,5,base,31868810454694
31,16,32,5,const,5643532850314
31,16,32,5,bucket,6460537800049
31,17,34,5,base,59564326066733
31,17,34,5,const,10475165652338
31,17,34,5,bucket,11810459168253
31,18,36,5,base,107923286559216
31,18,36,5,const,18867210888756
31,18,36,5,bucket,20990509649287
31,19,38,5,base,190121999065230
31,19,38,5,const,33066969837510
31,19,38,5,bucket,36359319894575
31,20,40,5,base,326470097948227
31,20,40,5,const,56528321464186
31,20,40,5,bucket,61515883455020
31,21,42,5,base,547658615983252
31,21,42,5,const,94457470571797
31,21,42,5,bucket,101851077163410
31,22,44,6,base,19583855087423028
31,22,44,6,const,3366134103782148
31,22,44,6,bucket,3600029068039362
31,23,46,6,base,33820353436040104
31,23,46,6,const,5795525126136118
31,23,46,6,bucket,6153045302697724
31,24,48,6,base,57216193651199576
31,24,48,6,const,9778279784936624
31,24,48,6,bucket,10313590701777796
31,25,50,6,base,94966716233558288
31,25,50,6,const,16190868415582284
31,25,50,6,bucket,16976680101929036
31,26,52,6,base,154852266613544448
31,26,52,6,const,26343923377585880
31,26,52,6,bucket,27475617809838000
31,27,54,6,base,248359107628056800
31,27,54,6,const,42169799485410208
31,27,54,6,bucket,43769500939653920
31,28,56,6,base,392220372570293056
31,28,56,6,const,66480201791536408
31,28,56,6,bucket,68700196510365808
31,29,58,6,base,610511609305464320
31,29,58,6,const,103316268754930496
31,29,58,6,bucket,106340840692155760
31,30,60,7,base,26191841808882868224
31,30,60,7,const,4426052011001080320
31,30,60,7,bucket,4539044513984807424
31,31,62,7,base,41883848077716742144
31,31,62,7,const,7068519140152478720
31,31,62,7,bucket,7224820341863744512
31,32,64,7,base,66084471338271318016
31,32,64,7,const,11139403342344302592
31,32,64,7,bucket,11350915034718038016
31,33,66,7,base,102955435904422395904
31,33,66,7,const,17335492675777075200
31,33,66,7,bucket,17614993683781920768
31,34,68,7,base,158487278405799116800
31,34,68,7,const,26659052042069094400
31,34,68,7,bucket,27018695333795205120
31,35,70,7,base,241217819753575940096
31,35,70,7,const,40537590119519977472
31,35,70,7,bucket,40986168258788679680
31,36,72,7,base,363201469611529928704
31,36,72,7,const,60985366272788881408
31,36,72,7,bucket,61523723034031087616
31,37,74,7,base,541306609778514460672
31,37,74,7,const,90819472566798532608
31,37,74,7,bucket,91433196554033348608
31,38,76,7,base,798939094943490899968
31,38,76,7,const,133946776434948292608
31,38,76,7,bucket,134594994024969879552
31,39,78,8,base,40325142537839275147264
31,39,78,8,const,6756166748308375601152
31,39,78,8,bucket,6776830213295923265536
31,40,80,8,base,60963894379830778527744
31,40,80,8,const,10207602915950532231168
31,40,80,8,bucket,10221915635043885121536
31,41,82,8,base,91312572487931248246784
31,41,82,8,const,15280132367957941551104
31,41,82,8,bucket,15277980463588582621184
31,42,84,8,base,135558796946641619255296
31,42,84,8,const,22671846011050928373760
31,42,84,8,bucket,22636011434197773189120
31,43,86,8,base,199540333330288831627264
31,43,86,8,const,33355554854303696945152
31,43,86,8,bucket,33257954980285617537024
31,44,88,8,base,291336950378597848186880
31,44,88,8,const,48677207951300494360576
31,44,88,8,bucket,48473481177421018300416
31,45,90,8,base,422054626375269273829376
31,45,90,8,const,70486262137639168638976
31,45,90,8,bucket,70108074525045603434496
31,46,92,8,base,606858442986320002285568
31,46,92,8,const,101307353698282229465088
31,46,92,8,bucket,100651596222314588405760
31,47,94,8,base,866325282111762332647424
31,47,94,8,const,144565072554501827723264
31,47,94,8,bucket,143478854041310987288576
31,48,96,9,base,49264693843701556578353152
31,48,96,9,const,8217830513415741465690112
31,48,96,9,bucket,8148037282392351963086848
31,49,98,9,base,71836202447071535012249600
31,49,98,9,const,11978795578238556342059008
31,49,98,9,bucket,11866011608663376808378368
31,50,100,9,base,104018867890038311896481792
31,50,100,9,const,17339596429699204228579328
31,50,100,9,bucket,17161255338005665090109440
31,51,102,9,base,149607368796035293703569408
31,51,102,9,const,24931301558376249048432640
31,51,102,9,bucket,24654402672857695425396736
31,52,104,9,base,213781884590785992270544896
31,52,104,9,const,35615202076439053749714944
31,52,104,9,bucket,35191997544824925063217152
31,53,106,9,base,303574485027921071924314112
31,53,106,9,const,50560251680951312735797248
31,53,106,9,bucket,49922329162392757539438592
31,54,108,9,base,428479756910486410309402624
31,54,108,9,const,71344439875150461077028864
31,54,108,9,bucket,70394662268694530493513728
31,55,110,9,base,601250483690958880138854400
31,55,110,9,const,100086866920705439396003840
31,55,110,9,bucket,98688467474568166678462464
31,56,112,9,base,838929711791058072509612032
31,56,112,9,const,139619032290663833144393728
31,56,112,9,bucket,137580955842562610878742528
31,57,114,10,base,52260197781368581514973937664
31,57,114,10,const,8695462265972456361683845120
31,57,114,10,bucket,8563365276852824858777616384
31,58,116,10,base,74308358518617123188545421312
31,58,116,10,const,12361373087634191374100725760
31,58,116,10,bucket,12166605411314906735256272896
31,59,118,10,base,105073229538293349375901958144
31,59,118,10,const,17475639444493336083471269888
31,59,118,10,bucket,17190903321654509988646748160
31,60,120,10,base,147777862457785729493384560640
31,60,120,10,const,24573474168317262039365976064
31,60,120,10,bucket,24160523534024237396564901888
31,61,122,10,base,206757465037107919195109064704
31,61,122,10,const,34374669797991171632046014464
31,61,122,10,bucket,33780262540079279910602932224
31,62,124,10,base,287816653754986085367588847616
31,62,124,10,const,47842860187728427873801863168
31,62,124,10,bucket,46993331048858814009348980736
31,63,126,10,base,398693238649610561702345048064
31,63,126,10,const,66262445699288995204060676096
31,63,126,10,bucket,65056467031938566041217531904
31,64,128,10,base,549657937300969377573038456832
31,64,128,10,const,91338054087924339428594548736
31,64,128,10,bucket,89637026873730391054301003776
31,65,130,10,base,754286894031566858039091789824
31,65,130,10,const,125322648292837244671501533184
31,65,130,10,bucket,122938008054107396126493638656
31,66,132,10,base,1030453106728008558196803239936
31,66,132,10,const,171181920797039343712935608320
31,66,132,10,bucket,167858444294192790940218818560
31,67,134,11,base,70473546891889733709651146440704
31,67,134,11,const,11705640827226415074787276619776
31,67,134,11,bucket,11474044025525858066094127841280
31,68,136,11,base,97912933009418537817227883708416
31,68,136,11,const,16261144633964901972076377669632
31,68,136,11,bucket,15933653471401134281925932875776
31,69,138,11,base,135431610965356058608363743739904
31,69,138,11,const,22489278676719881595464777203712
31,69,138,11,bucket,22028719585886845987193905741824
31,70,140,11,base,186516755931507388853088637943808
31,70,140,11,const,30968492857177351370865696047104
31,70,140,11,bucket,30324206934558325014255168913408
31,71,142,11,base,255789788098467989434047188172800
31,71,142,11,const,42465313504048697806328315248640
31,71,142,11,bucket,41568582605438930897248123355136
31,72,144,11,base,349352503334279183195183654109184
31,72,144,11,const,57991717461097643871953680859136
31,72,144,11,bucket,56749741700910336920128753500160
31,73,146,11,base,475232077384252228049744777183232
31,73,146,11,const,78878890032309099360693459615744
31,73,146,11,bucket,77166889012587451644883626885120
31,74,148,11,base,643951313813908100373573984583680
31,74,148,11,const,106871735173561358037397205417984
31,74,148,11,bucket,104522627809349516428980292419584
31,75,150,11,base,869257053560713065933629137354752
31,75,150,11,const,144249590688883700296430309605376
31,75,150,11,bucket,141040561101395002921903070380032
31,76,152,12,base,62868788510880906460027377722327040
31,76,152,12,const,10431809856139464605427521325891584
31,76,152,12,bucket,10197073758167899359740855033266176
31,77,154,12,base,86171176215155481042427259901706240
31,77,154,12,const,14297048110478658263695801282723840
31,77,154,12,bucket,13971820465227256262106155484971008
31,78,156,12,base,117664517714358678599225667160637440
31,78,156,12,const,19520510288764343298803877023842304
31,78,156,12,bucket,19071838168212326275122366318116864
31,79,158,12,base,160075414110966729066418504487403520
31,79,158,12,const,26554186449870633294698090445406208
31,79,158,12,bucket,25937792258123996684187253119909888
31,80,160,12,base,216988659346329333638361677830291456
31,80,160,12,const,35992290174984604743959224556453888
31,80,160,12,bucket,35148903095269658523381281868218368
31,81,162,12,base,293102203860701600225417204181499904
31,81,162,12,const,48613501355765287600944443285307392
31,81,162,12,bucket,47464070136597156247572389761646592
31,82,164,12,base,394553481955002074149844975580348416
31,82,164,12,const,65435029799592278342058277324455936
31,82,164,12,bucket,63874496302717450030194209811595264
31,83,166,12,base,529335881669064616456445148274884608
31,83,166,12,const,87781609519262482490292629191786496
31,83,166,12,bucket,85670836275685609974066812960112640
31,84,168,12,base,707828770820918290180661105783734272
31,84,168,12,const,117373300968509941285837203887357952
31,84,168,12,bucket,114528638128825495811329364720615424
31,85,170,12,base,943470197814885981990990006085222400
31,85,170,12,const,156436923028491996257672627358793728
31,85,170,12,bucket,152616765455171439803792253777870848
31,86,172,13,base,72701868899374335775380855447565107200
31,86,172,13,const,12053901726053714772405780447519309824
31,86,172,13,bucket,11757407999559319572899042929391173632
31,87,174,13,base,98258980250395313142189813472499335168
31,87,174,13,const,16290195318124150614783380762495287296
31,87,174,13,bucket,15886705163820697862608556328057044992
31,88,176,13,base,132374431367971164903398435156425441280
31,88,176,13,const,21944770635807786809191865672378875904
31,88,176,13,bucket,21397582734460452404792022346741317632
31,89,178,13,base,177774970524604036113995640397388316672
31,89,178,13,const,29469403452256263545259755436846874624
31,89,178,13,bucket,28729862657290961534303306857391849472
31,90,180,13,base,238012806531723010529341067098138345472
31,90,180,13,const,39452606232011871030644062808554078208
31,90,180,13,bucket,38456410905999510863481900773477974016
31,91,182,13,base,317702695566747555091804542260561838080
31,91,182,13,const,52658893776238228732960774644616396800
31,91,182,13,bucket,51321322661692188280011371392744292352
31,92,184,13,base,422823531296288044655349728442308362240
31,92,184,13,const,70078729802500609518494606901259534336
31,92,184,13,bucket,68288489418790815921281917002461478912
31,93,186,13,base,561101032441074036756033114799888924672
31,93,186,13,const,92991901780809288692913210751910412288
31,93,186,13,bucket,90603217204432435311435366195594788864
31,94,188,13,base,742492150803104222456180979580228599808
31,94,188,13,const,123047738262988316129964978651543896064
31,94,188,13,bucket,119870212769894180100203290336652427264
31,95,190,13,base,979796772814654073255529833985132724224
31,95,190,13,const,162366402319611145936710795509685551104
31,95,190,13,bucket,158152050287692820982427882504828485632
31,96,192,14,base,79602464880536510849802081344678227083264
31,96,192,14,const,13190635925116793337338746526660330258432
31,96,192,14,bucket,12846570403920196136618540976728392597504
31,97,194,14,base,106386967795504518623113835687193090195456
31,97,194,14,const,17628174326854841394410737221515339628544
31,97,194,14,bucket,17166166993812099383390498467116333662208
31,98,196,14,base,141788933532770678341134910282221880344576
31,98,196,14,const,23493165477927296149408081711276694175744
31,98,196,14,bucket,22874610836547091550395324132349127426048
31,99,198,14,base,188456541099117092533652375874666456154112
31,99,198,14,const,31224198396999699215367598434673047371776
31,99,198,14,bucket,30398436084429091493867182762147148988416
31,100,200,14,base,249814363308911731975883392444353487044608
31,100,200,14,const,41388427681726556318986009577694963957760
31,100,200,14,bucket,40289155385310266525841842792099804610560
31,101,202,14,base,330280254747349313672183683372470115500032
31,101,202,14,const,54717483418426017666735399801261201031168
31,101,202,14,bucket,53258153839783187536848260839803967242240
31,102,204,14,base,435539891366360509624608704485682646614016
31,102,204,14,const,72152925093766278458450519195082305830912
31,102,204,14,bucket,70220853437350145116863888091927933878272
31,103,206,14,base,572893521707459763021175143744007280001024
31,103,206,14,const,94903649546268571578435486054278185877504
31,103,206,14,bucket,92352488108557755017515913895617555857408
31,104,208,14,base,751692977732027660614089868178978223685632
31,104,208,14,const,124518240273030788955104741935849918169088
31,104,208,14,bucket,121158389877767794386765025268131914842112
31,105,210,14,base,983891272404866318718390109768252114599936
31,105,210,14,const,162975953613561952432634235888053780480000
31,105,210,14,bucket,158562373998464203589842638839481041420288
31,106,212,15,base,83598961567363587625693358326977112127307776
31,106,212,15,const,13847191303226804960555444565744882613747712
31,106,212,15,bucket,13470868675764268519562441527003519421251584
31,107,214,15,base,110711489744266747534912425268562212077699072
31,107,214,15,const,18337423692182149584014456368442085207965696
31,107,214,15,bucket,17837364991193223403412828394118609457119232
31,108,216,15,base,146258597344531620367088691330391425320747008
31,108,216,15,const,24224356991801245962434628040618900130365440
31,108,216,15,bucket,23561570343004696460280398049009095357235200
31,109,218,15,base,192754890880054552918500137977720406330572800
31,109,218,15,const,31924337091175972783385161132252144211066880
31,109,218,15,bucket,31048065221090389765475465591101667600760832
31,110,220,15,base,253432684055006476327614212265229116455780352
31,110,220,15,const,41972526932138326141331224589920935308427264
31,110,220,15,bucket,40816851123282139499322346659634419410665472
31,111,222,15,base,332437890373492026343082913274417690160660480
31,111,222,15,const,55055332975670554714589609888118847825772544
31,111,222,15,bucket,53534840285765216566936462261143808325451776
31,112,224,15,base,435076985856817701420621960063657417860186112
31,112,224,15,const,72051284480861881835366978356953419593285632
31,112,224,15,bucket,70055551598868892719457910405415208747008000
31,113,226,15,base,568127742798958565273952820527505253561532416
31,113,226,15,const,94082467561349176774929454538516128147177472
31,113,226,15,bucket,91469052771365881045530773830631168919207936
31,114,228,15,base,740229444463845852596947447568860781811335168
31,114,228,15,const,122579113912360035263072612391500696243929088
31,114,228,15,bucket,119164671943019374990546567105989601482768384
31,115,230,15,base,962371977646417820316129764502715799412146176
31,115,230,15,const,159360554222761570780103243682036495224406016
31,115,230,15,bucket,154909593914902064196310721650765332396113920
31,116,232,16,base,84976556023421403974370789407791145584250847232
31,116,232,16,const,14071002528003068332221439138769639856349904896
31,116,232,16,bucket,13676967455822253899160166542380837158111936512
31,117,234,16,base,111683617522217265991273580521891311193652461568
31,117,234,16,const,18492845495595250508476321807070426378094510080
31,117,234,16,bucket,17973664150513946481136430581465921562219642880
31,118,236,16,base,146464387602710378032235967234524487794449973248
31,118,236,16,const,24251296012769994330804679932165159814485245952
31,118,236,16,bucket,23568760082319026549922373935074546572156993536
31,119,238,16,base,191664581678449415324698061805839454889480028160
31,119,238,16,const,31734649309203370728664641193421792728766742528
31,119,238,16,bucket,30839345678055053994565320836888420258789982208
31,120,240,16,base,250284313579445790876873881227258162066105565184
31,120,240,16,const,41439515228524453146726786989589043626276552704
31,120,240,16,bucket,40267672575117141829262043783553724300625182720
31,121,242,16,base,326153223232154975778153052342995301569776320512
31,121,242,16,const,53999802327902466145959930610465047609962659840
31,121,242,16,bucket,52469286824214187912271556209716052636060352512
31,122,244,16,base,424150516374249537197955285530016942332659630080
31,122,244,16,const,70223134393559242596778225491771238925218086912
31,122,244,16,bucket,68228374591735707515094543082858240725758246912
31,123,246,16,base,550480941374280563824014505833936284813881245696
31,123,246,16,const,91136523742007664011223907322278145253860966400
31,123,246,16,bucket,88542090350599824384357774901950272111003041792
31,124,248,16,base,713020315771018107072002116568893811086038401024
31,124,248,16,const,118043553816557758118062686777209312941730430976
31,124,248,16,bucket,114676052837320220001183960444253970885936939008
31,125,250,16,base,921747382543815248203301661957929990132546404352
31,125,250,16,const,152595847664628567452341089492482478359825088512
31,125,250,16,bucket,148233702379781735810801263443317178159618588672
31,126,252,17,base,84151006415273811873015030615886955152778211622912
31,126,252,17,const,13930951257097475818713689752762007750675724763136
31,126,252,17,bucket,13531919451351022572694007483342287543576547033088
31,127,254,17,base,109890724120102725658858591346797040282525019144192
31,127,254,17,const,18191703368108167919792894851345524764638799986688
31,127,254,17,bucket,17669610708723337770608168758832328292970572808192
31,128,256,17,base,143221663589473718117668899426122424999214885896192
31,128,256,17,const,23708939442445201739878140784357879957595271200768
31,128,256,17,bucket,23027208950893459444754611665794476618756915200000
31,129,258,17,base,186300860891542204095664953853070061201796139843584
31,129,258,17,const,30839658613398592284873607141116325102608673931264
31,129,258,17,bucket,29951243122460296935591492360978972696416285097984
31,130,260,17,base,241875408757677163856619244407582770621062894845952
31,130,260,17,const,40038509420513087805990208626329935633363463307264
31,130,260,17,bucket,38883007403173910804956073202916432412948421410816
31,131,262,17,base,313437713079749779203624157845688380340168816590848
31,131,262,17,const,51883481542945798741474522159805845340369178329088
31,131,262,17,bucket,50383489027596305261279140346802294022519931273216
31,132,264,17,base,405420007481706965742498598029518970184012864159744
31,132,264,17,const,67108093471290137528327800681627938430006071394304
31,132,264,17,bucket,65164597670651207981818359590707187857653128757248
31,133,266,17,base,523437656263276216372732443849057153812702108319744
31,133,266,17,const,86641652967127617183511808321948121682981827903488
31,133,266,17,bucket,84128225783152990284871355520539114408066454388736
31,134,268,17,base,674592994855113694712715422156469845698479443148800
31,134,268,17,const,111659534257755548454084806176708613260794375700480
31,134,268,17,bucket,108415025247011069481761109556832009809984518881280
31,135,270,17,base,867854170644159250842626050418636759357997734428672
31,135,270,17,const,143645864882287146668063743543993275760686481276928
31,135,270,17,bucket,139465221084420081139635694210435983355410919718912
31,136,272,18,base,81580607004302369439593947538315728199028218546618368
31,136,272,18,const,13502862956625962914200881629604542718141610290315264
31,136,272,18,bucket,13109261623087075389721383538402460809781328501276672
31,137,274,18,base,105950249186302391523982016936988480663327034058997760
31,137,274,18,const,17536124675348756985755313556666177663095525534072832
31,137,274,18,bucket,17024172615268382531963129864027687692759972437819392
31,138,276,18,base,137353756533506559882587548317237189762593814078291968
31,138,276,18,const,22733434573606127487468655838627847194387141604933632
31,138,276,18,bucket,22068757826246763115526670080140664579191565879083008
31,139,278,18,base,177751459064935506229942575670933830317184507178909696
31,139,278,18,const,29419189835930351518366420165937638883742229395931136
31,139,278,18,bucket,28557777350550607860675564492142572400688172906840064
31,140,280,18,base,229630848628492618215077463077767716172047823799320576
31,140,280,18,const,38005017286411828815040806844591935135242307252518912
31,140,280,18,bucket,36890614680116360948270171408921445571300576890716160
31,141,282,18,base,296143259819061739328347818302813061247664818550210560
31,141,282,18,const,49012388643097487098149100351688744243778656900481024
31,141,282,18,bucket,47573212581696546716817314816348349184061846396600320
31,142,284,18,base,381274691328065578721238185392528660585865174161817600
31,142,284,18,const,63100884326089322400296099973959054884306454860267520
31,142,284,18,bucket,61245486964109579641918818511826041354443089617354752
31,143,286,18,base,490058975998620432219332686633091247378032101752307712
31,143,286,18,const,81103463807368978301091745713773800470248892699508736
31,143,286,18,bucket,78715535516220567935475330722462124624060351286083584
31,144,288,18,base,628843405681629539979906859269293727004900328724234240
31,144,288,18,const,104070414451840069028934801049558247583042716750053376
31,144,288,18,bucket,101002262286721859994517864525212664387693503857033216
31,145,290,18,base,805619236360283455009057231637025558467679904518373376
31,145,290,18,const,133324034495282569348407526828592660493110024746303488
31,145,290,18,bucket,129388411366414224498380194021435369371045598028890112
31,146,292,19,base,77710582212411048177098336897341272469524244229699665920
31,146,292,19,const,12860348974752247588380733990454734506844602831428648960
31,146,292,19,bucket,12480245947939441870249699043004451347031682138375192576
31,147,294,19,base,100445256351343060787636460034864568058329488712202715136
31,147,294,19,const,16622491322586170349622412482614412097120644752279076864
31,147,294,19,bucket,16130591549860113978773243168970395351917915007214419968
31,148,296,19,base,129618603647823057099376271049929235708002332245785313280
31,148,296,19,const,21450046231724111424526534385433976845607559253282783232
31,148,296,19,bucket,20814525944116690762368762766827134209390181054316281856
31,149,298,19,base,166994788786275897017427334639569918661328611611559067648
31,149,298,19,const,27634915329548339845902840799998039862170151922809438208
31,149,298,19,bucket,26815188649251302101022941013548053095182879982857748480
31,150,300,19,base,214805321295274923315186167674087802324844636433333354496
31,150,300,19,const,35546323795649873084141379149969043714487934374826213376
31,150,300,19,bucket,34490710757843757056647838935582950743890088241427120128
31,151,302,19,base,275868673147650338796419308055573969800162478900685832192
31,151,302,19,const,45650610432237897962183733321685206194793585625796706304
31,151,302,19,bucket,44293405483188305571847552946729686552985606912011665408
31,152,304,19,base,353739455892540753380827282093152105667270014707670450176
31,152,304,19,const,58535907957502205705147095386551739190315318979783032832
31,152,304,19,bucket,56793700149370952430226567647214340649981729357862797312
31,153,306,19,base,452894204423445330274162188611859561138548376300263833600
31,153,306,19,const,74942879315237963098564619059730076457479426466455224320
31,153,306,19,bucket,72709939805421538940483280376281346388079947865290440704
31,154,308,19,base,578962433978495456789144767690237902430288802265295749120
31,154,308,19,const,95802943692603847372758189843086302018676086677541224448
31,154,308,19,bucket,92945452327231633592125471435873768926476837674352115712
31,155,310,19,base,739013614906731136090425722862968439831168307752723283968
31,155,310,19,const,122285753128444275040480993593271678766909825395460145152
31,155,310,19,bucket,118634582020939492215414722296680807323563857800429830144
31,156,312,19,base,941913122454746916149477691145434567922490891397100470272
31,156,312,19,const,155858079703982533683313312374032218455034516534085025792
31,156,312,19,bucket,151199785595287999382934816585093507638890062751331254272
31,157,314,20,base,93890127465708749829852714437834415527273291704756189790208
31,157,314,20,const,15535797299661525757698365425427271088444388886244015210496
31,157,314,20,bucket,15070999951930806647713677959611130249622936525489544626176
31,158,316,20,base,120672333301375498336031273567141359446959494579089628463104
31,158,316,20,const,19967172168846837758851177370160660976020925447081214083072
31,158,316,20,bucket,19369214208078657649971993349392117956990588430182864912384
31,159,318,20,base,154862885873669493842904016646668012078032427430690657665024
31,159,318,20,const,25624271316779844792457170290527419935687630372354685665280
31,159,318,20,bucket,24856165036087522271473232544162561728547703800964696768512
31,160,320,20,base,198447903348358284365771540371392806875975094504977128751104
31,160,320,20,const,32835686530437839314875192913086483692670250927825728045056
31,160,320,20,bucket,31850488530383775531684945569531963464016890826614013689856
31,161,322,20,base,253929260319277887926995488455713994481370030947591883063296
31,161,322,20,const,42015334769328425990015790900027098085471185063247393849344
31,161,322,20,bucket,40753550777764725409079575117367126266877906387595023089664
31,162,324,20,base,324454237835789474480853883137909526340703567813285850906624
31,162,324,20,const,53683906165314718131053432281029192709235360598189202735104
31,162,324,20,bucket,52070241099583541275287427839507933244283000995387778531328
31,163,326,20,base,413976702134515559693071485074172342154487631831312550068224
31,163,326,20,const,68495527603524188157854004725442144398892016533503496683520
31,163,326,20,bucket,66434821092173675218913347271639654111866574628725721137152
31,164,328,20,base,527457224249483398692801258550249377419738402119589356896256
31,164,328,20,const,87270867982678325878686564321097493990251562841457131782144
31,164,328,20,bucket,84643017874479047534206694437620395147540739564950857449472
31,165,330,20,base,671111236020894449543683581550829759322179314288341377089536
31,165,330,20,const,111038189696572552734979557988384286429929026395565981696000
31,165,330,20,bucket,107691819808449379544437573477327504993679915222681062998016
31,166,332,20,base,852716370390771488236609893740587003542193815706913095024640
31,166,332,20,const,141084190359814142552060403958175677135578675709134894006272
31,166,332,20,bucket,136828761964210106220929286026573457355391851188753839161344
31,167,334,21,base,86716434537164957409593461516945175649103278965333884412100608
31,167,334,21,const,14347331153761794117732166677625209236668485644375184161898496
31,167,334,21,bucket,13914226662376249954526521521645518708522479697533294365114368
31,168,336,21,base,111056839676677149793961019165109475453258336013966453346664448
31,168,336,21,const,18374310510990602412861087340178984304595194806113080036032512
31,168,336,21,bucket,17819195880386878799801885158315618704496027772955516605562880
31,169,338,21,base,142032501540964265892104680645797331999442782870765422541537280
31,169,338,21,const,23499010617105539196356498391484080639906307573168625541971968
31,169,338,21,bucket,22788509362973730582781032783229823205196421870175862912974848
31,170,340,21,base,181399211031346566583350306500250985289716835003031991164600320
31,170,340,21,const,30011894000683886068845650138321194681306335775684410201866240
31,170,340,21,bucket,29103768078026671768371990119774905195992677446569475279159296
31,171,342,21,base,231363516657675483044446077231969478594788855980847177511469056
31,171,342,21,const,38277989763275504085790780990161888222213378890062376399273984
31,171,342,21,bucket,37118857245385104135472707488526445484644184806648358341967872
31,172,344,21,base,294694933168728496509698141169599801650500267606271498209198080
31,172,344,21,const,48755455024435099864213764173595072719522589153726237144776704
31,172,344,21,bucket,47277937880603513384218144046703282590567397057077104449945600
31,173,346,21,base,374865218846260464910617930239989100315801486991147831937466368
31,173,346,21,const,62018613884699235276705654196912328067705062035389761655406592
31,173,346,21,bucket,60137777969120399398517228951124280973872610360839672256528384
31,174,348,21,base,476221045506501965941170044381166256582249265521284950978985984
31,174,348,21,const,78786519952944803456667809367186264336898871250850689469906944
31,174,348,21,bucket,76395437011153245593009456299471568161261399599534018324856832
31,175,350,21,base,604197815217014424275207486764289887033469044784860857051906048
31,175,350,21,const,99958325004296510566689815570886799115766374371172260845191168
31,175,350,21,bucket,96922546872586639913978040632452145437580159978609545702277120
31,176,352,21,base,765584120420932128031757379400121211873573843617922712959188992
31,176,352,21,const,126657024577589366618182915340816876381365835897080198887112704
31,176,352,21,bucket,122807711189135603708688316587731680835641559833597849802637312
31,177,354,22,base,79271421670618322051475462286900687911174576852388172646886408192
31,177,354,22,const,13114435891262494568025934489716729116929988241828876399457337344
31,177,354,22,bucket,12715593550219983219763864141135949472450612894323680964142694400
31,178,356,22,base,101201855287739034017373655262021886390580077230373269345398685696
31,178,356,22,const,16742414941539077615444807581858502017517095817054301143202529280
31,178,356,22,bucket,16232893760348673657111392834206755189595057682597726450769461248
31,179,358,22,base,129032591525271974595601286735075526605036203569028785493552136192
31,179,358,22,const,21346454969742257345486556788187633568312611795768950395884273664
31,179,358,22,bucket,20696389096368453191296572004503747776470499191614500494156759040
31,180,360,22,base,164306744541554411095821198498928141981888680047404382080867500032
31,180,360,22,const,27181818081651455149483632123271997281507711533937074579169083392
31,180,360,22,bucket,26353508561468632792635622497676213993020586183681820852760870912
31,181,362,22,base,208959539201018990095141332112619089527775619669169850013701898240
31,181,362,22,const,34568627306053637787041490980216014873529207445385460716247449600
31,181,362,22,bucket,33514546209056435613873835884983535960377355154925099945427992576
31,182,364,22,base,265415068803588919817868358610783044697988882568873381417422159872
31,182,364,22,const,43907871264564542351020482458251754585278659868113996158095851520
31,182,364,22,bucket,42568172010626840961791492310267102670295135285546196999830765568
31,183,366,22,base,336706226596352556181201371551095169670975193195229124208904634368
31,183,366,22,const,55701241896729669673205422958834158557414261730674403195341504512
31,183,366,22,bucket,54000657212172739577330813239681420177086120878582704655734669312
31,184,368,22,base,426623194981380515488829373527284165081825061438063294370631647232
31,184,368,22,const,70575695740244358015116962640848839657950849780691795588079943680
31,184,368,22,bucket,68419677065571272700698301443779651002432062889353949747548782592
31,185,370,22,base,539897088972761874363703909080446606424169921284299441706828300288
31,185,370,22,const,89313829831245402162400748343783618842619949789409343089328259072
31,185,370,22,bucket,86583748152484145955298939718793712723945899540671131038108352512
31,186,372,22,base,682426827716914134082158897116325909901357935172093156836188880896
31,186,372,22,const,112891407620841965632912667541084381427119393730540534947966353408
31,186,372,22,bucket,109438594252077159306034741101368335596309054242245125215052890112
31,187,374,22,base,861559105683394031928555635111954084996328542922927582145106935808
31,187,374,22,const,142523667648220052587739112570356641253651212896951499554979577856
31,187,374,22,bucket,138162022798453539532109822545230118989258800055861130090732584960
31,188,376,23,base,91434984460267901594613500336632131833651987792180348278690191245312
31,188,376,23,const,15125560265048456584166076302535105405809877111234090560530082168832
31,188,376,23,bucket,14662410154719735738282795080600045150562687935203726892558618460160
31,189,378,23,base,116260321148008079084242742314407234354122098793974765539419651833856
31,189,378,23,const,19232148317578862248293522799015000842657362678131321879598785888256
31,189,378,23,bucket,18642923433312779570528368645942717971715232260459615776625857134592
31,190,380,23,base,147649032644882538139049244022645415245389365788656753080259154280448
31,190,380,23,const,24424413131309294879815865272715461947031327918625203098156556877824
31,190,380,23,bucket,23675698240752295664239550509162683921958720992801233633934412087296
31,191,382,23,base,187290100761412916195146618508439733898177475440797428213378736717824
31,191,382,23,const,30981728760551431965880048867985570355064177404938589195056634134528
31,191,382,23,bucket,30031489012137426592243343689421208314454114775066259692080477503488
31,192,384,23,base,237295366780616135991074763384434280459363276855605290121482804920320
31,192,384,23,const,39253412433002079811776026339945046520244484789608527301569362788352
31,192,384,23,bucket,38048830300720508804358409175353101952646379142193122649072625254400
31,193,386,23,base,300302484392743965260527030146561195165288948596905319115745805729792
31,193,386,23,const,49675753056736376861776381448049692502010720330209895003684731879424
31,193,386,23,bucket,48150537469210901877708490607755030333051154558227909203486604001280
31,194,388,23,base,379602236216872967675330030620059405436517330371094487398651881586688
31,194,388,23,const,62793069383745498643244973748626168584699190257684411201523111952384
31,194,388,23,bucket,60864111861547654855168573422053371226893003219590630144227571400704
31,195,390,23,base,479295815109699021966473882853768224688422515897203557030165135491072
31,195,390,23,const,79283724227279915640774014428362855752512924930151986040457555607552
31,195,390,23,bucket,76846948014531906167629703154052829592655994364657042968640120422400
31,196,392,23,base,604488921791393015388416403554507499378872743906063813344274289786880
31,196,392,23,const,99992227920652903239591042935266862721278023274071146105702027624448
31,196,392,23,bucket,96917440808879040430887086800458214701277248400319416610927117598720
31,197,394,23,base,761531051495570305046149664997826352079035879379929423719567751905280
31,197,394,23,const,125968815789683765928917810622444453021046605260308100814994583584768
31,197,394,23,bucket,122093334193605921325026791140062374287999523663482862321733549948928
31,198,396,24,base,81995415741123113222033390196957906400319593135881344380845096142110720
31,198,396,24,const,13563212648992758410853387614533306303308818679511039501886907775713280
31,198,396,24,bucket,13145732604786245535436980003582532046062736739909416130455535230124032
31,199,398,24,base,104000553761547938553476518865608720110755713870003804164618995265175552
31,199,398,24,const,17203081825559487853116716496182245436666912898638803731319325882056704
31,199,398,24,bucket,16673312652069301270720268181310804355605442512948318698837460977188864
31,200,400,24,base,131762735686868969007789837328900450410115870946520567660523587027075072
31,200,400,24,const,21795199402400019663659019170385883374287485008788404729213361231757312
31,200,400,24,bucket,21123700384708823897241845592034988246818610532651078817560863088574464
31,201,402,24,base,166749693476471147969549606891064506026377272362961744620857659133788160
31,201,402,24,const,27582330807938143399498909731448622883164191457324593984572354369421312
31,201,402,24,bucket,26732139820878473460724099564293101487246529459902230178567898013892608
31,202,404,24,base,210793651787360083747566798472179669808994423298408214548728638123016192
31,202,404,24,const,34867527771874519389231582933689977981270062927438264611871644392095744
31,202,404,24,bucket,33792289674278012496996699738100322353605542380391064983870138872758272
31,203,406,24,base,266179461402314289786725613802464545779360770930424400130920176810983424
31,203,406,24,const,44028705069043941993468022294363393574982839710881837526303180190646272
31,203,406,24,bucket,42670346669026503263659304139604505160418751466911902112481503304744960
31,204,408,24,base,335753472639466268546353066520983501419654002080346030473459782343720960
31,204,408,24,const,55536647456618317421310869155750982829185407597203084866940858049495040
31,204,408,24,bucket,53822492144682505204069028608399438844796209587427288655597039909863424
31,205,410,24,base,423057896502767737308635418751782238870145380704093477741735980897927168
31,205,410,24,const,69977232021562671018148017468640701119168959484442614610868717414776832
31,205,410,24,bucket,67816422651914286326635556625983401339240466943288456429732879835070464
31,206,412,24,base,532496458073642930020710054760136696053062542008096844632216793377669120
31,206,412,24,const,88078825922657860254657704422782285039708690452290633057959348126351360
31,206,412,24,bucket,85357894540447675443772099374605935843658745251658722968078795992465408
31,207,414,24,base,669538431957414589420317717225894965543688369357069266436574015968509952
31,207,414,24,const,110746032080143967132396980457601814809685420349079854318760479147687936
31,207,414,24,bucket,107323418459008688947094230127746773899350434227964198294989390397571072
31,208,416,24,base,840969711503508214284718506583997053332485205715061062903309609134456832
31,208,416,24,const,139101213677461641491844448655461762478925947850275076360022541721403392
31,208,416,24,bucket,134800489914187135907036369025289981951903728565757989085816818904334336
31,209,418,25,base,92445777814993077462621182887668264799255665009897408326402555063302094848
31,209,418,25,const,15290989016417332550721817127056414047117971130046848680372610980537958400
31,209,418,25,bucket,14818028930539013531574125386894747604977778236435525589545834540385173504
31,210,420,25,base,116869282510468159308077099763716670239131385473918186911853698122430545920
31,210,420,25,const,19330666721991195381937924392401401023759212405887253808797932234651729920
31,210,420,25,bucket,18732514884503302677977217514870479077861381835524823047256425095558594560
31,211,422,25,base,147589758692460475618497203162528770474546834360760648009688081656103043072
31,211,422,25,const,24411848542234990404201996450753062099887528926824215321238410841718521856
31,211,422,25,bucket,23656167676762067072874532156736603948792719692415393922375694050079539200
31,212,424,25,base,186191011908043048566121501773615228254703426629327985744164924788895121408
31,212,424,25,const,30796486610020691533103474282960197557414597186063177970551417151856574464
31,212,424,25,bucket,29842791425226434611424507953744682074724379827048230743621934125515014144
31,213,426,25,base,234645315555308254691489204467907668395649485366718986892898089373119021056
31,213,426,25,const,38810782041446529914204572165505175286293751288769120491782896621145030656
31,213,426,25,bucket,37608437258364973801961496052967680591081431176887073423600747889733664768
31,214,428,25,base,295406290589207946937346720748212162847457517136594775306746640571683569664
31,214,428,25,const,48860546073445689233493068197143546818472172141754773417689767075400122368
31,214,428,25,bucket,47346284992764957139908529331298080822803912310629671166805317498051756032
31,215,430,25,base,371523423411976835151678084733396586523174859806076859261892298857590554624
31,215,430,25,const,61450139816679220498243914682481441647834183213723755275480046437966807040
31,215,430,25,bucket,59544991544825884364321765115357036572580245678373743162158039290240565248
31,216,432,25,base,466783131801959410811520014339421827729307540599344597772959019102264885248
31,216,432,25,const,77205804621156509894601406675306238125604332510389881390506356702732877824
31,216,432,25,bucket,74811292647579787969530477802469793389937720782143983841519992023942168576
31,217,434,25,base,585882373332723641944972601788394607964706016700750514666251454621952245760
31,217,434,25,const,96904374420905056590857256556002991089936764988304999627777662445374406656
31,217,434,25,bucket,93897818187232538256894853846644825554366476678227582368035222752143081472
31,218,436,25,base,734642108472540439590189012322529498679295361102138072661970488141750992896
31,218,436,25,const,121508579348513453086477319053934208602616730048116318781674433134609825792
31,218,436,25,bucket,117737292562288848071936119384308795583113952446111540713101392169968599040
31,219,438,26,base,81714761166718892351840553211554422329196611474397406926096284628635195801600
31,219,438,26,const,13515429182576000004399764417026850549872650670435033973547540829406024957952
31,219,438,26,bucket,13095798781324031687900268957066409006999810227773493027706023833407273828352
31,220,440,26,base,103099203475359145565220826591221968745275666449915121805218779629875990888448
31,220,440,26,const,17052295895885919227430989057204986180680328095529954737423523332201688072192
31,220,440,26,bucket,16522666221682245599168081286712175860688037372995418448311520476817610768384
31,221,442,26,base,129950187778255752055249398249508731587512137401445978306021268834194582142976
31,221,442,26,const,21493280657894801372851262338102510126398543763043601514124414028066609692672
31,221,442,26,bucket,20825486822005737577428699911137354813717600981543820800731716540639381291008
31,222,444,26,base,163632296498515178697248919527007888312390964803434398731296310314906383548416
31,222,444,26,const,27064069224594770543364573743554492492843510836318757826763616633821310484480
31,222,444,26,bucket,26222904645473420252270579652590300046945231392344156035271040964876251955200
31,223,446,26,base,205842624626402454326837583025843113038548157403714126393096584054964911865856
31,223,446,26,const,34045339996414117399440197995120822330699060680348146017397122363199223496704
31,223,446,26,bucket,32986837912629186381255603655581889440455105460397232983378451561378066989056
31,224,448,26,base,258689843939998906444702566738746507056215964328365653167782748167007809568768
31,224,448,26,const,42785839838135195508406551596457403051561442634779058408231804959498719723520
31,224,448,26,bucket,41455145599740986325772973343837773358620237607358442300898335278520676122624
31,225,450,26,base,324791605191843067146472538444915737922826021872961372131620065168435657572352
31,225,450,26,const,53718492621665046501953742972152824826222361469853605851115746616640547061760
31,225,450,26,bucket,52047231710515892090856533445402572880139323321761402959255351969694695292928
31,226,452,26,base,407394425413206246419230267334442613426240677128904819340087920898468304912384
31,226,452,26,const,67380226334053165922661776540951086735685053466187880924695303656471105896448
31,226,452,26,bucket,65283251538276361734603105998057599818775030720764044304955888139082104045568
31,227,454,26,base,510521121594371559151986406354815391288386406690733151537512890482056950185984
31,227,454,26,const,84436355762721925976314152313920265894667367155252222008710740230458279198720
31,227,454,26,bucket,81807730654361334483145524844220347923622982103937914585578281624392626601984
31,228,456,26,base,639151962398897705289264163325645228714942564488065952702460135309195650007040
31,228,456,26,const,105710541400704043927269063570578063566318932369883012140621894044615075430400
31,228,456,26,bucket,102418585216911034217123524853329318033351153170520227605967529037020805464064
31,229,458,26,base,799447057308895511538002497667822380466764375169887813858519206403488610254848
31,229,458,26,const,132221568094595994212879785120811353542809290411288110902713076106938407714816
31,229,458,26,bucket,128102748066279513464282647533895160479278838233579261994900143829619964903424
31,230,460,27,base,90513326453828310603111237580246153315774160459374863208941247479982772084277248
31,230,460,27,const,14970060868752020077586631773361328844953703817432946880618437952731322634993664
31,230,460,27,bucket,14503587279782380661215797389886038811308731003473252423752256978977541010227200
31,231,462,27,base,113886334475553513173440658882905867117296221325180980015950368193462557002956800
31,231,462,27,const,18835672056653366934989733212276523405062348153163558503415366917966697408233472
31,231,462,27,bucket,18248566968904186536751944141672175595503124451088311890212548117457587706789888
31,232,464,27,base,143160348090456590895823018693850052325745927223693199226037409467356190563368960
31,232,464,27,const,23677221439241168886718101260645440357281573756069833477066434450204363289788416
31,232,464,27,bucket,22938985865205523555696609331346855045952545585422598637897297544569016788451328
31,233,466,27,base,179791536701307175562471577087249410399435539245827542539095124929105782609281024
31,233,466,27,const,29735533767619163427696092854069146129712035775887727572598080706645820937601024
31,233,466,27,bucket,28808132272771887157138536324830687326837180491675501470093143726294187913510912
31,234,468,27,base,225587170584025294671227153495628219732940405858256637740357752822022166657630208
31,234,468,27,const,37309498769766811301484396225212042060235362880386300593743967364468945864097792
31,234,468,27,bucket,36145539920656401892853979009518125252642418872797081524074298848097885623418880
31,235,470,27,base,282788308409533473079377153495566651045079208789200236984069674361101400783454208
31,235,470,27,const,46769745782581320337339424430708364141818970777771981077336975735779686841581568
31,235,470,27,bucket,45310233520031004351889895947120197249624952084056282442173506039743815555743744
31,236,472,27,base,354171499223456905419539718754022382115047841853789804349985112023115560453668864
31,236,472,27,const,58575462895056979466546929417606291884665841471178530771861437152459084647104512
31,236,472,27,bucket,56747020040698787911205417173895294677024311433856665062391754631394837045182464
31,237,474,27,base,443173766695188232491726284962910293210099942423310161494801722738160198976798720
31,237,474,27,const,73295066380619482418113922751363598742185119873658677482660115602337263192637440
31,237,474,27,bucket,71006509284151428397128938195816874850661521927371829560715858559002088101117952
31,238,476,27,base,554046078075032098445223447372330771222684971861294453195261171556567441096048640
31,238,476,27,const,91631580755955597651589571896228719503565003484745033702196518398896458568826880
31,238,476,27,bucket,88769697022094940610529345438524578625028585782536468850418708121893116879831040
31,239,478,27,base,692041634548477504740368900119462326786799822818754833849227975323428263315898368
31,239,478,27,const,114453777374232249059424410616232905784155836641457550975490414249265755563491328
31,239,478,27,bucket,110878125631503031209536507534196309270767941815043204661839122863246702079377408
31,240,480,28,base,79120612538323678474695139081199532929988762302095476713136973701165893192557527040
31,240,480,28,const,13085375169511581883405080676375246984686942913912760640307372069309260401366532096
31,240,480,28,bucket,12676464879127015681404182117390521703589229785691762459725022533536041562103873536
31,241,482,28,base,99391461957480358294802731193474192714441850362149821936841104225031412703727452160
31,241,482,28,const,16437821656998537236366583955045349182215588386986354815549305851828523771310899200
31,241,482,28,bucket,15924012982562695505375620387580209022034647780560128495622553792735528621875134464
31,242,484,28,base,124744116289388613981044906229969129833930545385253918817872561229069263108311089152
31,242,484,28,const,20630697939071404681594923007319442796467469179824395169952558836674870141752705024
31,242,484,28,bucket,19985660462196841523707894901349520494003004395220720544811138768051491271029555200
31,243,486,28,base,156424816651319942347964949057400497491754353836025668488362860719986018508861341696
31,243,486,28,const,25870104610808181108891261384633640262916452515417203644585969108775756883166232576
31,243,486,28,bucket,25061042898073292087883547519125966057574850304866513601271842176614511441046667264
31,244,488,28,base,195978681944756767666757022170845483576060481404798266923234589288832038391945101312
31,244,488,28,const,32411569317565193594316439284412339904870937492645671167341334558755564110347239424
31,244,488,28,bucket,31397670626955203001825566716297827564154934031771639684421956009735057034029563904
31,245,490,28,base,245319782860742947630036601049192668399626004253816798135115547269455923136182616064
31,245,490,28,const,40571635117063765885976893704747567307692306297282761915054491477846131379422625792
31,245,490,28,bucket,39302152740570333277603571533329753986503018239422591427768256016332981835971690496
31,246,492,28,base,306817272383605059387608030825628991696751747184411226397253246860759720956713238528
31,246,492,28,const,50742104120565135607385186899875913452208757811759893633551498291323933542559252480
31,246,492,28,bucket,49153992780915323126026704459478569235183603732931150971100471747147155353209143296
31,247,494,28,base,383401167209798203948700931520115046057655283059207625671801413189850256534352691200
31,247,494,28,const,63407530817715781933408610492028598832914583969839201803207271291478549649451646976
31,247,494,28,bucket,61422531806236339296106643096012846766294176342639039259788418165842995597484752896
31,248,496,28,base,478692160343362358492220185394321273213431758870228713817344967945366525508939939840
31,248,496,28,const,79166689442255406764008210369665648294612173434932132970612520955838685708761956352
31,248,496,28,bucket,76687740354475972508805047754758889393756083420487469135500886345545072894552309760
31,249,498,28,base,597160798706383600773601640768203399258600855825771719424013656536153082555260731392
31,249,498,28,const,98758897425381552836718420505642230590145110700795430536768446108650364208513286144
31,249,498,28,bucket,95665713545257195431886163192309170120577439132539576415599875365280895450776338432
31,250,500,28,base,744322515850201743228243820939739850166972264751410852586307427804387358804688240640
31,250,500,28,const,123096268187645324793835880743274802959029550098835050924921414161555239944253865984
31,250,500,28,bucket,119239908731726810790797032535339287134021875222695408397524703958831868094663622656
31,251,502,29,base,86414923433274088145679615203436125964602266831777697238252178168795884700029270622208
31,251,502,29,const,14291285063157694866325207540174537410860033543781997799849140402789999216669472325632
31,251,502,29,bucket,13843462704593921501042062818832908493472789322123516267995973234683347013306545078272
31,252,504,29,base,108301195088956274914929351117138408837103897646524522024221802663145622538716065038336
31,252,504,29,const,17910784062912851581444339018683354450633481952822784053642966561988698820034921758720
31,252,504,29,bucket,17349413374477475784537883506857017304178717448431382509654660511374754744059025162240
31,253,506,29,base,135615662785033392539097517012248571368688040950092322399574834574102385990831286779904
31,253,506,29,const,22427973279602250289858246342791103665313528878173116782274393601491487720278346170368
31,253,506,29,bucket,21724861130919451391655283829179635927168105106504551780577886394935666434733185695744
31,254,508,29,base,169676348037723793838206515020054488136070838644800698411347385187415836239013131321344
31,254,508,29,const,28060818288836404255158926321384500278232487542888763486888856576830374918586395262976
31,254,508,29,bucket,27180918621095038369874729640152378163273759826594277887421568799328592321496144150528
31,255,510,29,base,212114493347296634955006856905448792325391465660862514349779029826504109754692415782912
31,255,510,29,const,35079082410112629129400811797872432730094849214071523822693925965478374636764388130816
31,255,510,29,bucket,33978865972536531264935498754971068498586459913494784239840629999417884837260946309120
31,256,512,29,base,264947392830240181089591333456551431521664937543695260976841817218381901419761721409536
31,256,512,29,const,43816370652891191655134670619039394704251734000350142912553012409063933274284753944576
31,256,512,29,bucket,42441815282805420703112863707572104888402015488035212207797854548493179662669449265152
31,257,514,29,base,330667787446404232058319516588781329038245098687027729793228971155673699589616100704256
31,257,514,29,const,54684912904742183011964130502407027801365152904964760145749746744742482195160686919680
31,257,514,29,bucket,52969027962468625314119244636074184863426520828639559701804248822950710810370782527488
31,258,516,29,base,412353508778230607534263215681199036542330147418308666293599181853885218847595859804160
31,258,516,29,const,68193695560540316719685502644635446536233000077323895170051531559634038522243100704768
31,258,516,29,bucket,66053474899098232529476826466523813978471732222925733118828771307359042234099295059968
31,259,518,29,base,513801856210124593267079093308471039328530585805631633730694197385867411991808511574016
31,259,518,29,const,84970683229839807525276318509763247443154544471796959584615828094182637864770898755584
31,259,518,29,bucket,82303357663401512861357112564819982788066040411881174669227954790538084902931829620736
31,260,520,29,base,639694163388202936458298083216918158220975334843529616856767045815592744805288709718016
31,260,520,29,const,105790032732568758062253280922230862790334400897840398034435790775345136870956493438976
31,260,520,29,bucket,102468464477008813908984679061585572699700798759771447738917981933516995920619005542400
31,261,522,29,base,795797186321782838254289027150987624609029639876408982951675351824570876794146601828352
31,261,522,29,const,131605396139521762255245906994849685256939316481528864408315841163524461347499445059584
31,261,522,29,bucket,127472423058565870408280932679715834771746239526483682726573661946394647198134461005824
31,262,524,30,base,93715497459433029526249877344718098578457130039766663779521613632273989609363468818841600
31,262,524,30,const,15498214187253424514199894703243855637580653944134713021673850723834763062684672155713536
31,262,524,30,bucket,15011403680774075121595442736249750097260453916758849474409645343695209548357756734406656
31,263,526,30,base,117199316145708922822179899117668123109579181391168277313499769457909083436961155856203776
31,263,526,30,const,19381807665881197197824655303980242273382593649261967590299053775139747282103637504950272
31,263,526,30,bucket,18772886685070322497972812036220402064358716146539406270936638000169073929931153884577792
31,264,528,30,base,146450004831456713177492359671349461900922339364014063061135914530534625188099366473170944
31,264,528,30,const,24219075567006306702415802030422369741055064951141060919406249668717505829333536067289088
31,264,528,30,bucket,23458028386009941353611382574274754775808472945369337822245320958725672930661600105332736
31,265,530,30,base,182855008352507214493627285997080799349270253429969658351082897223148707046339662114193408
31,265,530,30,const,30239458746496444854192256670831952675285213961590745160163661149580841315547717730041856
31,265,530,30,bucket,29289041310390629913642635902025300726717633483905925772366074039685220937794329545539584
31,266,532,30,base,228128721599772783430943828172574653062570901938071094893408317058111811686788186106757120
31,266,532,30,const,37726464979483225544917167732134715735771155605868825714679886701662602355357322502471680
31,266,532,30,bucket,36540499975219352042890437630010137947477078626236483651358729861597417368843345427693568
31,267,534,30,base,284387932538599172628497047163242771564446397224591043873895253086999625327632438144270336
31,267,534,30,const,47030144650319425307248955350341492513913836084525924673739320746212708312828576350076928
31,267,534,30,bucket,45551422813626593427115025134719062230282363040111795886661139731304185563925167483125760
31,268,536,30,base,354244306660771209207359607071817905772119763180610181688702711335815423736542554910359552
31,268,536,30,const,58582384481788349239327059041507391170154813186731131778302984875526791375365134287372288
31,268,536,30,bucket,56740083116511595040656816394283489218195119281509296767511062939785152928509718823960576
31,269,538,30,base,440917680040363847007918719875026178784459989284104038072099749387757134960420826250215424
31,269,538,30,const,72915642251620849318895724011571720822371301608624554193585532299691919154033224318976000
31,269,538,30,bucket,70622152241637948349755558297901670796489596031019009263267750380224323748373104359899136
31,270,540,30,base,548374742896632294506066474724065980441317475108668822485321750593183266141929307633614848
31,270,540,30,const,90685880168977540847639155508382067548298459407152414028866931170721945662866809694453760
31,270,540,30,bucket,87832908803198157683000820410185347098047711475183623096102625684869166546271129418334208
31,271,542,30,base,681498682631625221406423077541818737948336757412193510927324362066890156347743828671725568
31,271,542,30,const,112700617804891045348811125471195484885468670565994452901311266877589012245792472506040320
31,271,542,30,bucket,109154405610393107938468092912033384305626620825221176365105082155782166699992921065652224
31,272,544,31,base,80850822050745780563246396489087822255680851769909002808518732087409594605497256791314006016
31,272,544,31,const,13370411506693276060542218673778741290004236622589392523340551938311790195118226680364138496
31,272,544,31,bucket,12949623861332318869443639042383735291893629740232852542440477793215899966317912188373696512
31,273,546,31,base,100989489124797696301059448940474769267651622774498069696707506164148537512588769351291633664
31,273,546,31,const,16700734710162062471072497537107945036570609237141542625925052875781986713790914581957181440
31,273,546,31,bucket,16175041118078998117816864568542942437688565111839471178779539364477986187747249025852637184
31,274,548,31,base,126047159994992264042634749001819026264906522346143507095397685154247341198720467989975531520
31,274,548,31,const,20844503031891120259612437303886235894926838066424427567989100968354478760396249939637698560
31,274,548,31,bucket,20188257016361574780413296542067071515596463581403206739446298845756233459199684194426945536
31,275,550,31,base,157201767523739222335748873631195190177619541293664309022472940983079768463654871126339747840
31,275,550,31,const,25996506708883487442832305403804068509563243689967563860758696275268367799311740901024333824
31,275,550,31,bucket,25177915082894041256005417782763000935619492165548392172742728778460186416270763894694215680
31,276,552,31,base,195907718416925347854540407348676177201220272891067262200268997476774863701219173408398376960
31,276,552,31,const,32397254939424773610581745963291067738825956451128848475678087232548892207956840791242964992
31,276,552,31,bucket,31376933900898406530922244832275901591569685133379907194942357203949510041683346200194973696
31,277,554,31,base,243959480042839157890649214202991436674723235690546335774476170765249525270385196935908687872
31,277,554,31,const,40343490783582394615058184418202453727930262839653581961120480113683083007331346179711565824
31,277,554,31,bucket,39072689653706515048769622108635498371969856410426160198719257543039858250382148866332950528
31,278,556,31,base,303569493916591058576012605016876715488767305151092247534563851419224019039063445963987222528
31,278,556,31,const,50201075140060117002244512222506272849999536333730186551758882852592620675510872416379207680
31,278,556,31,bucket,48619492802461037389490499196723604209164729928235814889731509192925782292941936746771251200
31,279,558,31,base,377463577176751686715608501928837871186051644594397669207569995842883299988535857389143851008
31,279,558,31,const,62420762555727795132652302534383890801533873920858860114701998828720983376538997425952522240
31,279,558,31,bucket,60453865104686347782501200701076688219396694248330856575376700628260065152085290420254277632
31,280,560,31,base,468997656374732972315940557365034642484877328001473120148405569323574390326940153247386566656
31,280,560,31,const,77557504562837239057993647700305888713475365778462235294469681263857200444879079797992456192
31,280,560,31,bucket,75113232541029528214332603629999911331203244040285182539979131874044498191248397778074730496
31,281,562,31,base,582300505321948391141907859044617783674334506732577854550895930504235112595654846596278910976
31,281,562,31,const,96294053060230428102360381504603758783064521275604034489944144458480873098248860974173913088
31,281,562,31,bucket,93258782203388335702858871618954123916557997255977156461730075719144028460843944288777666560
31,282,564,31,base,722448160480820033522647004388276363559512188871503210029805340222878107338037860491369381888
31,282,564,31,const,119469801900528659183229999263142342868334772985860378120973407912315624497656853314593095680
31,282,564,31,bucket,115703391593933122525186820313674334358913153719709948694159038491371870542653717542690881536
31,283,566,32,base,86790566739067474979042902937269765999434260534068957328021266389653217864315044775073436139520
31,283,566,32,const,14352354122719708924378152593808910193129458787333940814336158689907582547413931139804539387904
31,283,566,32,bucket,13899807462414704328483295234797522128467138240326279455974551376180155146626909824088367169536
31,284,568,32,base,108207543636142666633873634874925684100120471281209742803146022231089897298253715652829333422080
31,284,568,32,const,17893995650437316908543066059469445577953043877512232557004639569958028730423714925144409374720
31,284,568,32,bucket,17329685926241338431662072011628816401066105027307234648820743308873525628564739272773795315712
31,285,570,32,base,134810344104981286756833088949652980401940814750313865824500619423594797925654237131082899128320
31,285,570,32,const,22293188426107809815718550761448875192510862638324027566418492297191982274354453765929020948480
31,285,570,32,bucket,21590032510298304323390515243569903580564890164501866404565283071531679561936965476307552960512
31,286,572,32,base,167830807798518447771215380640102854947284937364194538552633669124132455821625891691730653151232
31,286,572,32,const,27753633155500889886640069624993937567880120769579882838443387602594478006203885787705520422912
31,286,572,32,bucket,26878109667908013057686452882521583629486051509875754983611962804318255816961224147069460021248
31,287,574,32,base,208787764634092135523850873270581718424026924488161125347085361719207234139072878103798222946304
31,287,574,32,const,34526487690734841939886392020898054935129326930374913696980440143568747550385977857141561622528
31,287,574,32,bucket,33437135912481939072662426827600519649756383181086591470150683866518927938428009416700756754432
31,288,576,32,base,259552596903928810386373202643894988165163175089969875780639941501594816915675565664845961363456
31,288,576,32,const,42921208385523396555904726499419300840932139288021258343368078193655229644098655253855859638272
31,288,576,32,bucket,41566784003708222280783677213305642600133127837972420581337600424075605678307964646747833106432
31,289,578,32,base,322429484023854357039914484672811178414520652242147419217264834991922169613144500744564087193600
31,289,578,32,const,53318819351758374299154772815783335372652746232220634544963843390178687170574884756944953802752
31,289,578,32,bucket,51636030127664985399089897904489377820123508679770202435363313649893547742234720007266037137408
31,290,580,32,base,400253552543528494294246663132884556423387118003079385036221495082256268396605237188288973897728
31,290,580,32,const,66188142501641310042311235602989891176104344362816961849177026237180514406161056475122082250752
31,290,580,32,bucket,64098870063315886523845375200455430576162723843776019200481970207484022682138164329797262508032
31,291,582,32,base,496510847074883696158678363327716922146429023184274403355294594732871577587972115496509917626368
31,291,582,32,const,82105635856757031993732359828584839913108590482301047361381859854707894115317506952145141760000
31,291,582,32,bucket,79513529289952067929858017982765381437292497157268773370965654752609525574720524155751363510272
31,292,584,32,base,615484876817340361113183642281683891301929063282643345802003376341802359964135518349593814237184
31,292,584,32,const,101779626342537202288094550066222497561392530242279369915217228841277995390460532278776010113024
31,292,584,32,bucket,98565928325889240338408770541573355500619700346585332925184473680539796426079143803449918881792
31,293,586,32,base,762435507483531407304088312109143725675595665520587020556450287491295753965841222271954547900416
31,293,586,32,const,126079891143065209420549710906022823962276351808817003069866042159577764601219389204657912938496
31,293,586,32,bucket,122098327119521946064529596654824140051790920149786420673086313162492905554766382058072040275968
31,294,588,33,base,92673488462318086890434709301859793039616234686579539770714091860437373809294079113486619253932032
31,294,588,33,const,15324893886064800486035096369456745459770053003404884480284807816240863761488687467066009931743232
31,294,588,33,bucket,14840868248142848895785122224998145344467174388710277158599750174962500630304018845228905177022464
31,295,590,33,base,115343587124585629153378708253634384854668041948768966200523416769541950653231683299157772217614336
31,295,590,33,const,19073688212980623209013892380797713379311442587075295766309040482593948671003852806290495001067520
31,295,590,33,bucket,18471173112932513035105141485488497549105370874799180012235801778892386374437369406823823463940096
31,296,592,33,base,143458483446529629237464361798944952861844203450696451295878199775646030849744625422318343305560064
31,296,592,33,const,23722842704806831363152472496473389771998732727539927659700165623535290299733518244048911948840960
31,296,592,33,bucket,22973359827236723989721940119373391911539683726038630279803797406474261205785194550615436704088064
31,297,594,33,base,178301834704916643031823608960771039347599636146928149107645059378070745551291032244563172342628352
31,297,594,33,const,29484623158276882071711578022274937300035838365233635115285483430819828402571181764456999100088320
31,297,594,33,bucket,28552975557397916713520639765363559229441602408249499683801574977530405708795433713040543621054464
31,298,596,33,base,221454301299673925162471079362051935550125894907002942209283519552041318504504057829805754939342848
31,298,596,33,const,36620407462494930464880105861736362642610202196278962564111251161355258216197754189661796944576512
31,298,596,33,bucket,35463124009245824716527552481302644649615180732578167634798801295239013783875835056981666676342784
31,299,598,33,base,274860971603156998565043771319073272493296578959468488942835891818209736507561684461800676657201152
31,299,598,33,const,45451834805809710690233622125915278082256903508355629960033440259913719164169736549803126389997568
31,299,598,33,bucket,44015261265567525120460212172899370811014648609482933826049499040320903670378470379514229157789696
31,300,600,33,base,340913801803621984143131388394335297573217661298266300141072819045773314958153441418430180652744704
31,300,600,33,const,56374437705956937261919231701717054365311647398144164725425227165359254399685263587866589712613376
31,300,600,33,bucket,54592395703743282001611706715954756569108764668251808637875872845256747601377287108302275646324736
31,301,602,33,base,422552349976229455989395330018674575107786667717252098177835974196044335683003655886123951435284480
31,301,602,33,const,69874299101138312905619185120790994464935437676651352592110765238233735842345109747006098913624064
31,301,602,33,bucket,67665217023177967850415554780056898867859538816776947498371137132692280841143674087112971714035712
31,302,604,33,base,523386785803206722292447123000302308194427674676937369025861403364330549930631032983478054403702784
31,302,604,33,const,86548392849205945270896340229136272692748800083808235118358638637520819192515554896199291699724288
31,302,604,33,bucket,83811791834619085135864453561091456232088609475325868254697610815029999869362293162150771499728896
31,303,606,33,base,647848006939477636836524938876727938370208752890279383842083472952561038335505471124508269353107456
31,303,606,33,const,107129406462345028252497047452387333065615993420403955602693304558893723751278724773722480156082176
31,303,606,33,bucket,103741599282282832396478598907773883753961690336431841588071080792879759424420044557973107391856640
31,304,608,34,base,79197055856051542200221128970072033722538237454564149618217726293443731519017759902770308588085706752
31,304,608,34,const,13096158815912359277465606140096564470367240463960618902301787484225084810936896795128871121930158080
31,304,608,34,bucket,12681958088976293505578669103956957299499020262555541424523806153662337560468687156013049096267890688
31,305,610,34,base,98479800087169372648792687566623192052142081199204519006823780589864147784864192309061263857440260096
31,305,610,34,const,16284760856706920660365224709428949351767720886541794199035967792166735524411915149335397220623581184
31,305,610,34,bucket,15769645278910974798746688049969299934941578480597396401101074610938973962502067169049463362196340736
31,306,612,34,base,122374603642538392716076066833444544053728106204448110842120117859579576780088351000338606234575831040
31,306,612,34,const,20236008939954564271001670359453731607996438271366593142410507538602469561385254266705118311848345600
31,306,612,34,bucket,19595826172279112441912156482374018851984396165389476980890125458148095450990419429752836964176887808
31,307,614,34,base,151964896690526873832869919875223759356263636743192392965779147306838446244030568864150408000706707456
31,307,614,34,const,25129056769266072750376778205511183278713415933698638321740867433638941177035830360491990437123325952
31,307,614,34,bucket,24333977235419785210389141627166550839106445203745698080204877442869721019954219803179669361352769536
31,308,616,34,base,188584027653371938129686477262084452861790095902964755995995304987506483749504406611553900929415643136
31,308,616,34,const,31184383693809811330496649022059837170918521517749026414057922703408568039307059283213603147113037824
31,308,616,34,bucket,30197590192733277360851224455008085192337721986988874024289063155519774589612142776403907524637491200
31,309,618,34,base,233871860310695384866269456687259215827978533671915789836340644316908794619790434644502222024340406272
31,309,618,34,const,38673153348452192688485165108564542363343794137530300396045194242739483560727178761125651476486553600
31,309,618,34,bucket,37449233735827594574870109462730350819596996222910285825074573356814425020092763952764260167658242048
31,310,620,34,base,289843951312627727269518405783635845140190868562807152742667374405500724606885054247911017868764905472
31,310,620,34,const,47928652518689566935473474461066494504223666938423356084108766386962689917838905505712222849512505344
31,310,620,34,bucket,46411629417058377138414215849816929544523248212547889811658885468395176394888340072664801493854978048
31,311,622,34,base,358976052214044680335186563986518760995572567568175796898392099810481809272983492725094422301022093312
31,311,622,34,const,59360263977881320575545209680030375883812701129469345760599417614259993882709170827715277007108440064
31,311,622,34,bucket,57481181061642068209675436517065561086320859999333517683063212873891467066380637915892957812365459456
31,312,624,34,base,444307267379090062342824683997050431535187062670585654360408156237962177437113872752062512800710262784
31,312,624,34,const,73470524145245052851257997660273850109197033014891169707623485456029092254056785617323691307616436224
31,312,624,34,bucket,71144491047314284029388277559340052886569061316011707755724894623574128673997713211490966877333618688
31,313,626,34,base,549565909604078133584520471334846297500155056868880613528961124190642700740984986477763133883035942912
31,313,626,34,const,90875933895394085113959037366192603211457927546466297809176798714552788530995126988717221692594716672
31,313,626,34,bucket,87998510548527544081087401069490416250666138376511622518018408290955003559686704970593196636777742336
31,314,628,34,base,679322954437695320083881583149617936567791870586257664845196431555783889378801769524012292755010093056
31,314,628,34,const,112332332908917472191997800129875295943368729957065060593341251119274680914144150407572269910286401536
31,314,628,34,bucket,108775108384993049118488344522305396371607726292929186271615883180446074736093084349526383318102179840
31,315,630,35,base,83917903243016982245301791357054808079842603420556550647559550483766822657866986688137291844625281056768
31,315,630,35,const,13876581963014241928937445658811513150553554615210544740101754525606242460817769362125644317706944512000
31,315,630,35,bucket,13437100933306395789263447332445159882214483555771310453051504291156112462689659740231380261608548728832
31,316,632,35,base,104192056477574583119079343221395919400734081024958045284048998099596794238741838634205875433793243840512
31,316,632,35,const,17229072130760659651184743049801370610253124073073839019033754316237908503348277242719629371356733243392
31,316,632,35,bucket,16683351769299493146570639486929150690237807466102217138638365218953258722753943763242203203657084698624
31,317,634,35,base,129280408345072743668083251709858687026144025364437593737653568233415628806046599432229393729550557380608
31,317,634,35,const,21377622231316198443155264494521942500847722630491046724029406282395764759288648973833753376901526716416
31,317,634,35,bucket,20700420864460135083645730505643113232795260609162210263717165507545455240179696222454042674486451372032
31,318,636,35,base,160306313646772394218095569797690703618958356177447670058073451720790731300387173733527581747764501938176
31,318,636,35,const,26507985224536794300897468784172467188106934219809367535250459496114047873200432176996631964788631535616
31,318,636,35,bucket,25668167897734066925893025164270448579024253647192120059875577327859872488873031814553818544066575466496
31,319,638,35,base,198650662929547182517494780097881474866720158351410355459815325723404963995800027543484722072833497235456
31,319,638,35,const,32848498752798725901974341670126175155962211325371376683348941000387399264837932380536027838029794115584
31,319,638,35,bucket,31807685412153480769546699931902945358593459397896136908831823962766131086395958983376717418616886132736
31,320,640,35,base,246009878623504055001714029476337930758908600014130772602071614015105249622000140063937827624224915718144
31,320,640,35,const,40679674997995592111178212910391299984536692103427896746761593416649109002069641789592815727284137754624
31,320,640,35,bucket,39390584082114604901253970418385049876756076422835176955332719705232819412048732882956907655099483947008
31,321,642,35,base,304466737799656810999949865157160034346004690058531736541860802779744453927371600199583135337685498986496
31,321,642,35,const,50345911449874933020665919944046291714488304805510172670272776545653685036312012436291220507504781819904
31,321,642,35,bucket,48750331492216846464654959960170453735968208603810646302566453892117621902455100555833993150851276865536
31,322,644,35,base,376576806929617406010629500022671714556167081837093675593959817527874346992825352577285370643870092623872
31,322,644,35,const,62269783152196044491602585208514309651993789484399639089673476191930370017439642745256940250125364625408
31,322,644,35,bucket,60296090350274398825254708443962123140627685158404849463978698188093389761953377708564562648616438595584
31,323,646,35,base,465473867803631453120574835962193917995210066535428109050869739695503832880895197763874042197538299183104
31,323,646,35,const,76969475173943311056488769759055433036997641389310271979195124402481673194231667340568784345014634283008
31,323,646,35,bucket,74529597114573948241676288211881309648966248409077258632135680057958432731754522430720083940337986306048
31,324,648,35,base,574998431766919327512653231845977738955368517657887707909369564874233201493203777167909757041181347282944
31,324,648,35,const,95080032774803093064296515533795553108933745899166113332862369760679241668667486911225687722591053152256
31,324,648,35,bucket,92065736960358313421635068845473127531015692465413289699197671379235096018334404967222098452365566803968
31,325,650,35,base,709854307170150054155883525254961096768132386909899699501642513775916136823514516913971291709776588701696
31,325,650,35,const,117379250214179014246730446004158104700882499995697375434172771486926680237395359922558761626487664672768
31,325,650,35,bucket,113657609925460851291571150052830784950957863289999213495139131288769731302771420210257918823470213365760
31,326,652,36,base,88555736646667224489548567250745637773040551312890560865697221956903039672584904707682421939612408032002048
31,326,652,36,const,14643276432383771650548076676720872130061243520770440001868373888830002914277271359557740601087790403289088
31,326,652,36,bucket,14178945720308411639532825467273638570031940508902457225334242515988426020175596233768279318431741293625344
31,327,654,36,base,109794979628643334287778430018007313979808351943043075544638592524422653608308308922886234597504814415872000
31,327,654,36,const,18155302944666991430743675615079229806187336073826268771726650073574670140540964759686563106373709888225280
31,327,654,36,bucket,17579547160399314584846623278900255336775514292224456525582303490035772874695347685630835410185822769512448
31,328,656,36,base,136043423355383342755942594128198183977164303159118908768824853323460247343707332614461732744252040778088448
31,328,656,36,const,22495623308680120151789728253763178618847496355456481052935781511427102690282570257087604646344443119534080
31,328,656,36,bucket,21782149423234062571103128386750494590210683438637230839130350258471376987777959307486224415368544096616448
31,329,658,36,base,168462590622844401999642192897481895340932975841407237276031298971952705429167084859441653550954180249649152
31,329,658,36,const,27856299346376042162725344582133306795037060139695815855336808548457964456636031378183300410918551678877696
31,329,658,36,bucket,26972714421250104821079137214862906224332797890570978700618970359843840348259191177317246667568503339352064
31,330,660,36,base,208478755135046461952002201171330984505390079499499448270174476104208145896663226758056625314590069457158144
31,330,660,36,const,34473170094432085108711713622560343311979774479154486090130603497625876291942082060681797920958125342457856
31,330,660,36,bucket,33379590202499330426836856681618660242586684328738748678882714850277342582740037032411607557205121248002048
31,331,662,36,base,257842249836955572348953912020385395391761641724137067840042433207702500948119752662325662954686867822346240
31,331,662,36,const,42635658524837166111774542324425275195894751670323364282661636945450856922038290197819876363287518557241344
31,331,662,36,bucket,41283005894209193459241799134959317427747077953305692527630357810963076362338511304330119799034880079167488
31,332,664,36,base,318699830284876574061536264470783041389416619568881901289402458571370697734394625213211457767287625988702208
31,332,664,36,const,52698736922677365790082870074629199717762851004569585307890835662196751227465713201951955311490814021992448
31,332,664,36,bucket,51026656641627198964338083768449983915825950738056149341262511215799880216967216138103493340995001927073792
31,333,666,36,base,393682916228566999251169727861656757483616578130012440856476544784992721769659604671354404111559975350829056
31,333,666,36,const,65097517731774956220074279472889511132198446188635387491515400243833117849309879401574832759587041477394432
31,333,666,36,bucket,63031830497542663993799039645209889331532833128153142947182410389314021745648385843652400290555711732056064
31,334,668,36,base,486015134238687449665564003843580178783187471285246245295124687527926247344706425874930539769541189584289792
31,334,668,36,const,80365035831710389912571497744522800610153119597608520934630416474082242877144662403778132524820319239667712
31,334,668,36,bucket,77814625213950136077641634327379520311483232157129781119522348557124751581279475920010536259314543264530432
31,335,670,36,base,599643308952198819978816351903425841750453789592420670152592649631605917995989711865714971022232093244522496
31,335,670,36,const,99153908044259941327478341790882861433099395441110567341559819517461969212112209479656148186701382671138816
31,335,670,36,bucket,96006918906261572055991287124444083449763650322811572123930030879518725435539361231466571884589300521631744
31,336,672,36,base,739396925941495909544641080505362649474835099549112353116550287974486469184466634394906449495845833973694464
31,336,672,36,const,122262700418708061332899689320753679589396451597497331556158088463106027589195809990170187915289349467406336
31,336,672,36,bucket,118381898702618408050688149491768569303239270342756006165182164177249586247134149903325155330600042070278144
31,337,674,37,base,93098987486066721412293776212941397064554881270907733431799709200930097579314470189585016035679457574941360128
31,337,674,37,const,15394330439006491138619475342750557266198037704646735322947615879831098072542424821335678482961017982857248768
31,337,674,37,bucket,14905644368398486061524867282801257990705823229030361996018132840571908816666926340132311291584465904028614656
31,338,676,37,base,115275286941865156686657713883402335984347872155526338434849352956152462214001950913044261667506387142462930944
31,338,676,37,const,19061258298340863907174925828824940306244967236649432500161640978190218940613485235251402008376852422546423808
31,338,676,37,bucket,18456109693343991183806729325494748300796619165196040951021727013103306508839730538361380425624191035458453504
31,339,678,37,base,142648460676689168894915624577070985883092801602114997246658372634155857953910585510549676655389682306054619136
31,339,678,37,const,23587502343202462923818030529172151062263955480433781211460719288417401163775683813231401851869692879980986368
31,339,678,37,bucket,22838585887500329249920440283670223439380618317261556150547425313211815687799250894354062750032138777967722496
31,340,680,37,base,176416438014884018982595327541421085312606387837196122826590813320259146137038916493582309461111031871236472832
31,340,680,37,const,29171142068741034137553676736009160076851085082056135198798700246055545009569329233021324448492083034669973504
31,340,680,37,bucket,28244855357747448178122883914874757580597072444465489411012098223413786877751199657543763445939280218517667840
31,341,682,37,base,218048717627449764208925301354388177463679541334670880473615564974738787762563678603679116422313776365720043520
31,341,682,37,const,36055161139154744472302857514452196977796593403471377708719368467703901388404074375420492910731434479432237056
31,341,682,37,bucket,34910176481052093565778396626783527634185630278871049078454935817241579210967509902371843269314028784410689536
31,342,684,37,base,269346903482482289181499821503688938778988511859820961914065530084011939610833404791137408206256379592280375296
31,342,684,37,const,44537456992321555476032256903515858123810199328834707736954951791504054162323621857301393300871371137767964672
31,342,684,37,bucket,43122974703872516915336397693774428791457069966125519433563141214255525995519069354576906434083506997700853760
31,343,686,37,base,332518507078302738684366213636357625056385175816358228556005561981315914348921494703527431117492739065010716672
31,343,686,37,const,54983044009367486913060410593593853618836712212813008226462555921026434248525267240803177500084620072211972096
31,343,686,37,bucket,53236657376252373255848730942548584941147791893952221333471143313900817474305422188011714757699941145010765824
31,344,688,37,base,410266873590546436865713212778617411910398826418354708081480203981367065468728707905375357916942864995804250112
31,344,688,37,const,67838922752830320960912788669062810697631521728110981916363333190190453177854503667146605661912658541388234752
31,344,688,37,bucket,65684009775955993670594257813175127121535517133799325946940291163572660056376424601492934254625421994804379648
31,345,690,37,base,505900694486632212438786351009500913955297100383171689523911488019626218397197617158593395092686845131087675392
31,345,690,37,const,83652187799244525141183218022348441669403437705762351458436430605802956583688178495818572699937686704602742784
31,345,690,37,bucket,80994726613296666941029364995788264676126826531186532526843300902799814587053072451474513163599316491547181056
31,346,692,37,base,623467299900904278308047216097334624490753522062874851715949655229538326205324058120721989220056985305654231040
31,346,692,37,const,103092067517639443828852953575259955660388341401044870107725624169288017674573447984864395547094040885732573184
31,346,692,37,bucket,99816750282998910886904719880681268852134633516219902448582360061136786391919041010660271286779938529926447104
31,347,694,38,base,78825603994421424026957000705135891104857869092337086714202636862542907515201899735227761585512078074561553235968
31,347,694,38,const,13034021155880038084278451783811768518698413229874645960631607161253443497253331230311981723414844824431907307520
31,347,694,38,bucket,12619883517122883488529558176869126867490652283780025342014758007399883858220279024107942381743107387795074711552
31,348,696,38,base,97537616731099696359737813886668203116571233297181700503579066592269091724012079373392888634109890202862312488960
31,348,696,38,const,16128084978445420868085213227395787326810119651419823113096833547775469623274405657820557134262815143636171227136
31,348,696,38,bucket,15615593185883165498113240952081938326340707556458885690868903184151942651706424760849144954586891031154584977408
31,349,698,38,base,120621525507341617024736245240446678139589217606269677692777521402336397918918436900408824322588250279188430323712
31,349,698,38,const,19945045570724360418037007664308052208698205871910164685418071227604730060952108660588085437916764435423543951360
31,349,698,38,bucket,19311209941399065960125990749502640257040166696764458804261881709111395830223064391011165560676428549794553659392
31,350,700,38,base,149082514956054985030097584201711747539436712859644832723516231420474778004768950105069550732988746484534858481664
31,350,700,38,const,24651110211017222902503824009819218235191541869420801391585068714035691097758787865697715484518856938187730714624
31,350,700,38,bucket,23867653004732554504340656726799708615678092241587225331255849764351755364669353509011120176899020075662531624960
31,351,702,38,base,184153162742190847481508030912680227004163688186618063312963060553224325785457009924492446013124135846831634513920
31,351,702,38,const,30450085423433578469048217856136077484126550297128340128610633548075768032804691433670859992783765662023188217856
31,351,702,38,bucket,29482244072310962649757291226067185498022875560621366751970686489990470603488047782729374297894259527688646557696
31,352,704,38,base,227344044201207308170768699375796548078317063468151064478331189770478131422653097536789278685800016306085323341824
31,352,704,38,const,37591744370272071445293108846265952482787793219968102136007823233155004468016096370639285365673102226761587884032
31,352,704,38,bucket,36396808265673870672839841068200843514015764060034087219251376841721341430747611510686711645752331205136185556992
31,353,706,38,base,280505413662483697160042780235628403607865178289775119109597736944159360115710037577876935755419651554958255325184
31,353,706,38,const,46382025746762903928833005509502381659617810878707239301875898537682439756815402058401886841707836123923311755264
31,353,706,38,bucket,44907548239176925862349159941561588820262590553028002327083715667610843383126598227392901610153703335696151871488
31,354,708,38,base,345902346740753095259085080862832877869865446953466455348020241109798873529128914997213971883175136119761745739776
31,354,708,38,const,57195458411566772598523269019995087971098697798976788750063940988923960373388907124987409626548804843016621654016
31,354,708,38,bucket,55377073115286149621527589414285363580469353330838618234056153221266680559742032347257009134089365896389847941120
31,355,710,38,base,426306232486806032430946686136608907712986287873570752849943703331441056622994364127185354103939936506015633113088
31,355,710,38,const,70490289421341007884163554881445295189339623730810369968336442132199774523504990289521520856280362718024360263680
31,355,710,38,bucket,68249044691992872738040987953167342816471300598201596991767784526278397652589981055770027270745356100778760077312
31,356,712,38,base,525106113879367173870514220164823699943797558188623134960371796381378398988018897281518080424311104943148979191808
31,356,712,38,const,86826893930946378543462328092233435199044073435852967337245723503219960974473736749439014910922269221451642961920
31,356,712,38,bucket,84066000946500483953391689648997226748855853789941019781469771491909144268611573833631886668576829411232661372928
31,357,714,38,base,646444111179609761559721048311439268028161045349207357115658428195274219759643104971965824151742744860703441551360
31,357,714,38,const,106890167121832942732473655733166317301392544659968839806601383335749801268141456847242027261332184097802705436672
31,357,714,38,bucket,103491034679791485415230464261233530727480751340201025762730140635042500618058770990823187537998732670119452868608
31,358,716,39,base,82418839216481421032510920500061588125858434365932409582368849379519338766736163899812007079968106667588391383597056
31,358,716,39,const,13628022809347389033318892675943624158014526279177930741510600453001330334288209404518839429485166082091711568281600
31,358,716,39,bucket,13194613824616095976961096468997414431574062055088695756163147816769275768783901055188309258410474717633064130838528
31,359,718,39,base,101862988267887398591814838607470326137443811310982174187605417694016842268076738418251347987321174847781658070876160
31,359,718,39,const,16843112900182584433814219142267642854719601736177802059405146404265301848907912099520788526436852708252806534922240
31,359,718,39,bucket,16307412643072383539698469996361473888492494426051334739061740929526050513056987194958996448454522169475509642067968
31,360,720,39,base,125823914226924308082130598365631079658376691032989219751482536761018558471170562937457272953742028299043649223655424
31,360,720,39,const,20805048430759635846419243982781322854406592996951874920155548880272804908902687958134140064890868741965031472627712
31,360,720,39,bucket,20143285593393369653854245905822656352580504786938948551738284196855313021308300802684596309835205473525742270676992
31,361,722,39,base,155334567780988843508707568976253464690183732334832048085007439918568767466167678372680847552258566499733364000423936
31,361,722,39,const,25684626153979197841532858110510056889146984992309500760930529061896970521884059623438302596023215655368799425658880
31,361,722,39,bucket,24867590974733737198206462856115288510295527450667231711751885734219621836162419872758107937577093173662023287832576
31,362,724,39,base,191660426928575047069147411365050497581037929131681921513816842719268466206002092997114967767959859628966728085536768
31,362,724,39,const,31691090663770632047580795047935763154464721984912006283016500788161828141742738255841166925386401073906412943310848
31,362,724,39,bucket,30682910204227749059895909712633870718928118532362285202963649541281637491449405411847765032293811487342894275100672
31,363,726,39,base,236351012972551314887156660568421552429866803716137684784349961519900378186270327079261415799281017386090354207358976
31,363,726,39,const,39080652403660925020454047869718256161350929981266165862577089090745408215536877029813606367975745740207569021960192
31,363,726,39,bucket,37837294387481334341054283495887169752645763874089884003163696593624402791908571390626325239853761805288622362984448
31,364,728,39,base,291302637353671238549631215297987486840864798568360326960213999505878755392716841410387331615576878557980515199090688
31,364,728,39,const,48166862651336282065515771005008634410973930547591267763529484356139085867870013134537183834105286317298191171584000
31,364,728,39,bucket,46634308667681917892814905119107541404058592677241901053908601270872078483247743927223049202597996147983525026463744
31,365,730,39,base,358834788179990269506034113429808912277952996113219812033889006534779138336901106764033586585827645107891274336174080
31,365,730,39,const,59333243772407293047153992081763972808550786410057990130446836290303314794409739416659365053839840949295293776527360
31,365,730,39,bucket,57445259944912323420957852797988641323907151019748085420671682694309560822566580758388709343212476521794280357888000
31,366,732,39,base,441783073539674779118673677694832944676163537608969058450484178887465087660634096124412533272715574356128967816118272
31,366,732,39,const,73048657070018519237255217735930826327925657344788729718923112414371894997437054737054437060910969143442152838135808
31,366,732,39,bucket,70724074909879021589824481033044266377638408905151737465272265901678469712673403485789558933227038513866079492636672
31,367,734,39,base,543612252376418683631974010230598160500323218544980037642466138761024747370897355895124629171319641347462286811332608
31,367,734,39,const,89885992027536227824388265262915352035096840824051691962588368309094099461290228516055620636346895028985193614540800
31,367,734,39,bucket,87025393569579779010725153235807526778052984573624787782710795305484449019217384861589930755184900077265996161744896
31,368,736,39,base,668553624376582083895274272318340902509504468357437981316768111476248394940093838411434061255691266576005515855265792
31,368,736,39,const,110544883207203731137783564033471812794319759710196983462670987170385479933702744007275265433226024162477133399064576
31,368,736,39,bucket,107026562000759655899492869237784064193034620882067814960973212028499560653728077156649321187014974339415868780314624
31,369,738,40,base,85916770331762620732676259805991330896362824961451792012947564687553551086533306739131858532858139736049276428853706752
31,369,738,40,const,14206266659606442999953367418313362273033680366444250873137549561087965387931498827062326571219280822207945331267600384
31,369,738,40,bucket,13754089627466298685540493044168735332666813460153632974281627584461283808316761129908704864497759077842817663335661568
31,370,740,40,base,106067748452187977664217676065724066401220122603867972139844212517702419592232509160979599474406603206285516640872300544
31,370,740,40,const,17538199003356163172434127306206395859267013411597832405163897402664050160352903450575576533338692828643387325913497600
31,370,740,40,bucket,16979928132161008352251340455897488003461900378626547698506267692113868285715975820157391518181572801137254071464361984
31,371,742,40,base,130874194862858678038191565701282009402784959428866739840569205499164848520648886781886809885680117738160027555546005504
31,371,742,40,const,21639902223013188799777107304167884555844421383832322889652646141712317521392213412792073224959310085891941735872856064
31,371,742,40,bucket,20951017661736389620531512582068488127448362608676867638230145726180621604609050463418975944695118208161002235147321344
31,372,744,40,base,161395404385604056464472774629114813086114738640922354059889242701221660445066421270149147814648233792233230865537171456
31,372,744,40,const,26686527490634156792006312368037466304322880539363464597599047425388524441833825739124905051520364909307586490608386048
31,372,744,40,bucket,25836928173872937885462237395255301641000758829306333995295403753572479770557789167831016673836900012640381718985965568
31,373,746,40,base,198928023384838155976493913663369334467994262536358471698471027147394771911567497345229394541263624494990533142618570752
31,373,746,40,const,32892471163965537785323175654118820048344833098846676857111918489694550287156149088055761149792760889232746371210018816
31,373,746,40,bucket,31845223809004095177858110077488322864195912063225506772663920829323847181823700941166393139074928148870039365415337984
31,374,748,40,base,245058412554248092973425873714963945944053267427232710432618452000341265808852830127047658578843111772379972029518970880
31,374,748,40,const,40520032739905539831943952407233802604233163430508630920053622985090779108425755863866047097322274788218507020854099968
31,374,748,40,bucket,39229844760255343558703329107615340242634402347696984968079569297453954468677134959736896953052573496721706753831469056
31,375,750,40,base,301726381808538268066477859904270212725025165833785875194069655798005906344090608465204856176257869676631120984942837760
31,375,750,40,const,49889953127076146204230791909955333042535472771495995387379248347734972186114720712491861262311634987227938402676506624
31,375,750,40,bucket,48301309482398232689565148145028735352612140572176069128378501659537606366298144383231175033335219109816919912064483328
31,376,752,40,base,371302728232580398948142426078504639233872566501558059511675876708582775579955102950467903578758406410550576541639639040
31,376,752,40,const,61394235181345797082405419536132891162679341316372163715877154684176235543061115927743646105897626825388859876706353152
31,376,752,40,bucket,59439126357743517246242515649113395189730208008085130558702889456228299456257424020511374808412504532833662905977143296
31,377,754,40,base,456683519436630772624843075141210367856161641166820014328094696463527704762170300217788404330962611440657610718593417216
31,377,754,40,const,75511733004214367041212962893450954580980146417111954531573584376893399353949022906247381504082995453921287505715396608
31,377,754,40,bucket,73106885793909601223827366248481926627750680958829434319676688092518394072579014997651144745991557584987531871862652928
31,378,756,40,base,561404681917343604813155995842648440827109366377841313386441244541285133983419062703363782415371533698667387508492337152
31,378,756,40,const,92827098562372519684395635141450321980146824223546742087265435758837348730521155670328378200746984773613658162377785344
31,378,756,40,bucket,89870602528881403407746122608733788629184651534632585221186386521843461303839965745888139422839397086553544360235892736
31,379,758,40,base,689781198685655668521915206239642803438976083786146872747508573069498474696712217955675698719084321970036554237621567488
31,379,758,40,const,114053797311517927385647507613635212177858852173030599251798822932891552334814860952798479221447218057529749126070140928
31,379,758,40,bucket,110420997112921802270083757846427959215271811246212463228696432890294555778300837240969542095628015472655548987826241536
31,380,760,41,base,89313871680856471546205767028910416530762327626090338502875180432123028053797121110968660064633044356398829025440185712640
31,380,760,41,const,14767839578592951492801839847216345451961319044265168633948704474257389142868619009845513752635920637116055194079839911936
31,380,760,41,bucket,14297428288189725092548990970670339958991103032448298731402344647650309935737447416322550831252157101184288781355997724672
31,381,762,41,base,110145712551969977457019793023854204945695049787620695594178218512855936229374838921769409954785613180791068174680879792128
31,381,762,41,const,18212321270769377023359864577803053062957879015115796182546935003345764988738855184138037734515223812793201654439214055424
31,381,762,41,bucket,17632151826893329693851093375082187981870796076448092299576230101564180122101707616742490441594579213305784929813239169024
31,382,764,41,base,135765492558058547470167962540815078609941322795700899979807140772813929350535471642430663079882892397791123841462820667392
31,382,764,41,const,22448470918222046898142323891183250078632157120526535735313431901148683174617776070450612482886855424100705087763198771200
31,382,764,41,bucket,21733308202337385622423783811618036901849840483056414765606135653151249542673649159549754704922856652754899407693041106944
31,383,766,41,base,167257443075892886164143963314021777622042370990870960934518546866180085204342178337818675765453717296676677887946320248832
31,383,766,41,const,27655561428620161246598331480487325534456574973706936202550525004900525137156758483794552830696135073618252447660457852928
31,383,766,41,bucket,26774453909432453950279524791760257676536643528225673577346404977110249423708076062025785626448971381559729897904860561408
31,384,768,41,base,205947667861566913461807473670017062991728620326221611399969865882390154574909018274865020578305261915510509675641929990144
31,384,768,41,const,34052858089218260820087484661069853220875754812990463771025469572092269735577690293493299637776062548365191505506272804864
31,384,768,41,bucket,32967862176908733457691034289819787424424186582778786303758919769875725321776429215857412213570101776208586522180620124160
31,385,770,41,base,253457290018386499887678338956531217371841746102666885585956194216401024094435121915330054992171679343711117817085368991744
31,385,770,41,const,41908406116079519201705541151696766675917226537337371965301824073781118172827134019673575616201799474997614645465002803200
31,385,770,41,bucket,40573030126959294467660592970717759718869674981333272048609758493141420328951748104157738369673470617558027852647468367872
31,386,772,41,base,311767099919402062148474191165248129966047057170680775962030874471557023862584146637544398455511008230658149245586056937472
31,386,772,41,const,51549719813547991885207170915285691632800975636957162161054298411561955852907304858053955826713353101115091450218829316096
31,386,772,41,bucket,49907026849950339844586820801090678824214711002112078122065868457803095427600411374148459493435214730944666468817970397184
31,387,774,41,base,383296154761154695484385128887895700368773889186667633984836939175977253401300953886930996601616467973076397346562745827328
31,387,774,41,const,63376778546350805560737086066213702858826303277843820556012386325290212922199966458603721225967712195168112796343235248128
31,387,774,41,bucket,61357074659367581302140989736360581938824221313043621926038965628578689014544682975083310446441477062162044020923752775680
31,388,776,41,base,470997294547611569998684944789500326053277201961711879277650715689090317868379564158864414363949399721474284437719662723072
31,388,776,41,const,77877819732973697743154589521462912037167958529654499619609286892002067430867281647719896714661924971604062867751352401920
31,388,776,41,bucket,75395838083535333794129289469806540377371945907936618662646360591204680535744841378493535688149195910642905128289293041664
31,389,778,41,base,578473159596527577230659108729898116235715100253038264308696687611647041925040505334905916656418426865030620282752140836864
31,389,778,41,const,95648521629703073083795354827767736121258125130442352679651480841989740413722245180777972644211795932694686165222987661312
31,389,778,41,bucket,92599994435682681663498784391522401825974252096925928591701523224371387268395824622875838564090108373577331780502123708416
31,390,780,41,base,710117042703532940057407363667255528255822742896546536186200923364272721679587602847583906780590050608381288300573133635584
31,390,780,41,const,117415292357855014190043195236445853173036384557043182987844581125037949671670400848509664050762867433040479745153897070592
31,390,780,41,bucket,113672779536511746142396826143768991734997049309428273259480686712348839109853669898708304192107301875648637035343673032704
31,391,782,42,base,92605516100129774445252135650260213847863942534645506235428579006271339786608549342580616928882532838433289565585769842606080
31,391,782,42,const,15311976933095018661507417879153624057373703506496785905994601438604493073634674023606459064621954210635835041790108763160576
31,391,782,42,bucket,14823890749277338092161386871727482342778808662481014063550573706027225753750086408187603137056460219530992356850548315521024
31,392,784,42,base,114091758417377085931626458438980547578471342543961614364207675315773147539905886969490506417012850893835716688317475090071552
31,392,784,42,const,18864633297078807032099588211563977845964772987314200556389227243232605776630506044879175440645304774506009770438765037223936
31,392,784,42,bucket,18263265696094686801148467382667438767886345225988293032687955642319097445970989292260480543974022582222396115461453557792768
31,393,786,42,base,140492185992422757923997843531761452880126562792430930286060305941253568426448930246189102411134000568916350270067096237899776
31,393,786,42,const,23229825655965862796281996500175102348292544344485234213916457517584765351820008692360995589629357086160865016093308578955264
31,393,786,42,bucket,22489259572813377296728450090859524714947732450079514481963873672919190289810175707921376299773470742701699932048376853430272
31,394,788,42,base,172914577290676462019458211043496500479017347176981643555187301133205457394256676279171035439759174449433960669165078420914176
31,394,788,42,const,28590718964771923508252506934946018602198671325623408802445521982607030851634993327067514365699273350707715986173356645810176
31,394,788,42,bucket,27679193190955233304634516685718310018117530059372536645082994908138008999789672353026960921651879275891419097250944037945344
31,395,790,42,base,212712807647847086665707318260732339980459578692401471381167938958925259665096287717262032042453243426478817617674621631332352
31,395,790,42,const,35171168766477489758211343891036164486087637269332845798376706114564287469799540006580297366671163896758921345695752824815616
31,395,790,42,bucket,34049779260596790829818563913965360110163362173946298327551691077256884848013244709639375425505046884012405996364646062227456
31,396,792,42,base,261540719765895118176622900965482501551137520669401836173266855819915111171139850659773563551366576532618912229953331408142336
31,396,792,42,const,43244628311677849255388264706935084406082377116036886937747905355457748427715919068192498589914459330238121269052835654270976
31,396,792,42,bucket,41865745143107287746873826963989303406607679971061003728279791959482075570892946701347986114754417225519994627566829318438912
31,397,794,42,base,321417612063613689477614044938170958696984586398861778766067234647387803532110684664631399386241964260778645792999986576752640
31,397,794,42,const,53144976604593036786619764029739984723290634252416383366846054132993669481552025916143943645563310545573088488753713578508288
31,397,794,42,bucket,51450315185050886457313948430179328194803538065716557029901079725805241565904208136285205979591910568505177673331435183800320
31,398,796,42,base,394807813010144152063644981074711513213336001071466606846280383054038287154973542714786486735734241826163758374843615362940928
31,398,796,42,const,65279675460787841448852160037569923257126103122017396163717664628585867837501666649278426616503232912596096696715727884779520
31,398,796,42,bucket,63197947682537384201714173383720932886916410354491976020833603347393289452836953782198304184812143707742331334550288792027136
31,399,798,42,base,484717325999689824420755065247048235315365374867051616634749963294240030479397663711986158533909233507747193057239106156756992
31,399,798,42,const,80145749049240895247034125041406471479406425766333748758587169034399862129164568951429567969155193766488312750504965639766016
31,399,798,42,bucket,77589804184168009259152367361697840854311685587110693316224103609258734306749630575219012251039318827160539398734620682878976
31,400,800,42,base,594811152167587456836912218090798437137550919425353636480409685823309165563575166291625339889535744185975441462340483702325248
31,400,800,42,const,98349182372935894895874688993618023215639150596264894357662876011986259771108602807110660223121713798716918028391927781523456
31,400,800,42,bucket,95212528531476827960879014372504302703192320804800364019680337225527872414467302611705680322667436800438389840828688504979456
256,10,20,4,base,19122017684
256,10,20,4,const,1712007044
256,10,20,4,bucket,5769853356
256,11,22,4,base,41830825876
256,11,22,4,const,3541455196
256,11,22,4,bucket,11090674574
256,12,24,4,base,86441518156
256,12,24,4,const,6985215736
256,12,24,4,bucket,20409513554
256,13,26,4,base,170050486788
256,13,26,4,const,13214537232
256,13,26,4,bucket,36173354405
256,14,28,5,base,4630454429092
256,14,28,5,const,347996297140
256,14,28,5,bucket,896359323812
256,15,30,5,base,9309077547368
256,15,30,5,const,680203241888
256,15,30,5,bucket,1654882907746
256,16,32,5,base,18007763624732
256,16,32,5,const,1284398195852
256,16,32,5,bucket,2963060765299
256,17,34,5,base,33654004181532
256,17,34,5,const,2350771453512
256,17,34,5,bucket,5161394018549
256,18,36,5,base,60971752549316
256,18,36,5,const,4182370962356
256,18,36,5,bucket,8770069775608
256,19,38,5,base,107402428989016
256,19,38,5,const,7251395858296
256,19,38,5,bucket,14569235850402
256,20,40,5,base,184415592045356
256,20,40,5,const,12278807041040
256,20,40,5,bucket,23709361768153
256,21,42,5,base,309342931349608
256,21,42,5,const,20345099493028
256,21,42,5,bucket,37860975264609
256,22,44,6,base,11061332455806472
256,22,44,6,const,719597335803592
256,22,44,6,bucket,1293961004854506
256,23,46,6,base,19101563056168292
256,23,46,6,const,1230658046954156
256,23,46,6,bucket,2143439637007365
256,24,48,6,base,32314195453820504
256,24,48,6,const,2063931539102096
256,24,48,6,bucket,3489603388081049
256,25,50,6,base,53632893822843808
256,25,50,6,const,3399019851960564
256,25,50,6,bucket,5590253747594249
256,26,52,6,base,87450913310565552
256,26,52,6,const,5503564000678900
256,26,52,6,bucket,8821445915309709
256,27,54,6,base,140253976975638768
256,27,54,6,const,8770939899168476
256,27,54,6,bucket,13725137771811388
256,28,56,6,base,221490301229025504
256,28,56,6,const,13771931457064776
256,28,56,6,bucket,21073570192520556
256,29,58,6,base,344753732477763584
256,29,58,6,const,21324819662930428
256,29,58,6,bucket,31955444865819448
256,30,60,7,base,14790145937052631040
256,30,60,7,const,910511863041052160
256,30,60,7,bucket,1337996626628897536
256,31,62,7,base,23650762486430650368
256,31,62,7,const,1449683163925906176
256,31,62,7,bucket,2091703879523001344
256,32,64,7,base,37315634517823094784
256,32,64,7,const,2278199853753687808
256,32,64,7,bucket,3231338428525511680
256,33,66,7,base,58134526920887541760
256,33,66,7,const,3536302253345591808
256,33,66,7,bucket,4935950934840612864
256,34,68,7,base,89489743239917453312
256,34,68,7,const,5425367007973668864
256,34,68,7,bucket,7459563688064456704
256,35,70,7,base,136201760259070836736
256,35,70,7,const,8231758753296023552
256,35,70,7,bucket,11159364409139005440
256,36,72,7,base,205076474121672228864
256,36,72,7,const,12358958949141751808
256,36,72,7,bucket,16533365487826262016
256,37,74,7,base,305637667808515260416
256,37,74,7,const,18370507847421011968
256,37,74,7,bucket,24270344681238044672
256,38,76,7,base,451100047845060837376
256,38,76,7,const,27046975172946673664
256,38,76,7,bucket,35315618839161536512
256,39,78,8,base,22768324944854104670208
256,39,78,8,const,1362021542834403016704
256,39,78,8,bucket,1758816369159099121664
256,40,80,8,base,34421051136478088790016
256,40,80,8,const,2054720347916768641024
256,40,80,8,bucket,2625740018408894758912
256,41,82,8,base,51555917679501546356736
256,41,82,8,const,3071463110243207610368
256,41,82,8,bucket,3886526040225712439296
256,42,84,8,base,76537170571927406772224
256,42,84,8,const,4551288815898566590464
256,42,84,8,bucket,5705648713417871065088
256,43,86,8,base,112660677892117509439488
256,43,86,8,const,6687775675547285192704
256,43,86,8,bucket,8310506014322325454848
256,44,88,8,base,164488069335894282207232
256,44,88,8,const,9748523440226416197632
256,44,88,8,bucket,12013388760881953767424
256,45,90,8,base,238289466724553735536640
256,45,90,8,const,14100944602006982492160
256,45,90,8,bucket,17240417792395055202304
256,46,92,8,base,342626611285462551101440
256,46,92,8,const,20246206522076170289152
256,46,92,8,bucket,24569446053444658921472
256,47,94,8,base,489116535593925664047104
256,47,94,8,const,28863648340020459208704
256,47,94,8,bucket,34779436150231960387584
256,48,96,9,base,27814095969531945973448704
256,48,96,9,const,1639284570509109731786752
256,48,96,9,bucket,1962013155941446454345728
256,49,98,9,base,40557432975879924665548800
256,49,98,9,const,2387492363870494181556224
256,49,98,9,bucket,2839307490150370542354432
256,50,100,9,base,58726925902965078153494528
256,50,100,9,const,3453187580429981861281792
256,50,100,9,bucket,4081791668484310703276032
256,51,102,9,base,84464903856729119025790976
256,51,102,9,const,4961324748656682091937792
256,51,102,9,bucket,5830654749718116753735680
256,52,104,9,base,120695887407396752713580544
256,52,104,9,const,7082350731581308459286528
256,52,104,9,bucket,8277647785892783081914368
256,53,106,9,base,171389888473142073596313600
256,53,106,9,const,10047478802610626574155776
256,53,106,9,bucket,11681804280892944877092864
256,54,108,9,base,241907138470308949576908800
256,54,108,9,const,14168675433283132978102272
256,54,108,9,bucket,16391248452561718678126592
256,55,110,9,base,339447286797677608734556160
256,55,110,9,const,19864690596356567771119616
256,55,110,9,bucket,22871509981453632183205888
256,56,112,9,base,473632049595936611713941504
256,56,112,9,const,27694804697134523354185728
256,56,112,9,bucket,31742124702219323855339520
256,57,114,10,base,29504294219761456155853848576
256,57,114,10,const,1723883166465373690805616640
256,57,114,10,bucket,1967247898266760818049679360
256,58,116,10,base,41951799050286976749187104768
256,58,116,10,const,2449373558065983181322977280
256,58,116,10,bucket,2783579818510138912599441408
256,59,118,10,base,59320363754899932913898356736
256,59,118,10,const,3461030941462233382540804096
256,59,118,10,bucket,3917694746238099965687627776
256,60,120,10,base,83429562332447515157494497280
256,60,120,10,const,4864445162351664951843618816
256,60,120,10,bucket,5485415350871808519331381248
256,61,122,10,base,116726831873482336564624228352
256,61,122,10,const,6801571141291947563207884800
256,61,122,10,bucket,7642000215981933729721352192
256,62,124,10,base,162489156618841105809035755520
256,62,124,10,const,9462389706386963103127437312
256,62,124,10,bucket,10594656210906329451597922304
256,63,126,10,base,225084893572165269635773497344
256,63,126,10,const,13100040096597868019376455680
256,63,126,10,bucket,14618739859077775055871016960
256,64,128,10,base,310312335237980248024784306176
256,64,128,10,const,18050380725313841088874676224
256,64,128,10,bucket,20078655103470796902609453056
256,65,130,10,base,425835827306872272099808903168
256,65,130,10,const,24757177850291090534264995840
256,65,130,10,bucket,27454708748691443276922748928
256,66,132,10,base,581745467663620207022731952128
256,66,132,10,const,33804421562712361539966337024
256,66,132,10,bucket,37377497534650142720148897792
256,67,134,11,base,39785982046038304018042028294144
256,67,134,11,const,2310795570021110493398800793600
256,67,134,11,bucket,2547827588772385064504996659200
256,68,136,11,base,55276842169091541542402399404032
256,68,136,11,const,3209035089092114117969448009728
256,68,136,11,bucket,3528604358403209022061229899776
256,69,138,11,base,76457915698782016912799817531392
256,69,138,11,const,4436718297332864007876277960704
256,69,138,11,bucket,4865820720993125861117357195264
256,70,140,11,base,105297858861112319032910971666432
256,70,140,11,const,6107662118061295340418314010624
256,70,140,11,bucket,6681569213715695789562774159360
256,71,142,11,base,144405653342986374004872373600256
256,71,142,11,const,8372655050892916299512212881408
256,71,142,11,bucket,9137285783287629811267426844672
256,72,144,11,base,197226009595775983618537084157952
256,72,144,11,const,11430725850558754015475826425856
256,72,144,11,bucket,12445652234169939720121205391360
256,73,146,11,base,268290587593670426737355863883776
256,73,146,11,const,15543627543155956995796502577152
256,73,146,11,bucket,16885871393499300242940745482240
256,74,148,11,base,363539921857299619599505957060608
256,74,148,11,const,21054393448962560184419839115264
256,74,148,11,bucket,22823207846495455440415561351168
256,75,150,11,base,490734633902238253350814406934528
256,75,150,11,const,28411034389767349151134356865024
256,75,150,11,bucket,30733907274662749972361543417856
256,76,152,12,base,35492207402977865398651963953905664
256,76,152,12,const,2054134057925345294209134794637312
256,76,152,12,bucket,2217627662405895018281106453561344
256,77,154,12,base,48647373188894270739365898276044800
256,77,154,12,const,2814595846781513006827488797523968
256,77,154,12,bucket,3032744633739955312602844749627392
256,78,156,12,base,66426652564531133999284774259130368
256,78,156,12,const,3842068119224601260398306301837312
256,78,156,12,bucket,4132132484104944550010382140309504
256,79,158,12,base,90369312203313588479960579540254720
256,79,158,12,const,5225340941165371557532293484511232
256,79,158,12,bucket,5609721137841374167651713133051904
256,80,160,12,base,122499098396304102374256364889309184
256,80,160,12,const,7081123852258166959264055802462208
256,80,160,12,bucket,7588800215262309810880397587775488
256,81,162,12,base,165468172375782206627463040283443200
256,81,162,12,const,9562333097272092424675736269357056
256,81,162,12,bucket,10230685116920883426159429802786816
256,82,164,12,base,222741332651213592441601176381685760
256,82,164,12,const,12868696494140668713029051640446976
256,82,164,12,bucket,13745794054011778937686910639800320
256,83,166,12,base,298831125546305254522060667610988544
256,83,166,12,const,17260285334837198091965017930858496
256,83,166,12,bucket,18407766873858951338243556861018112
256,84,168,12,base,399597061615177445677983783911948288
256,84,168,12,const,23074733013641771977873113711902720
256,84,168,12,bucket,24571411415992981249731404572393472
256,85,170,12,base,532625376223362609329535384765333504
256,85,170,12,const,30749085055227368483831824416505856
256,85,170,12,bucket,32695453609432763892983066446004224
256,86,172,13,base,41042976558175035362447213629108387840
256,86,172,13,const,2368910534608260046614926238913921024
256,86,172,13,bucket,2515278835587920453416101209150849024
256,87,174,13,base,55470891676833304381676079259947368448
256,87,174,13,const,3200941864950239531125541349644828672
256,87,174,13,bucket,3394042437019599613583437388901777408
256,88,176,13,base,74730284332487084892078449100429721600
256,88,176,13,const,4311370242411878797325676456710242304
256,88,176,13,bucket,4565366887163603038245221548225986560
256,89,178,13,base,100360493264449554562352084938586587136
256,89,178,13,const,5788827305271269753172366809137938432
256,89,178,13,bucket,6121952341995353863927645405901225984
256,90,180,13,base,134366855436156817053588647472355344384
256,90,180,13,const,7748756694311996514674564931696721920
256,90,180,13,bucket,8184416589854426390008670584035082240
256,91,182,13,base,179354548596636817101790176153257902080
256,91,182,13,const,10341109773703327124776529084882616320
256,91,182,13,bucket,10909274456268036769509095214919188480
256,92,184,13,base,238698847781542969985482421381940379648
256,92,184,13,const,13760133785504623721231346803457130496
256,92,184,13,bucket,14499078213267243185745893399338156032
256,93,186,13,base,316761163598203308959716916330764435456
256,93,186,13,const,18256790423541730313583699152718528512
256,93,186,13,bucket,19215272553867470369203089631315230720
256,94,188,13,base,419162504543298848763567436627202539520
256,94,188,13,const,24154473358297361761263601023616811008
256,94,188,13,bucket,25394451552947914267650389895528054784
256,95,190,13,base,553128800025981391494726096551111819264
256,95,190,13,const,31868853623345321557916384851577012224
256,95,190,13,bucket,33468869388094249852567107814079594496
256,96,192,14,base,44938285498387300762943084693473091125248
256,96,192,14,const,2588713410873276538396814116453909266432
256,96,192,14,bucket,2715848578459147112301898718637654540288
256,97,194,14,base,60059005834508939926958965400311450042368
256,97,194,14,const,3459195506674359954677291453176220745728
256,97,194,14,bucket,3625407154833868991479766776988181725184
256,98,196,14,base,80044551776860780248459930666470201098240
256,98,196,14,const,4609569249134565228412735293093830459392
256,98,196,14,bucket,4826304840864871305320047908473612009472
256,99,198,14,base,106389899331765055130125238260246687776768
256,99,198,14,const,6125796739110475999206417696854028320768
256,99,198,14,bucket,6407695520655435822676153099550908743680
256,100,200,14,base,141028321032488816998994321603237234343936
256,100,200,14,const,8119028748486657481051188577208065064960
256,100,200,14,bucket,8484767438942103482736381391140068261888
256,101,202,14,base,186453825158976432345891467153618551963648
256,101,202,14,const,10732637644880385999683523034249735176192
256,101,202,14,bucket,11205988690806210687259362614829731807232
256,102,204,14,base,245876140828844409050376942422935067426816
256,102,204,14,const,14151118857914783477998687459138183626752
256,102,204,14,bucket,14762271839974756478599728362431583354880
256,103,206,14,base,323416468447037980672124689010382837121024
256,103,206,14,const,18611332576133443054105839096152383815680
256,103,206,14,bucket,19398540728788713588538092914270225301504
256,104,208,14,base,424354184055326529183603444700938290331648
256,104,208,14,const,24416670313357414122397490857497866534912
256,104,208,14,bucket,25428297902829617499377051162001457283072
256,105,210,14,base,555437101815928315115566646429510673629184
256,105,210,14,const,31954869543212602274698794563404287705088
256,105,210,14,bucket,33251932523296782821186585494814904549376
256,106,212,15,base,47194180517255939225374895452276193847410688
256,106,212,15,const,2714790783603499639545984632070330155794432
256,106,212,15,bucket,2822764091618750186206707809824108405850112
256,107,214,15,base,62500005506523164412945953458570783050694656
256,107,214,15,const,3594803966063411516503765891224584425832448
256,107,214,15,bucket,3734916217556252104667740300308693114683392
256,108,216,15,base,82567391606243485377776357597523410897862656
256,108,216,15,const,4748455729140057234421561286713175711940608
256,108,216,15,bucket,4929855868693281442004332047944005044928512
256,109,218,15,base,108815903582984942626375830705098573874200576
256,109,218,15,const,6257289572685565566206224402065087646400512
256,109,218,15,bucket,6491614198662504625472837022540396090097664
256,110,220,15,base,143070271052095540808973158656479550370742272
256,110,220,15,const,8226112886788314710874445294142183398440960
256,110,220,15,bucket,8528131445527605262201337584429145195020288
256,111,222,15,base,187670974906517105208213413835073736218247168
256,111,222,15,const,10789344102109175612330497761646781248045056
256,111,222,15,bucket,11177763454414209343850898359719479811768320
256,112,224,15,base,245613664097155591915279140030891372054577152
256,112,224,15,const,14119013944372208514561800029672285298229248
256,112,224,15,bucket,14617479734739070390369976427933080051777536
256,113,226,15,base,320724572746074118589366377839581724621668352
256,113,226,15,const,18434832014844980668121938544599272762900480
256,113,226,15,bucket,19073172616615483032395006452035403621859328
256,114,228,15,base,417880806210711945564677055171517880173854720
256,114,228,15,const,24016827308315131984614660706211637785264128
256,114,228,15,bucket,24832596221616668175170920574326661091164160
256,115,230,15,base,543286446125135370583692478558394904175706112
256,115,230,15,const,31221190608600951666174151616553268084211712
256,115,230,15,bucket,32261575403679974528723885781021343367561216
256,116,232,16,base,47971673119112381307986969466723155154380521472
256,116,232,16,const,2756537556816635383753388192552863148126765056
256,116,232,16,bucket,2846664601862933005839113907437335372357435392
256,117,234,16,base,63048543010238104879501230706859215576344035328
256,117,234,16,const,3622543457029883018958051920197228461054492672
256,117,234,16,bucket,3738769665177786020820050139851131617353400320
256,118,236,16,base,82683236602832470955222298793162879113122283520
256,118,236,16,const,4750250661421200769432277371027565658165477376
256,118,236,16,bucket,4899825219973923390121155935166197953787330560
256,119,238,16,base,108199970953265462019723503461785611394850226176
256,119,238,16,const,6215666254036114743648910318693156986552320000
256,119,238,16,bucket,6407767449899914544806998539613802092514246656
256,120,240,16,base,141292387476790730747166349952532134229429977088
256,120,240,16,const,8115994325478565123486044898847886666016751616
256,120,240,16,bucket,8362220778585701985666666410868378924740509696
256,121,242,16,base,184122415803328010616190307049823657082816036864
256,121,242,16,const,10575306820906125835616824601944559507390595072
256,121,242,16,bucket,10890288254335844836239023783374342735634890752
256,122,244,16,base,239444491544798991690164439719281600586884055040
256,122,244,16,const,13751668252764594757086290177717979531526012928
256,122,244,16,bucket,14153823554780256099367689866239609594217234432
256,123,246,16,base,310761351881303911959642050088424755095912054784
256,123,246,16,const,17846071072318324119257633147997842879646007296
256,123,246,16,bucket,18358547544491279184959642713443795310817050624
256,124,248,16,base,402519093600767816489272904942127103267968122880
256,124,248,16,const,23113622209517745876720632128982967766485041152
256,124,248,16,bucket,23765457325094300838936262316895173475320201216
256,125,250,16,base,520350966293149251060696902064486786529146961920
256,125,250,16,const,29877523761493870116735497592623760805508153344
256,125,250,16,bucket,30705079736785154655448452785824240073319645184
256,126,252,17,base,47505472300456427146607376568026573814803288031232
256,126,252,17,const,2727466112633838075988169845146501516456150171648
256,126,252,17,bucket,2801672088797369824637519064645446589036917424128
256,127,254,17,base,62036207147705366589804138864367012739427078242304
256,127,254,17,const,3561469276868258275774159267787868312516159340544
256,127,254,17,bucket,3656656418068473903231777049856368160696447270912
256,128,256,17,base,80852377599170845327892692999024869556567136010240
256,128,256,17,const,4641365099616435361008014739656949946405808504832
256,128,256,17,bucket,4763237771351741108970552107553470480854332473344
256,129,258,17,base,105171683416829035737112439503824637755501672660992
256,129,258,17,const,6037003703230215065952341705155023604904485715968
256,129,258,17,bucket,6192756074711906976114467239860818453618598346752
256,130,260,17,base,136544925468737667285393450727384451321473972305920
256,130,260,17,const,7837337485618557594361233208765793828474701479936
256,130,260,17,bucket,8036026875486624542398293955902447317602281717760
256,131,262,17,base,176943651648841944642884108733327704747925894594560
256,131,262,17,const,10155446031169852974130816266503156042081541029888
256,131,262,17,bucket,10408455918285723841202754300619498386819007905792
256,132,264,17,base,228869964875652685689010152059950339990734755594240
256,132,264,17,const,13134831303792684784867479447417173114646830252032
256,132,264,17,bucket,13456444613220579424720242973364399454464788922368
256,133,266,17,base,295493873235535060523895448533742796529854543036416
256,133,266,17,const,16957291423498262401024713404331856039199570395136
256,133,266,17,bucket,17365399225011948211053350743540270489725447438336
256,134,268,17,base,380824814920768819994664961161750382385598224662528
256,134,268,17,const,21852753090569355369735981040395347115089179181056
256,134,268,17,bucket,22369729322992793544197348881022948959851735154688
256,135,270,17,base,489925522566157262226563273610150186698225601216512
256,135,270,17,const,28111530486122753544714150427517953824375238033408
256,135,270,17,bucket,28765309934857355678019363394210092838140644425728
256,136,272,18,base,46054295290496183196730442968287498706893531550580736
256,136,272,18,const,2642400535456152528950483925750523796172127252512768
256,136,272,18,bucket,2702818123833788005199666428693249485560655913156608
256,137,274,18,base,59811554897003858909238837695256031957231198120443904
256,137,274,18,const,3431533469729085353251726466109200393445760579928064
256,137,274,18,bucket,3508678120801165483510814066351799845378986778558464
256,138,276,18,base,77539599832708866856458106647872130312028576116899840
256,138,276,18,const,4448380032192649559592028818584737220583298695168000
256,138,276,18,bucket,4546714657698002140271097728338570133219396609376256
256,139,278,18,base,100345082337379752023374951317823363494462478937489408
256,139,278,18,const,5756388915985166440507094545609147992001254478839808
256,139,278,18,bucket,5881522873267037231808153656832250759421650895110144
256,140,280,18,base,129632249600815325504001209562000573528330812906274816
256,140,280,18,const,7436067295720326147730366513584846853617453560233984
256,140,280,18,bucket,7595039646237744327628125886414728313157998964899840
256,141,282,18,base,167180103213972903864851463586753002108001281894252544
256,141,282,18,const,9589402753937728279218021049747548543936312383635456
256,141,282,18,bucket,9791032760969875255497249477519528913885896571355136
256,142,284,18,base,215238831645992724259129119407780558667104507096203264
256,142,284,18,const,12345389499805010065171245963623263306526888881553408
256,142,284,18,bucket,12600709681098214732118632575958859036897047637655552
256,143,286,18,base,276650149495261494019399591266122446987475763664519168
256,143,286,18,const,15866924329825762313276162349396899534106054709215232
256,143,286,18,bucket,16189714723943624611997186995384400445807958572400640
256,144,288,18,base,354997248622974876139605435637427570853565599278170112
256,144,288,18,const,20359399143109137797958754140652334350110356913782784
256,144,288,18,bucket,20766845489421690860642282935707851047546909915873280
256,145,290,18,base,454791375612249461770811377399845002398903834385580032
256,145,290,18,const,26081391814277949162989325287350404374140846849654784
256,145,290,18,bucket,26594895225132531373405682744608368991105929191620608
256,146,292,19,base,43869478719431078225013586261494947847668188836664442880
256,146,292,19,const,2515706799764598209120752692596963447109853582471462912
256,146,292,19,bucket,2564438161018352606489592493521741191083450335271845888
256,147,294,19,base,56703734542751696790648073193617117650218474377979101184
256,147,294,19,const,3251536553399471899151104907938283666340953777772691456
256,147,294,19,bucket,3313509385757601833266457362225914270122905564958687232
256,148,296,19,base,73172769270504103661056164876683635159350849918723948544
256,148,296,19,const,4195718164585938984992541273256578412460922147616849920
256,148,296,19,bucket,4274406584544810157147492450898640814085597760262766592
256,149,298,19,base,94272493646974809303873333729627079383400306309230231552
256,149,298,19,const,5405327964423911980844602129544280575137049545956917248
256,149,298,19,bucket,5505085430014990561713863653869895802592073616533225472
256,150,300,19,base,121262644929632609711067225624044504341476182432757579776
256,150,300,19,const,6952559567552848143585523766200102648075438776425381888
256,150,300,19,bucket,7078833397979437439107746453568104104999448241237917696
256,151,302,19,base,155734313626687453276733763686312248115369508730168147968
256,151,302,19,const,8928592474830231846034338362202061221120033842656182272
256,151,302,19,bucket,9088188757872874092792727785028206215021831046073155584
256,152,304,19,base,199694157222511850526192371559769559708347255913982197760
256,152,304,19,const,11448416510313328956065432026080876701168625436718006272
256,152,304,19,bucket,11649826780026061519381117930577919918339825747915440128
256,153,306,19,base,255669279129347598140786862012992726581202407160679497728
256,153,306,19,const,14656839929911023748720521871946096925787381399931584512
256,153,306,19,bucket,14910643466917403849178999366563804139264489396465827840
256,154,308,19,base,326837665340551253399727710882152535042091298565971247104
256,154,308,19,const,18735961390127560374163894202753861779724055915108761600
256,154,308,19,bucket,19055319980625273800409819589329201395429305442428256256
256,155,310,19,base,417190187847187200590226028671402614865301031189179531264
256,155,310,19,const,23914449901613030284628271213106245591400397669291524096
256,155,310,19,bucket,24315715491453349906833684970956443103932950554532118528
256,156,312,19,base,531731545910180621629660537461176425998448658048132055040
256,156,312,19,const,30479054880707658966545047732173236246735032916218216448
256,156,312,19,bucket,30982514899591732306165882401633294399937316222668898304
256,157,314,20,base,53003120861467541119749408821838261588032437392236280283136
256,157,314,20,const,3038040755582343675224587174391320630353977127871373639680
256,157,314,20,bucket,3087445833001414313895091976605457481435465712154045317120
256,158,316,20,base,68122277493884416767463864018584717340252401392344274829312
256,158,316,20,const,3904493583286412132495144453154247135825591562218116218880
256,158,316,20,bucket,3967007857992120064855491743316822291745741294668135530496
256,159,318,20,base,87423609534290314005861909851080548248753613277517240598528
256,159,318,20,const,5010579961780992408639837861120074108442696135577289359360
256,159,318,20,bucket,5089567840385596813027219869032850727807672080027057389568
256,160,320,20,base,112028323873406172861504884289206799984272917940373504917504
256,160,320,20,const,6420533438790209475687617063932112860163945239158695395328
256,160,320,20,bucket,6520193807904391747204153592361285055829860769560109514752
256,161,322,20,base,143348782947036416970383658623348864329075710577610212769792
256,161,322,20,const,8215265205039659098357782252878535699192316346028504645632
256,161,322,20,bucket,8340831285760452622204747131939080481203719824204888014848
256,162,324,20,base,183161694910337561216222359707517776065070500136492187254784
256,162,324,20,const,10496555874092808604684166568386839588640853437385210331136
256,162,324,20,bucket,10654541248709343754181960433754040417906390118095344631808
256,163,326,20,base,233699102420698849473800549222074566826045347116820495073280
256,163,326,20,const,13392266487892762772715527346637251484033457863390369153024
256,163,326,20,bucket,13590767577809457253334105563853479925253127112650089562112
256,164,328,20,base,297761354353327136055912756026675508053215192259716857200640
256,164,328,20,const,17062808328118064322575087690941346133175579968886011854848
256,164,328,20,bucket,17311875804444304969819060658522790510831319043097418006528
256,165,330,20,base,378857195056490007401714266344602851680157765520441965805568
256,165,330,20,const,21709165516342711734416862132940314568161356801888799948800
256,165,330,20,bucket,22021259780637277498652041389395152228449752365356963332096
256,166,332,20,base,481377264356472827749030231397371218555861356365470205214720
256,166,332,20,const,27582830713543333759653481136749171749179525276271034499072
256,166,332,20,bucket,27973379785482906830077261267815553029356534213353200943104
256,167,334,21,base,48953340440566768041617538303059192639828465991223937085734912
256,167,334,21,const,2804926688831413311802491808531884983277159234969380314939392
256,167,334,21,bucket,2844044081424350602794761470854794344544131067072420595630080
256,168,336,21,base,62694028390982977152276223590545387632848239392066531319873536
256,168,336,21,const,3592125734603151781158631040737955878322194683472247179444224
256,168,336,21,bucket,3641469073689326959559763006149723718331663177550935585980416
256,169,338,21,base,80180461000348043992826795492850856846921229246295874679603200
256,169,338,21,const,4593887077887422886097044999079606837464014037385444069474304
256,169,338,21,bucket,4656045858201709855190676806073652195081972933458555224195072
256,170,340,21,base,102403819351422706866585232086104218696433490925613980149874688
256,170,340,21,const,5866979505782723745112236904903981178637319089925554501058560
256,170,340,21,bucket,5945177925673583497242948597250674711702543634926930942230528
256,171,342,21,base,130609746597991535853099910798754628524868326979991444631060480
256,171,342,21,const,7482743940693007874953191606702054334921243352857752742395904
256,171,342,21,bucket,7580991357359497250262010691134742365155405647556719922905088
256,172,344,21,base,166361692046179776926983318020750127980272771711408622190723072
256,172,344,21,const,9530720475905677786587157560272364134853795986576082198331392
256,172,344,21,bucket,9653996321337417231476191537817168408401889016172703196905472
256,173,346,21,base,211619536046386390780468423185739927384148241565147449251594240
256,173,346,21,const,12123150273796620558985477760113629853618737042122607983329280
256,173,346,21,bucket,12277631050079914912709707900262617932165545741968594186534912
256,174,348,21,base,268837065745443600050099600528465570114418994550107443036160000
256,174,348,21,const,15400556696798500367978054752305102386825148613060270323924992
256,174,348,21,bucket,15593894293417540584214793446960972782469032702411439379316736
256,175,350,21,base,341082678991698119257410319723213419048056637370698544122429440
256,175,350,21,const,19538656247356242665479804035362563124582462532308244052836352
256,175,350,21,bucket,19780318780403243767354746288103031294505316113588907617026048
256,176,352,21,base,432188677465365993364351054209140667960977056595276263304724480
256,176,352,21,const,24756906202944612834476081204373258532024157628227657387737088
256,176,352,21,bucket,25058594932536502510966343378135267820008577163886036388937728
256,177,354,22,base,44750415210728610695622954535701272379224804332189420312969871360
256,177,354,22,const,2563351815197359642321400749902775518667767224583041758290509824
256,177,354,22,bucket,2594129214596568129055672475114672860108819814801077591420698624
256,178,356,22,base,57130608705791574940379764252906734100166900715131930332759064576
256,178,356,22,const,3272414861837985177246654302581167008334319613495801604548329472
256,178,356,22,bucket,3311128636186497336332068145566704609491085703485028598210887680
256,179,358,22,base,72841646247273812537839220231660853611535658841078991666035032064
256,179,358,22,const,4172225835051969331942483019709216829458719987973597995907153920
256,179,358,22,bucket,4220861006029255497168225481551918223071418521506558465552678912
256,180,360,22,base,92754647612800642047836704806612512329931160091306890435760226304
256,180,360,22,const,5312665522427759442835962162249463128665644074675572992160825344
256,180,360,22,bucket,5373688330139641612100571059198448927814766447782538095938764800
256,181,362,22,base,117962087067438695029287209113182481865315079137858451178593976320
256,181,362,22,const,6756288177895589335163456400587961135757318536692424024510169088
256,181,362,22,bucket,6832759061549817041189461468644669055027259714955943480360173568
256,182,364,22,base,149832415051763190438677129548876684327164843846615283229031137280
256,182,364,22,const,8581448505138913875436860680325709199662357071244772665202835456
256,182,364,22,bucket,8677160750205580652933529020651539901172904953682900161977647104
256,183,366,22,base,190077761931759243005627080256037709393313888271498121881625559040
256,183,366,22,const,10886177485622889945281579621161047598929527221718890785303166976
256,183,366,22,bucket,11005827173876131546440320838791165429014629801064655013539741696
256,184,368,22,base,240837763136032625862016861856041052739510793722528412076257312768
256,184,368,22,const,13792981011250195781716841850051800605481406961972699143990149120
256,184,368,22,bucket,13942375105258404402696925487380565706277243257915005830086787072
256,185,370,22,base,304783229564282638712900959122322488259652441824720708766277828608
256,185,370,22,const,17454774459547534340561044696782929148123115742336886948642160640
256,185,370,22,bucket,17641085292753504055287483862018519319398269748331763163193147392
256,186,372,22,base,385244221093559909773865412887647510040402786663096135968335331328
256,186,372,22,const,22062214075774745915809816542383550714002591796523333178298990592
256,186,372,22,bucket,22294290251413623453605932182077732043636409005215193757630070784
256,187,374,22,base,486368095898000774313030126236219202081044241250721991039219924992
256,187,374,22,const,27852744107455071825318346103032909979667315576789210529185923072
256,187,374,22,bucket,28141489891437319610188044154589464358915326849951127583567380480
256,188,376,23,base,51616952413571484831684063073189182551183560924951107980253187801088
256,188,376,23,const,2955870318069235741337655481930434687206365002496163008478426693632
256,188,376,23,bucket,2986070350889517811157661705654597139475454704501273683787710988288
256,189,378,23,base,65631366129702597649377804337907358237345007997324210233661898883072
256,189,378,23,const,3758328382762223946881923364482018355632285942424502930662360088576
256,189,378,23,bucket,3796172545010292140287878674252714192039333689883673011151926460416
256,190,380,23,base,83350938605690015399383293753942213487375235650326235242871528620032
256,190,380,23,const,4772920365150567078146440438017581755881126176067557480732349693952
256,190,380,23,bucket,4820287578106759899622157772056988587079910012440433667431523680256
256,191,382,23,base,105729134110670694303198608478540256604414321152354822520671140052992
256,191,382,23,const,6054230226063378520298002832088402129357498294114433727997426008064
256,191,382,23,bucket,6113447575784821983302908117130069789752323654299389806180340596736
256,192,384,23,base,133958129519720231450209368131494190961243895340013613192517297111040
256,192,384,23,const,7670506457473583112719288185375729748749371537647692923720513355776
256,192,384,23,bucket,7744452845698623118189067633024943543264095979048668311670919004160
256,193,386,23,base,169526933278173929065456398000523031650019244138400194634385578786816
256,193,386,23,const,9706988658111114430490436538504944683831975357965492369847593467904
256,193,386,23,bucket,9799221677070614429733368980206299890524336647950636669719071948800
256,194,388,23,base,214293258087023176315099639510253234405392438656838265303907811983360
256,194,388,23,const,12270021265898411783965964110106919680694759598816136513985565425664
256,194,388,23,bucket,12384932333196751599258471055309317158566998050016452142614557229056
256,195,390,23,base,270572309295439727321440821114454460748228000808125959422537667444736
256,195,390,23,const,15492135399404355562130733702358320967797520142564502824726292332544
256,195,390,23,bucket,15635139244944246601795002642659949170772260041250250057575426949120
256,196,392,23,base,341246356821468022016700711236876870579825297386804628790816033210368
256,196,392,23,const,19538320150271464766999658096520761397469621106208263188543487082496
256,196,392,23,bucket,19716086016727489158716635874846053786653387600252460671890505072640
256,197,394,23,base,429899817155584609833329621018770612572422095798784083008726495133696
256,197,394,23,const,24613753806903342069279438037404075078255255302818387083182555004928
256,197,394,23,bucket,24834487250208792378659506339451311715981979396486732357900531924992
256,198,396,24,base,46288081748133493658192179504586618919171062293027983896229045646393344
256,198,396,24,const,2650155138659063675911324274426584453708731315791599773443645799137280
256,198,396,24,bucket,2673580953818262859529334876310447030230259831664159256987357086220288
256,199,398,24,base,58710425842092563283770020408362166421129692423978207258171561123774464
256,199,398,24,const,3361313303201386269474714528152030241053912500201198381031144109899776
256,199,398,24,bucket,3390599913847223908511874924086338719124380671143306546868273822040064
256,200,400,24,base,74382736187505001144486045062455471698706464122362973313475731146145792
256,200,400,24,const,4258510151032053469843054868711772882068214545069807401713288953724928
256,200,400,24,bucket,4295082905334409336883051522900126464364493747500859559896557822148608
256,201,402,24,base,94133576511744869523505514588974185423192175507451882545787039201099776
256,201,402,24,const,5389171331810772845358935597408476073413343892701166500278425303908352
256,201,402,24,bucket,5434792307813266452302693917796340342287113435832513133111298481979392
256,202,404,24,base,118997273814914013495662946563189648843613643283918150706931734019047424
256,202,404,24,const,6812499080401492717048996761991454025809093338389220320836340909342720
256,202,404,24,bucket,6869344300736865713716997187468808130947607678666813267884802490499072
256,203,406,24,base,150263671402245335049945619779041868149616783464894588405473648951951360
256,203,406,24,const,8602319537551191319017418132985594255561901422374945134205013489352704
256,203,406,24,bucket,8673073355276496944613584323656426995107035629599454937322470787514368
256,204,408,24,base,189539590035440078196584021317557150241245053520629977349790305013989376
256,204,408,24,const,10850600063768909452605081424793969841181601040652488636838160665411584
256,204,408,24,bucket,10938570418893377768511604745466372751571459273358540102117856137707520
256,205,410,24,base,238824677403810175656072075855525320774690489709494930429912292398202880
256,205,410,24,const,13671789908548929698897313505167025568479074575714627097952435801423872
256,205,410,24,bucket,13781048926215719007212271790674573045603221889375499645938722322513920
256,206,412,24,base,300604922666315311393704035992939282646753179528341166126190792250753024
256,206,412,24,const,17208171729455274545474509080217154975504018242122120554870943556567040
256,206,412,24,bucket,17343727057580074010121639084346169556660542363929226113663379718537216
256,207,414,24,base,377967838399238268532227199759472535633805404940656161009417912819122176
256,207,414,24,const,21636452970254092978583997560925101900674843575448568213170144357122048
256,207,414,24,bucket,21804456366950767682242347347279157837934566766279069772436150390095872
256,208,416,24,base,474744194009343036892252448533476100577272655217622666720296572286926848
256,208,416,24,const,27175876555052507824219019187227374680666284761007880648937500938600448
256,208,416,24,bucket,27383877570284428324996210877163144459927416591324600239748813166739456
256,209,418,25,base,52187484102994060647232762736943758053134859150375007998896156818316197888
256,209,418,25,const,2987328927090688103664971862063137184418518286213016067391536681776578560
256,209,418,25,bucket,3009866864139705405415821121873272935194890087753347541107490535577223168
256,210,420,25,base,65975035094433240377354487760791273687872177556137111133870141361300176896
256,210,420,25,const,3776497490187062915939237112325166254987995756306902064356437598266195968
256,210,420,25,bucket,3804582102529884691239632731797160146606063689225966166530303953115021312
256,211,422,25,base,83317349865323525137355378580431690678043494653783018239281516879944876032
256,211,422,25,const,4769117305759454580165978271537232133584873120366150058864131607824957440
256,211,422,25,bucket,4804076692755150680708721044449938052857203050946893447844545430309306368
256,212,424,25,base,105108517422481230294981150190356242814306595990690482142610258090931519488
256,212,424,25,const,6016356362872766416501068444614827845021000369417926970133766089897672704
256,212,424,25,bucket,6059827794374984752673278271741069176602164883570862348582487463890518016
256,213,426,25,base,132461924362284905543399020041466731452442963871193616335300704566593454080
256,213,426,25,const,7581931976633968261619496037269028370290729129997827961501976232330264576
256,213,426,25,bucket,7635931811156649859089667409929191668055652831451882334055598497093124096
256,214,428,25,base,166762687240779582585868596687053245407249715515682153967805528195639279616
256,214,428,25,const,9545111027829718739856483259374068463106653024092885391447363638314139648
256,214,428,25,bucket,9612119977509067787805830705154044283463989862797921560149770531411853312
256,215,430,25,base,209732300109590449915968623055341983157476698004626468299158772565785182208
256,215,430,25,const,12004409121284733067419093705695236364063353547344200445409908327752663040
256,215,430,25,bucket,12087476129799760035989400683450751139128427441892268093680781065805889536
256,216,432,25,base,263508268922601421560581184401794522973028144172736682637624201610094706688
256,216,432,25,const,15082147242089452336250298987826533049751140773320094288841053042185863168
256,216,432,25,bucket,15185015914892631116593927328248764459408053903677639245618273846976053248
256,217,434,25,base,330742116794235893600775147948067809316307282299682918789906610311607091200
256,217,434,25,const,18930059517134137600089387003243375905821718863299344800459462489285853184
256,217,434,25,bucket,19057321850720453709465755224886112587914762081675777788580235326892539904
256,218,436,25,base,414719887977996497722567472537769482054241509905947115082485072280961417216
256,218,436,25,const,23736188246732964435178825342454213100691634225240333750910494694086541312
256,218,436,25,bucket,23893471371064695156046220270478182756287672448374471744496301646129659904
256,219,438,26,base,46129583789178567280245747274680177737090358066697135087726877177872161701888
256,219,438,26,const,2640154697841075246387622817856163295160839343031518149855693294289859641344
256,219,438,26,bucket,2657397927416998901290505050996193586012349170071350030295307203630656913408
256,220,440,26,base,58201517258999434410228351979579447691236252048922411824358267677197981450240
256,220,440,26,const,3331025469190408118119266351400876820924389205781215542828779010688475463680
256,220,440,26,bucket,3352468177813695544011656543356867787753253900908618221041130131326310023168
256,221,442,26,base,73359419173837433042436133466718460580062120131533882710269437321400645844992
256,221,442,26,const,4198492894186975440662670525813823868221171756970827959353703987986588237824
256,221,442,26,bucket,4225130884942914880913146792337252852628060759954936487437298793383418920960
256,222,444,26,base,92373622450576622787845552866637261064427449544723805876763737042457647382528
256,222,444,26,const,5286636942569419059169199458254582267045505035146006096422302117516160270336
256,222,444,26,bucket,5319695758536769234578661919492200486464240050244531190946868529736731066368
256,223,446,26,base,116202169673850322645321756659644814807109784783243561086234049103469551288320
256,223,446,26,const,6650278025741826124064330799982511355723048581657353115561237512367976218624
256,223,446,26,bucket,6691264476305820112792497380311891485337386222460788601031671013302536765440
256,224,448,26,base,146035446341646161835994711894548013225716715390719613185827200307408094101504
256,224,448,26,const,8357530682486692176020913076258707885458133403350147009710171087288657772544
256,224,448,26,bucket,8408295593601779290369859131402839787538436381100832003480540845326167179264
256,225,450,26,base,183351166236624314123492109168516548904003962632227491046513308935932665135104
256,225,450,26,const,10492949525206433706283063541654486806949827093607449952971921042024872017920
256,225,450,26,bucket,10555764085630441124673170490404595273346997926252298508760479127627909562368
256,226,452,26,base,229982050067511911202459222424128492283610354180535314986235221980473683083264
256,226,452,26,const,13161401379356322661293839035849959716264624912587857070151151001847946280960
256,226,452,26,bucket,13239049940611796433675384948299913718311844527320331716439311209612454133760
256,227,454,26,base,288199054555095712030520157262157909856870917014673849871869539928095460425728
256,227,454,26,const,16492827068246722985317554435038119307466134812567977055774487757277169188864
256,227,454,26,bucket,16588719838033089482216545677606004827201887559789212206107341508276295565312
256,228,456,26,base,360813635978443163566841837252550425505479713526797127171048819329720786092032
256,228,456,26,const,20648092153508143585047484262557299067004169833111284062520023941370131513344
256,228,456,26,bucket,20766401918902045658647822212771292146308889535427591962477166234059707252736
256,229,458,26,base,451303293020560160165670931182237492002561931918459187239192075527994363346944
256,229,458,26,const,25826169463615547595113225090940675803580782812657660380975442949037614956544
256,229,458,26,bucket,25971997313462090974639304212745542789466314613541429517948150935876179853312
256,230,460,27,base,51096517198530040894601810133331722355444047717390439661311484246953764845518848
256,230,460,27,const,2924000013843719194261806522410254680848814357554721623742854483988077546045440
256,230,460,27,bucket,2940269994591002794575565344865307725300503380897862074788417939905914693746688
256,231,462,27,base,64291027609717243689505076707967539006547503646851310229903975742647126605168640
256,231,462,27,const,3679010994766431307182062384647316027700992794375949424982887412721483291557888
256,231,462,27,bucket,3699183451508310807498771650989684768058076214448845766641915292348394032332800
256,232,464,27,base,80816767875086311755198125561230607367704805260860084678213068664020265357803520
256,232,464,27,const,4624629140977921530921237071915910639578078195345770559250666588056341492793344
256,232,464,27,bucket,4649615959398524667185911722965259895086228249359160986777181422228550132432896
256,233,466,27,base,101495773127938874886470907079254200115468220847686288950110186792871633488969728
256,233,466,27,const,5807887199210279377620737791898056981447672194616397027058121141592907034132480
256,233,466,27,bucket,5838807685709023063650539398992354007922631865058455694235731479834151555694592
256,234,468,27,base,127348281533977138214563319160435788516528463335836643093017197666279097813172224
256,234,468,27,const,7287157478507966113214157999130458914189517541350785939725390800963817021898752
256,234,468,27,bucket,7325384247532432831530984799058525110695953519056114295050694260319045388599296
256,235,470,27,base,159639412939578282583370133819594896980721942901717844196006832140165851281096704
256,235,470,27,const,9134822278913172134299917341408595038652761317317860110133293139205709533020160
256,235,470,27,bucket,9182037003536027748645203680390032446301644121378076724906348982241041288527872
256,236,472,27,base,199936581533992461213954589973659897075045044755783826418060460095830211594027008
256,236,472,27,const,11440558368056280578571799487884725394653506137774251123059294846063718411796480
256,236,472,27,bucket,11498819451165865570746156604438370797296144405657552292055163392910177171668992
256,237,474,27,base,250180051783705062704699812852966392073146907906232523038201018119515748146610176
256,237,474,27,const,14315373322240964226847232965291812585906194859561688114973495891805131325308928
256,237,474,27,bucket,14387197961574030072295215622976666797397532525009363036965428916203789779730432
256,238,476,27,base,312769574511379842621354988294440757674713841557955744780899943156836151309893632
256,238,476,27,const,17896561728200611512233027759706878986392019161718727126834518520013433537036288
256,238,476,27,bucket,17985025345616531407214560742583943283609814335753079488311490933390253056065536
256,239,478,27,base,390670680296867694711594146826693909885135921284296240958608772906615431600537600
256,239,478,27,const,22353785866914121020473387790576762196347149650507580082172119698947789320880128
256,239,478,27,bucket,22462642466137839648395790325102681726209245795468630409214525416397721263144960
256,240,480,28,base,44665090458202434130922913645785894979362102129859687524148488858276015235319988224
256,240,480,28,const,2555663730264287625150569675559251408592204202879104917118421683408149118860656640
256,240,480,28,bucket,2567923988643253323429621186743106258402308480186039204191089819195629151828574208
256,241,482,28,base,56108368094498820954810866528876418719134631795330927756270502934233362246479642624
256,241,482,28,const,3210394569553896456052091565741213274734470047053064112448841921651275445527642112
256,241,482,28,bucket,3225566106843336613163017404284218360130117271267682559991796957535618678560653312
256,242,484,28,base,70420420078617063989755906255845840946070148060355856313078513771243656900765548544
256,242,484,28,const,4029254753777112385272076517429059686776131009873428433327452043626528232982970368
256,242,484,28,bucket,4048011329531223734328134377443794505811604372522679100929110850146967754698129408
256,243,486,28,base,88304772797449370862509573105142329809604010834289355846489168127964969431696670720
256,243,486,28,const,5052492655673769236912680738471254448886540909231677839637960380557118253178028032
256,243,486,28,bucket,5075659874954607465065196664279976574826349968105741462273197905389463684329242624
256,244,488,28,base,110633674697145869347567530064505468822945809148973470826493017274617831646579130368
256,244,488,28,const,6330008674009218533356168122485635343074633258083252271088040093708499125710880768
256,244,488,28,bucket,6358597280676007619853551483364749174023488249569485234998165132823807103864930304
256,245,490,28,base,138487654353067522207649942806855870647678320833339924546506977115307927856975183872
256,245,490,28,const,7923618110721362968277955256977654675824883760022173099438223735643152235886542848
256,245,490,28,bucket,7958864374487378565583081937017669447515440190692681194983300986630179055539847168
256,246,492,28,base,173204142727925372438922620577786388989920132925098246693476898204128170391684251648
256,246,492,28,const,9909832531204293320022160285938822317481109766705199696527106052661038265707528192
256,246,492,28,bucket,9953247195265080513387041313860478182072053886785447123707730242540804518266798080
256,247,494,28,base,216437188732015676130041105201855226303412129825663364263742890591184872970007871488
256,247,494,28,const,12383275670397924021763248749692597008238696176730292269353520741850445514314612736
256,247,494,28,bucket,12436703220278746636495695882903407222965057693926893436584311327862819983319891968
256,248,496,28,base,270230740823088792106116534056226840254864801225683844389739085695607956831316475904
256,248,496,28,const,15460875320933635263776917146320058992632459412440536998696494065780710613916319744
256,248,496,28,bucket,15526565685959324261473854900019911126524412440191523061071672970672210544179544064
256,249,498,28,base,337108505694866273170953428544937561804024312889271689573483168230261426993733042176
256,249,498,28,const,19287003428719967175838040408847658811607960519447044574443708912813797832652750848
256,249,498,28,bucket,19367698645804309706125810491466636921362204416397465004234627235098681495200464896
256,250,500,28,base,420184047825816178909659070689437118522039714072231284612697013449648562189946060800
256,250,500,28,const,24039773954041013675078547400463905654391709382105560389532388286034932723374620672
256,250,500,28,bucket,24138812821858957971392001580445034329577544748362664543434643902887337206808051712
256,251,502,29,base,48782846405136210432586192664831928891046285720423535357820210876837489325011875397632
256,251,502,29,const,2790961067670674512210247892560771189635103678992598233074683621781031807520335724544
256,251,502,29,bucket,2802282395415256160009331947974117098460244270788879356937479471081741001804279185408
256,252,504,29,base,61138055337065596874212789345314555026182056674637277991555868600149874508105940729856
256,252,504,29,const,3497793233501670034819497681005266970130342177134366144251823643912612831933124050944
256,252,504,29,bucket,3511762746958393344118869229706245461141416729225719082522691297813631037885227466752
256,253,506,29,base,76557581725174324398823207620368157998557281928065626358308515437162690327411423182848
256,253,506,29,const,4379924649247225185425158412091030371130161966796842566264027116974508681785459605504
256,253,506,29,bucket,4397146182473339983537762383750296577177298237719138394526137282879933653058953674752
256,254,508,29,base,95785473059750593095586356492431570767518938296673671428660412785801601609621307392000
256,254,508,29,const,5479917857561533934332274439201617157082443567039169844814610265567163061476308025344
256,254,508,29,bucket,5501129333967277189528739581567152531646091815873677452876635491000383410196273168384
256,255,510,29,base,119742595832088153213590151789281203245347784700559786363867186867973660064671726567424
256,255,510,29,const,6850449727217219446169297219999789154466899648372203344779754849182497958789690425344
256,255,510,29,bucket,6876552125843857939412697569585164592629270929240207226906074988990481170440522825728
256,256,512,29,base,149567749757877544067121318535721857638532203478185628895466767802766579457661339697152
256,256,512,29,const,8556663152031795795116597987134453649638376052316414816593481662783155827926454239232
256,256,512,29,bucket,8588755552752185142423522897711397965363085107748147213122156887573881650623081873408
256,257,514,29,base,186668133015809584304263135530053023649358755486683658168440513497365182448255463587840
256,257,514,29,const,10679053597938093728600639354395830113452901827977902800011745083861847973755673903104
256,257,514,29,bucket,10718475542872002487482992733519428088694275928239367256330707644939183320441013927936
256,258,516,29,base,232781238161879611110429012778769699445498927425863171582290504545744506086662145572864
256,258,516,29,const,13317009443352464115440993940586680911227093187836230783677135494889776648511947800576
256,258,516,29,bucket,13365392095520403589552277429500278825140202892785887990866842797884090698052893933568
256,259,518,29,base,290050710497246155880958160368251508660195803784347749963467511901509597081900918243328
256,259,518,29,const,16593150915615276116139280945586946280240626944460659253344052190328805637297799168000
256,259,518,29,bucket,16652478785924463205452056386267895155743743836635791539762953623180685027028064272384
256,260,520,29,base,361119248832648257728424615455801616495972963440891203227019855731944983622025738190848
256,260,520,29,const,20658643776881522119647573369926557849326630353366962277695144685905465462858304192512
256,260,520,29,bucket,20731329135416672647776984244792975450142121939949992861897723810158862416361019146240
256,261,522,29,base,449242292737149142222070096893337549833406720927882690358727118788699145600336754900992
256,261,522,29,const,25699701896287069218183475305536593714503588050913952874439874806600133162114157117440
256,261,522,29,bucket,25788674393518391883455458420986980165023630377871387348001809173795714103888677175296
256,262,524,30,base,52904137242598496537527588702259121764321412676091615598204639892831015389107477565931520
256,262,524,30,const,3026449358889760435629893233578621848571068184795345877951051248359197609558702523678720
256,262,524,30,bucket,3036758203719159054307930680368620996978764041568749561180424009042967092508794957070336
256,263,526,30,base,66161186496173841649309356253380836364036315799104399396956485673078022728129580961366016
256,263,526,30,const,3784804277153252216374092002547888118165688288570440523990092912809509387846392536367104
256,263,526,30,bucket,3797487634278510372723591358369976279674708004817106720982315266042307561263764206518272
256,264,528,30,base,82673739829947731371488310345170556430515437378704726992859900528617976406249531162755072
256,264,528,30,const,4729379139573560291606758333803816445093353460391399107561524498483329199689902480949248
256,264,528,30,bucket,4744970118501627683186046432758228916502307196943412852186181997079073611532385864646656
256,265,530,30,base,103225035227294764203991693812255425771661866169672740056934446634936696143112882381389824
256,265,530,30,const,5904974608969032687814290394106647962516740607659705895310991716622690056172331205656576
256,265,530,30,bucket,5924122851373892555705894114950996018796517641616403743109907794591980019534695327858688
256,266,532,30,base,128782879929238280415910381512118726849197098904734707766365788745102903007856392589541376
256,266,532,30,const,7366948171372494924883386824117078003933392067487283599788431939501451358618328642879488
256,266,532,30,bucket,7390444617709705020660647325159548891938418472131961658395555863126169949956268586172416
256,267,534,30,base,160542239385955029665641750980328473629960653259754065183628633234303209628840902235521024
256,267,534,30,const,9183650007921565941294283583768506946804562847397996001116831496479200548322452917190656
256,267,534,30,bucket,9212456773055352310108883963484752701279972111959628427021134459660460723723253370060800
256,268,536,30,base,199977446404444103671068057258280411957468445816319211700701562134357872524492943092875264
256,268,536,30,const,11439409072918806348453285390319102845250834747093272575657579003713952413799150761541632
256,268,536,30,bucket,11474695451482367489089909807304962590477589642359611865384950691495593926452858146783232
256,269,538,30,base,248906157128164801066394198110475551609808122852509647573953363100919663319931345879171072
256,269,538,30,const,14238191002009904862010763947217482509601665598968373384147123511028304884713897842442240
256,269,538,30,bucket,14281376821152680997966678052776336086270003322976555363246878765701712136749072349396992
256,270,540,30,base,309567640415233164812922809485916838626916503738903420854633159763858201542963435772313600
256,270,540,30,const,17708075777308457612074229154311069111727955103280408127114510897054266170333976112136192
256,270,540,30,bucket,17760883547963073025434093395891201250640802607357868826304193911140367185502465500905472
256,271,542,30,base,384718544397313645762639140087603854627373927860755161443954392070767077489880889745735680
256,271,542,30,const,22006734942584606469914725659491730814326887188662578304897895682116770561565880391565312
256,271,542,30,bucket,22071252536896371512662249561276421056263558120057395198895388727670322306688037674811392
256,272,544,31,base,45641775183151199466238207735465327319201473277754833695274107191390563635602904239199748096
256,272,544,31,const,2610788749262660042780161549209270806695143780690108181090446973742340380892036368867262464
256,272,544,31,bucket,2618312684030391932370339911976764555967406438033154285245634546466453007400361840844210176
256,273,546,31,base,57010421265359299963370739580219999353008523722066227275558247802340225826601868837569691648
256,273,546,31,const,3261070624142377753075760397330659543355046504707300873017360512507708737343122933869969408
256,273,546,31,bucket,3270307763644691907691060453500244081702679145032742632960154989910457635248172127945228288
256,274,548,31,base,71155934609330028808337226350295488765796277745053029867721074867658574512137480090723287040
256,274,548,31,const,4070182343004645619247154948688373528068908229859141362997765363754256823626620738304212992
256,274,548,31,bucket,4081512789620373997387166538013862470654522793282392166857466253267153376383680721706811392
256,275,550,31,base,88743279684376603647084885074096574248592733014883991411586873792855893154178074399314280448
256,275,550,31,const,5076156845917890800509615501508416492779541544053251477495603318345309092759503364520148992
256,275,550,31,bucket,5090042759317708873839334904893480160908714133070766768512234811235239895671775193458540544
256,276,552,31,base,110593495438770117167209243155694815252329936235108880510045413628899883734592062781137092608
256,276,552,31,const,6325953511088575646197975603118934284555865725954297180487285166136589423953425676703367168
256,276,552,31,bucket,6342956315225296289329609096934945346518349892086232780182423733392654185317809982281875456
256,277,554,31,base,137719591202941137454498964995093308553783974530625820116212461453727593912051467774158962688
256,277,554,31,const,7877511095589001241778133235796264835001581378994606398314771995699222678274909142285025280
256,277,554,31,bucket,7898312182653472530241141600458991426622533563323534537870896367816635505750911044424826880
256,278,556,31,base,171370530252048962523761760536971469755532208928441000945959347420140291578626575979390173184
256,278,556,31,const,9802263206145175529584970977004647558792832483346341978866986711627036363560188625190649856
256,278,556,31,bucket,9827688824206427063602417980960006494031270596212094489964362463421868877423003275297292288
256,279,558,31,base,213085085653270810774496068004989613590540195350285828979150714100603541730200253665577533440
256,279,558,31,const,12188218358704829265920350722842913266166178277618896640716924831811200205891479165443506176
256,279,558,31,bucket,12219269499519232191459124537917307156059960725852138904361619185911574502003734380650954752
256,280,560,31,base,264757738585308280213524952845548489365087835335606565743329329805178420736038698719549325312
256,280,560,31,const,15143728734244340844473219150173511783965863307960412665657851462120384286341974788627496960
256,280,560,31,bucket,15181616990937245448486022219643208339529331307785374305436800374797793284851813487250243584
256,281,562,31,base,328719256413444704122122367829034763859326041380163200523060354425207411465596449640450883584
256,281,562,31,const,18802098449450577751659495368395972756218643301541610657538751985560952860113650156939771904
256,281,562,31,bucket,18848288994460280413869770768422342962314175814884948643153449651288284307437659297524219904
256,282,564,31,base,407835153304082676247257488767055737859468697259016275070492724509256311452255312216563122176
256,282,564,31,const,23327214499259174222464025511023209351042085224061862056978047111079608289186429670891978752
256,282,564,31,bucket,23383477545742848516342111414115770210265390478608861244922364694662134648450655986867240960
256,283,566,32,base,48994855417113253787607699894581504912264305311826257065150886845048927419101093084297231859712
256,283,566,32,const,2802372009587145792496791300137335004710040706856062146191778520707375721463931018457431146496
256,283,566,32,bucket,2809006941172202768769759054886631429507691753805953243579166742962242939484843919070763941888
256,284,568,32,base,61085127312819611130698124894044285669106024090858486051074506571539646140716470890115100573696
256,284,568,32,const,3493879321935033941251592982673880194207849038137706810439103500906362919093022803717720637440
256,284,568,32,bucket,3501998341059214201334568189118460967632953378865526943334859568121706576656649775786026336256
256,285,570,32,base,76102890296958531633833438931596626434736586762045755727112583985335402125573333287074017574912
256,285,570,32,const,4352820008981257724523134711243983857731333842194612957601897485106482492198220100504928649216
256,285,570,32,bucket,4362746231223749669686287698676567372160530995634835892375272458646654939989775450648015273984
256,286,572,32,base,94743540020432299894474840518369266382129965461073038625052725687046627448764523947991440031744
256,286,572,32,const,5418964885754461503951404160976474013305505131166312667468417716112715140466605574962848727040
256,286,572,32,bucket,5431089772815994182615481221887411517307425321354006364145413107708371315685006662917915934720
256,287,574,32,base,117864483283095622840118606553446664910607329414740179207011912589906988222835333049778467504128
256,287,574,32,const,6741350159795300997290448267370818093245251888781698531371828736263299044547229818278398394368
256,287,574,32,bucket,6756147530102994634924016519119221700031793056901776824614817874025049987221554387576191713280
256,288,576,32,base,146522149016031166905053268988620204042569139861068288675874349351341050081809971755172782669824
256,288,576,32,const,8380394018787119055517974052072159973347921639335110384445114145598059177042187801788604743680
256,288,576,32,bucket,8398436832267765387488495039410741481939640145339842024294452444756508631769804332230028296192
256,289,578,32,base,182017287874369860701828945852779751759443683180123332415111573225028681063318796148283849834496
256,289,578,32,const,10410487213902841829723127745184030931313561091898437859162833441414125393460922409112626528256
256,289,578,32,bucket,10432467658974547828298253684577612651587407565974837500468202133328671814365249991521949712384
256,290,580,32,base,225950379668645697135341608995581987272214243089144929815903905841735604114025660572272183738368
256,290,580,32,const,12923161670920487590828714847823645087880444079951429449579372631825187684462537725649465901056
256,290,580,32,bucket,12949915177686356552620385931752484608958727123534760517572543860747508417760387486237012787200
256,291,582,32,base,280289359092265757714909526114945949523483094249382748941027408842310146704328961968014773714944
256,291,582,32,const,16030963532880629569249395126836384859288269244817426743825113366623533665805313935553687715840
256,291,582,32,bucket,16063497448884421524707664992799702691485467658105444703123980895096356831426387454725604769792
256,292,584,32,base,347452343845348262722266444353086021741583615387083215214012555634824930510035973592671968034816
256,292,584,32,const,19872184122285361649586533518330333887228630709689137583530911197398150723262645648520795652096
256,292,584,32,bucket,19911711918610739739903773933809240375946553519772504982638756029194947125195438912286421417984
256,293,586,32,base,430408622311248426403919155106293233652315317127589565400905807567831050457275458664301229768704
256,293,586,32,const,24616635079646691208151186935403231322886610893493724941462663813636921692764518159761616666624
256,293,586,32,bucket,24664617108576214846339658355563556113772555361150217902911311794395875766008910201576329576448
256,294,588,33,base,52315857767677460861620021494060473399174847776569938311602492845990614680412421172279375302754304
256,294,588,33,const,2992116298762306184406216272898615300870443850597054644196434382051562039985210126754636116262912
256,294,588,33,bucket,2997830176470593284293689161408302300802766083008891553717996119355919110535592686006246332956672
256,295,590,33,base,65113536348726361383988056438486547045935110273170104367112945653506575751658256044218258085117952
256,295,590,33,const,3724035593499974781055724120892870667903122825911960829561208205672284389009428539087932446736384
256,295,590,33,bucket,3731001463047160175361651476539962933655149050678441204272544675963146733496021197365862847217664
256,296,592,33,base,80984900821004626012189888144455366611470431245041306532904561123455058282852432494797304738349056
256,296,592,33,const,4631738608891521235738055574768875288758611039740510262856918663874865414670720956422016854917120
256,296,592,33,bucket,4640222943866349185024375409834668205781602299070122294220545961185094812365100055741640728379392
256,297,594,33,base,100654598649106634154753539970102306510420030876208990873894285929920669742037304046170920412250112
256,297,594,33,const,5756666648350854688815461381111736140836105825465799570780143278681939248380026611198170136313856
256,297,594,33,bucket,5766990859275253002364453422502439116046570339121635721799417694567387567414612345827896548392960
256,298,596,33,base,125014940848123002535804731731185831025706962655206903068270158414990178728231069543639219288670208
256,298,596,33,const,7149849125863947338130530983379025678775858362615590618125400669288569520454491494164834342141952
256,298,596,33,bucket,7162400487940000572748140723704171216888901042742211066035859251352710692504723911608076960006144
256,299,598,33,base,155163964507333605337053739471292722962528385966627098417670511977490005860591130542897086792204288
256,299,598,33,const,8874080172793274066248477317137329108329082322355159073396191854192162743698002520402025695412224
256,299,598,33,bucket,8889324838938031707933577378694936011237761951129039015629741271667343233914475166157743822209024
256,300,600,33,base,192451971543647437562396600180959629468106131974010203331015516891183706591543809114563616482263040
256,300,600,33,const,11006579945136405574508458506667331838773967899099706875485434700725545530134368612864673351467008
256,300,600,33,bucket,11025078422651806906346039815690665561868482756901250871221244947880634448111241390848249817989120
256,301,602,33,base,238538394869802630121577080956682233897413057940290853948668825729832546602358428613024880070230016
256,301,602,33,const,13642246485686532830904324585256761018592794666351391561328194979806942806227291874417589700526080
256,301,602,33,bucket,13664672019193475671818902786405440180846989091447133879309191093956632704269178029167269713543168
256,302,604,33,base,295461239559970728808635602089332068696881518675732114752254104313134897636449698202473974238019584
256,302,604,33,const,16897626661767318763964415722824253781085646492817289072662492901841580767516367009896897672380416
256,302,604,33,bucket,16924787039243456132884019249172013178455617054596483751909842616297214193397019853470387956350976
256,303,606,33,base,365721826195239262110184478941938884021619518977376356787866119950490098800493828941459092288831488
256,303,606,33,const,20915762122864843942318814808047167120263545760445543262472140823018187342451813073915275397562368
256,303,606,33,bucket,20948625507063315373610888241923701991277731732847878448414850625981578478991058369577656288018432
256,304,608,34,base,44708158360341586264985519814047337380183615091872936086501321675315909546256415281694031248499933184
256,304,608,34,const,2556861697064427885916364936892000422373678214649992033297303032229385813746435963952617251573596160
256,304,608,34,bucket,2560787647217280083913851610926106934784454596264970523437719508127254176180987580772917646941224960
256,305,610,34,base,55593612139857239362057013472090405949559080680044398033567192063655962708887742887862156130472951808
256,305,610,34,const,3179384224779743156930475221849757775844160419233306057941426702481308201038435064685622765560004608
256,305,610,34,bucket,3184153417354919294500180416069743405357105577272811415536121541398993062467151479501191932962406400
256,306,612,34,base,69082655573201615219444336184948446473073013139823025119414472337221652718479330070384334355279380480
256,306,612,34,const,3950798081698876695760465276043359663480468309560102136881050062317697877421038828367438183422492672
256,306,612,34,bucket,3956585847313502179520341091441243856741125743307779662217806373740915557340160814579172685922697216
256,307,614,34,base,85786904229808465776220933818361943953450392262633285867619496877589208264250497283660016198302564352
256,307,614,34,const,4906078772772570774180954099041474664832284861642028493048606748878386317088200884374571386136428544
256,307,614,34,bucket,4913095573426712214303275669800472058843135521751785816979930422385129844325121783801905777286840320
256,308,616,34,base,106459056957386802097638691528349758015851957265963638649908869013009417372812669953059851533350338560
256,308,616,34,const,6088269504912425528626264294659159029469452665547547419937469894637075591873703548174303615342608384
256,308,616,34,bucket,6096767671762739636333643492559999386796357133027852113480338983184984830028850669579094128091725824
256,309,618,34,base,132024845945608445369568657615578057468421444901434447288120172301724883582285857242712347947258871808
256,309,618,34,const,7550308172583787568067540255976323065730954831839712161623323775776769271144698785572840663119036416
256,309,618,34,bucket,7560589867096748726439626530516405326872529160106504662166824268990875379202794813675391508579090432
256,310,620,34,base,163622088652345987549554112320067113419636401994924099178021016600252515222138830622558619487252250624
256,310,620,34,const,9357260435921654634145204892723615181292997965046214143918340171648542577354817203951913443438624768
256,310,620,34,bucket,9369687040618160923129581273141997316862513021024713222211679658216141138960262915300540889746636800
256,311,622,34,base,202648390691539884963886099332259159641417238596819812544720405016193658321551231076620341331456163840
256,311,622,34,const,11589047468479152677055506708734979176924155971155389698836673711040688815181560195131434911647399936
256,311,622,34,bucket,11604050644452570248038705873790509846437430637493387947318249170824159310666358125716551514791608320
256,312,624,34,base,250819380287705108916201180382963071306987292012379664113627154639681890887403172974645921844314505216
256,312,624,34,const,14343775906702511314120327725728790252041494196038458613674103456318306746812530903112610891790548992
256,312,624,34,bucket,14361870589760783975062512945836877488950260147244114992163308711360985649435941086772113698801582080
256,313,626,34,base,310239755991151123504170481209464684103589079089237132673704649751025546414449378737258890266186612736
256,313,626,34,const,17741800466772900114065945396406621661534467995262720587038274799484484471420940851412011853834878976
256,313,626,34,bucket,17763600112597800303511647125438302493638667339502336682848840780430672051301511908797193030408863744
256,314,628,34,base,383489914342347626773321680959065301593730970950621737496944451820019296492963305601667158587194998784
256,314,628,34,const,21930677425445757119923749790125776693294901680122131203839386682627214813314560906056723284516405248
256,314,628,34,bucket,21956911856669967271744577175530727990156208660133807641336216038959871264809919376318069168253435904
256,315,630,35,base,47373151028567965648313244281129049278251170266091737710833421595702057991518631014824326725987676979200
256,315,630,35,const,2709120067406794299342626135827415992233424338664706547693210412654638189451703684137073183036547268608
256,315,630,35,bucket,2712273692860870300762279868865939846803377866790032374593120918316595727689659169137006635964333817856
256,316,632,35,base,58818270527032895623312778362670005151015601091347442528155172035750206642258975091691867942876300181504
256,316,632,35,const,3363613842108077888362008573687824839122588276591613057588688099782820448600331525048301544569216958464
256,316,632,35,bucket,3367422174108359583606582981978283533388133451658972179619249156311614923767019057516553631271290404864
256,317,634,35,base,72981090380831843974627591678578473752400819959473697405370062345782260279191169361987231347342087028736
256,317,634,35,const,4173516627132018452133624639343814127750574629357185191268520612467674677590601820448719046043223719936
256,317,634,35,bucket,4178110211170072253464741582006754764603933658445139440581232824210863614268750493268991715795470909440
256,318,636,35,base,90495764203818622941787753413360216133356371744103506407010946328384087704748740492524844871934218862592
256,318,636,35,const,5175091007030698805982567027034261318123173322695554732479416625227849855176458127137764092938524033024
256,318,636,35,bucket,5180625159416676484579447464229850925154257613471074857468381162134478721960970709403157305589418164224
256,319,638,35,base,112141829070930386970714696135530440393360086834853900387029384126775102449041030289282384276947434733568
256,319,638,35,const,6412912784308189498419768436096583439221457795413194124166140916698155726025815576638132934916660264960
256,319,638,35,bucket,6419571994289779316269333519598848788258045546179827636553153257187570910445330175096431861820871933952
256,320,640,35,base,138876945355727102815462384827671157563008145962695793687276241879896646895972375082273327367491336273920
256,320,640,35,const,7941743043808675166056248410419938583706129290746303193864469002864553415462377217178114529698273820672
256,320,640,35,bucket,7949746085727104979459759341029725691390859285514859458953545042465187415453936806184911434863123365888
256,321,642,35,base,171876877419436811380621484740653736067244375707537575393820130742605356920459550865841142121704772861952
256,321,642,35,const,9828814239865764032101418981042393776709371248695635439965481892729057430793017883347048797740705251328
256,321,642,35,bucket,9838420091525278500068645483340359064214907946212937470255368793064402217132641164989546944378546683904
256,322,644,35,base,212584287548241712449437252856164998065215216384646240635480597997785223266488625737911765598865314545664
256,322,644,35,const,12156620211915046383367675487458670529803931300763559814668442900601200067572323861131495647731414728704
256,322,644,35,bucket,12168134883302829021501391478185966635601706661546392737033144523349028952357927422371091685559806984192
256,323,646,35,base,262768250731502937364975199727241522329184834911023205912569260582087741773657703619386457587166606262272
256,323,646,35,const,15026319199527881400732863145269204865840669248339488890629604755479451293904675163947418791485064085504
256,323,646,35,bucket,15040103582984852995951167970472769853502862675167490126459469381153350829432565888818507912858747011072
256,324,648,35,base,324596803199166472813856992464347509004498954610586086037680964873771481757965224054010222739691954765824
256,324,648,35,const,18561882102744598457921141072540042168390628035924506408784428752280835249723305296571077864569975078912
256,324,648,35,bucket,18578360960894398179928288874657821933052630634929498414098417915741278427375463293295347952684657278976
256,325,650,35,base,400725327488581054548866766736526980583063541504802097093374947947538470142564753183287792382381935034368
256,325,650,35,const,22915146241295223153974649085373665802286850845467950220048211338937107597828863272461420118074325991424
256,325,650,35,bucket,22934818451462741564764379108361706740959657290191662011927416804841957942040411458865331540173023870976
256,326,652,36,base,49991280752331870360257079121568363903874062364227614219287943449890644559281645809315136214017161969008640
256,326,652,36,const,2858697427281553574705001436022416614026334140370359964608531530531203848673875505525304161179393155137536
256,326,652,36,bucket,2861068572617864980027191790842728285952945398479722825874877475633852908282231099465042421368040370208768
256,327,654,36,base,61981208296826890521848042988161589545328336816009625019205293489593828612400642393403503360966156995264512
256,327,654,36,const,3544313020088355845031080147056096361211007519531962144111160620175690571712880554951946940189118033821696
256,327,654,36,bucket,3547150890950843098671092222997865685266992869536485709489071429915090946517996906323888926723451962523648
256,328,656,36,base,76798917833954282414912502105973130766487731701457270361276305463703102711394996760673358574055006090035200
256,328,656,36,const,4391625050549328176462189898211344345119424788681421024919400958210925107047314100493326969035485911973888
256,328,656,36,bucket,4395016164634715197157711164077453451667525695900409182462768287886822198471295220962781196713480549302272
256,329,658,36,base,95100109372215265458910840200707570274990879453616566389728420880055278746669780940741602475011561807151104
256,329,658,36,const,5438126529249936644493637213362269246588322731740434391811005976398832259345223708650366895813568791314432
256,329,658,36,bucket,5442172115829359312188243426096384075059703278168812645712941173509959957681489203663947265817089950089216
256,330,660,36,base,117689939443058980339778051959551550486668625812535221890451040680634208459628239485421731632927238363545600
256,330,660,36,const,6729856228754156161127992317400153727815068035470018351625331961987379440736446360026721894517367162011648
256,330,660,36,bucket,6734674387851311486138643119597258519360505093807524413032003504206920408944672380428074010542570297360384
256,331,662,36,base,145556501690492504092303071104065567057926499427623224567400921659389492148946466715228818299536110386151424
256,331,662,36,const,8323313027692378373147966674935994934685445960317918810736122147757307910383282965842310336981741898563584
256,331,662,36,bucket,8329041111063552198921124002170943722803044925839964680411598762452074440798261886013671130350989156024320
256,332,664,36,base,179911677256764325319005627943093490212544722926737480944961079930615725097522860270557836776248957034561536
256,332,664,36,const,10287791634492388149650979084412192531722416440832910375312186164317563095993854420256655874230928403333120
256,332,664,36,bucket,10294588840803909515478995544438844971020712340905442937899356843137999854955005152974283451811455788122112
256,333,666,36,base,222240948695015976516613051468404581343551055218499779768879832365973031477454394640002723849857357026689024
256,333,666,36,const,12708230813003684020120593379456083170101496645413764336635779026486480200100619941596791410959155629916160
256,333,666,36,bucket,12716280976015732773752250634379356125026774192562448119919556377029785924475253083817448758480050468159488
256,334,668,36,base,274364109657924380003295736404755598525005764917053866248075291809469177078231449495668805214941847742316544
256,334,668,36,const,15688684586808575260109193627448057565712619209993694954041549156247094980177896959268212017827601568497664
256,334,668,36,bucket,15698199116419811185497002285265673524740828019073090632429223746074336222639432303484046384584102881787904
256,335,670,36,base,338509211739075662353020239074288843323701694049428290882058043877875870691974504991246118766438925813678080
256,335,670,36,const,19356550290534947270997633564072796482965646898984868239537385479388286137313651029688061402364061199368192
256,335,670,36,bucket,19367771200594051072787951555162560315536995748348659307600711003777714976049507971735284524751342090059776
256,336,672,36,base,417402584041002480159583610500214066739548409797167203645395404207764590452136964405132917803364970963927040
256,336,672,36,const,23867715591688468149101817751772059295938120915849810504179924623799881742921764462371217304616450761162752
256,336,672,36,bucket,23880918513475879898779197510388193842553654477930894638189423282942738257537643668959425282897663380946944
256,337,674,37,base,52556016916306864440411479367413415930733598945441913632562602148045925568358363719019333105714926746119176192
256,337,674,37,const,3005221118181499059153317781675451582828385259917175666994047938520311611090723697560550660634212933654544384
256,337,674,37,bucket,3006804509763059428218774384964926521897811031385401345617653758854277762152506357662270296912824540413820928
256,338,676,37,base,65074927250304018886063083594529659190899047300663644184938913513436427483406082627015946314011472058925449216
256,338,676,37,const,3721053912404458961503248519584129247558283817154201013531729536965164019283421686056917212904436037580750848
256,338,676,37,bucket,3722917496101678212074070853232311793421609395520054213149873796915131329946674413821825349095676556542476288
256,339,678,37,base,80527564113729201720794823479852321336062250261716736198035799622938166946582572049530655233419874170258325504
256,339,678,37,const,4604634161940570912046873244003020591863834550396560820399513499714281680227909071055347929728768691901825024
256,339,678,37,bucket,4606821325216148567689839211977073513105821684250373603950256316571736079276926625735226814946221101330464768
256,340,680,37,base,99590179534570520597122757852348843377319383190726370553400168599415363845870367473100391296463931879574208512
256,340,680,37,const,5694628496450339449096409085402288771350680324512328639484443904552707414774232732488660486530920930523217920
256,340,680,37,bucket,5697187596488407403862195719092745753263058765028211534654810308213984400015895592966988531175138607996338176
256,341,682,37,base,123092331169051757145250231422650937263846348606540078692343723590708623636165056995338675913783490157763100672
256,341,682,37,const,7038469060573763931692454977599395450145535315302289400065627756858070482386660035784026072559122753288929280
256,341,682,37,bucket,7041453433303304755986799674884426718843401417885813757109595348261773990624482708594054298085396338641469440
256,342,684,37,base,152051055897975827851328780967796436724359665358392638673164643830219215145628263425960457217119417425461248000
256,342,684,37,const,8694307411496534214554848260319959872583764850076564838264872249781913108750023121113737121682972825213730816
256,342,684,37,bucket,8697775138571012582745998328424051757808282952554429575381714066865695565028140199006604325098790183965294592
256,343,686,37,base,187712532469720075621927900857380444829601016476005004322819736090837629901172068394058974789941966057806757888
256,343,686,37,const,10733396599674394886952730510286358680378391126570582658340778186345607245810024512852189731346862752109953024
256,343,686,37,bucket,10737409927978788994795916796661255456553870912574836379075915328785432209219957322228331375779018765108248576
256,344,688,37,base,231602846372181491505263241523206426634817078018185135357822364490446512609739336009814126908873248947975487488
256,344,688,37,const,13242993664072663881074934564946372861216693073774502574992607676627279236511967214180439197361662782907351040
256,344,688,37,bucket,13247617938568726023312782287511347257248565664198187297089605087793277367566179041666474123047538500252467200
256,345,690,37,base,285589811604967636482264876440279454117897177510099517919344635226355603029381288397393017615715438245288345600
256,345,690,37,const,16329894297068201869836589136897995988979436753568012206596954483758811468533253265863335057527733559136092160
256,345,690,37,bucket,16335196224591562697800313021252890150634798995175869511583665330947419345263810148141855334995389134080573440
256,346,692,37,base,351958216538395562121628533847371980020968117527888747192088818823235383588669315230976802135913291819960500224
256,346,692,37,const,20124735018632487367183744085841548112069845244438722596649932502644130823803647857699044672748790324968554496
256,346,692,37,bucket,20130780025191938123339517012177631781802176832484915966783992839339279448130881551858852490680943328578502656
256,347,694,38,base,44498434177613931298507047764000657825124839825664167928834764946468123799959615983741965289271883718676690501632
256,347,694,38,const,2544381353036814595616828968224981978378639998331483817283305885374775719831058385117324765524397468398519320576
256,347,694,38,bucket,2545084331058310354866293162754247907785770824476513859957808581946896063649692739774679560293381633683671220224
256,348,696,38,base,55061692357179730980607244961423141352376111091364889427000193777782171732835742161436770600101623227816028930048
256,348,696,38,const,3148367761284237761807411768728809241832759566942984288101340031681265031981496107721687991531974678634293100544
256,348,696,38,bucket,3149162416230765370745871821050027745268381122835097585557529869520054026065231122803255430228203288891207188480
256,349,698,38,base,68092962072192785661864539113020335439787338615110698508057799379197705590777988400840895074019692353319876952064
256,349,698,38,const,3893467619857136268565612950838204988291500413866954525029011718511808410758453074973633026400581915809434042368
256,349,698,38,bucket,3894358141297632469629705582545366679737791630037640044113168066545303108262461689688599403342877411333170528256
256,350,700,38,base,84159687532724976801309400238501677513629472389068407250859342951705021944296196581507854739211711937737111109632
256,350,700,38,const,4812125086613945391275359832600341881157517092087686609683320126815604871965596624671944890620105979747608035328
256,350,700,38,bucket,4813112743091829796917083903010578792525312826532670214964340141200696700672764758233042467360732019152398581760
256,351,702,38,base,103957680261993665277539029062783025124641673808838459630412246689070622252776402504074613860690488819845966069760
256,351,702,38,const,5944123710902070936043642336961876532201206173022965385041622064209594617601442399785518597982360704027115651072
256,351,702,38,bucket,5945205327699538116676985525636359622151382246683817700971501531940596163260388424746866508242227028592401842176
256,352,704,38,base,128339686291119688074358600157709597468089054308158119734963188516297690065852118740019811030278259611088665444352
256,352,704,38,const,7338219732262416569649511077986886686470494923611669692486109940979187988624581383205745628237627963873419067392
256,352,704,38,bucket,7339385642492531967944533893196481423728004103452081966890574442338299468833299681923572187077500853928624914432
256,353,706,38,base,158350206333945930870483029656570751039523499647079104319650245012998862945486311590530580287504867236615074873344
256,353,706,38,const,9054132880442796487745150943333608689823373939040434331610940930712827919130436506315272454400045226532230135808
256,353,706,38,bucket,9055364193878500438779012008807388485435606817799705251470151003220383977659772380103595813593182436568646811648
256,354,708,38,base,195267914910821286547976263882346489229024496444524756221432526607965396165630348087311141565699197690877854089216
256,354,708,38,const,11164971628441630486115013382302165274805129898264091814651461140414020561659500508853803024059459930848564871168
256,354,708,38,bucket,11166236620497440667524042656163130148945582221795454257653672590200470263549723989225211269508881415980422529024
256,355,710,38,base,240657309250258791622387090693472346010689569841095158309243679309743378678394000340525830251363627194605071499264
256,355,710,38,const,13760186136049243906208216723436103895150353686151069797733881501170917821930660177339129500189827599254044016640
256,355,710,38,bucket,13761435506688149285726416554449975036244891252591066347989381784687937331968055015740421723109112322765730349056
256,356,712,38,base,296431562921782954163889630107495174845413695653681023703564331042715163991157596632265173858077455610416604381184
256,356,712,38,const,16949161795253736704293235299025020908972821054839899319552935661037896490481255134853446657612398615985446191104
256,356,712,38,bucket,16950322481723200538308508347351095494407127499082074922347884394773997703227262720300059802276416062381604470784
256,357,714,38,base,364928974660272241067747288916399403361830668001961166520377832955319490103212662481743821676571276259103338397696
256,357,714,38,const,20865590043718996786640745988662132197119317272672998987298987113398196383273156521267886066036854415520713146368
256,357,714,38,bucket,20866557188752878072281071199142606823561309689999221486868084556939801523471405736334132152485834304956332507136
256,358,716,39,base,46526871511117788150335929754599046818421991208382417224530084081479221403379634873377956489836711636950736386916352
256,358,716,39,const,2660263947148259412976704420115730523591074764966057335489273054532579104678862883033179689838526764962617185271808
256,358,716,39,bucket,2660328874030884947351791459915296066123518157778514999000790298822266612195194868023810032141604967728731800993792
256,359,718,39,base,57503431876796679194189550418838111905956916940324081320657013964874265669116113026822002793210195989792495616655360
256,359,718,39,const,3287859178550137311923119267641633084443521983768109817566222372222013985915413188366194462739509382782924355534848
256,359,718,39,bucket,3287867869617372734933267491394629327650173477051832955753304909686216254152809205559482435827604552043217876418560
256,360,720,39,base,71029791207385127619613910904454333753337660229999328769481995100619704110567504269063095704818946104298167578132480
256,360,720,39,const,4061239105483030261814789299668869133119429174903156217217989154623770441016013301328129586630174625181877397356544
256,360,720,39,bucket,4061162188810999985369009543503214315211600969171876936784478032190554596962340598633979364979244444790325162016768
256,361,722,39,base,87689068057880290188995801333059929643744273098968094359288408764472202864515662983615540650361039272769871063023616
256,361,722,39,const,5013742962395879172437164079799905805130986534844741289533743799308735531636813987344098678065428191277199204024320
256,361,722,39,bucket,5013540690019776553148835562395294611746432273536287174605982066535375855541393446597571569423007830655041657634816
256,362,724,39,base,108195646669743529795835643328348689047334804036265768952741050936403340211531776004712141886446835707440805846188032
256,362,724,39,const,6186214848708833056232462003753982625501009696264896269613320225597036173315688123986891087515260309991040349110272
256,362,724,39,bucket,6185833952960449876859839274202480856623445980267381358927832685156976960996871078103971456118673005904900694999040
256,363,726,39,base,133424258637780099330830254086820411966004617606006408804484398912520866383312396380585230177086652992976715851497472
256,363,726,39,const,7628666390951438614919975962728846952343144551789038690879715801910815260984534384116382993706353371267081420406784
256,363,726,39,bucket,7628036068781104562809178231844738447577400382227958003300402999104356308274626069041705617801425830044242924273664
256,364,728,39,base,164445404579682136096987700334823788955272635746521219494281740464626400212345407102626430648641473244285179460059136
256,364,728,39,const,9402301870946787991811772345879423535364676730026123690550354116941533358761213172375167452724527229355486038982656
256,364,728,39,bucket,9401328668598180202730436471758652557000197085248225112352243030226930923956965560768248829674732278498487598841856
256,365,730,39,base,202568475648651934375362144698986710725458104342878710404975486888392381408940667568584797439018195752289010253299712
256,365,730,39,const,11581983562657003357815254320189169140596364473220040378129488843412384612715313342642434940264097259602610978029568
256,365,730,39,bucket,11580544876348412316807148945020153207154186377752699923812726268390080521818654082958686609987481675920787332136960
256,366,732,39,base,249394221635097574338187648094688765371287047775159131260232404645586332015498726537684130120239592190901898002300928
256,366,732,39,const,14259231422563176117999045813587013285301925146857501215275212248615754100774420970498304759689572708091370126966784
256,366,732,39,bucket,14257167260515904383314777651146670216885945682958014442515065215453743407507049398622784930908112119432836779343872
256,367,734,39,base,306878558842894689693227435011135180524185779749751067333064143241247497943934701617326188236020520043402793291087872
256,367,734,39,const,17545871084187003557024088611011753479152588666377221400747525644361164474677195682690339857962309466478514062491648
256,367,734,39,bucket,17542973648277188147406778595887235009622633117600104001948336678172015642403146578857359646218947254498984365916160
256,368,736,39,base,377410129046559886796971440939036158078619514055067556778698636417142707053637063114222591646662281263348257080213504
256,368,736,39,const,21578468011014426252710121658171412720109549146046436622002565083831394924709679518659476445880603114094296343511040
256,368,736,39,bucket,21574468548645268715931246237690725979122224363005002150178892431648467907853574392298249404083151088908996372856832
256,369,738,40,base,48501508052298101403201630648690274211669267148915792673680563201948153439700902212225219944733670934525549251060039680
256,369,738,40,const,2773070928024589637059917995272088171306036033642591835233790613976288493525725260292247041002695524212095027704233984
256,369,738,40,bucket,2772501361705750809486640714346617490881385506079724424570482911939081058676436780840907430246714553427117271962091520
256,370,740,40,base,59877084248497195739075726028182718439551507150619627703449113738837752047420267933219813390719310090682466591175606272
256,370,740,40,const,3423458513010243582926419790575233667312153393861063866001098716904171015487247766514291706124970337032479532935806976
256,370,740,40,bucket,3422687285820901559940932497714570595140718994301862413401765570168130314256018740271134552781463101531678216632139776
256,371,742,40,base,73880752775984844284314748894636382337735222563027243837670955367483227086404318969571533941584964729579276329686138880
256,371,742,40,const,4224102396952941479143981025340967913222374811385078313189840884521491805702476534704667125136019554383095520722681856
256,371,742,40,bucket,4223067480418379472804567531915448126809244258037845583623216470062588884331522726645680324557101213900760109048397824
256,372,744,40,base,91110503838802933696781982420809913107829005348795815657884791563787850175286632655048879114912140903374857908791541760
256,372,744,40,const,5209191036213428755920751293895662934680284460806846930227468710357343468895448405232357432071937942958008844152733696
256,372,744,40,bucket,5207812839990048501951216927649751962327565884200811558294391305878590539263185180721612451655370155793857321933733888
256,373,746,40,base,112298316674261343918806581166680704014425979078025165362500021054142440913621234337390884910061460782741004151714480128
256,373,746,40,const,6420573229067196670369849346446981429953629529780351621269639228256419810441102651877020128558807241301171038299619328
256,373,746,40,bucket,6418749907720999910794722370113880746315905270487255521467472396640269484381573313118538737408884924898703713517961216
256,374,748,40,base,138339719246086305610062936401183637260989878875648783302367455804225639524648641724078851049619329745225812369389649920
256,374,748,40,const,7909448060128721305807039745523255803680296494981985654368401192444941465025041887020320456615707154695826571222056960
256,374,748,40,bucket,7907049620395570250891352440855187505787555583992780815263325603864437854042969748225250414158994098248480807968571392
256,375,750,40,base,170329767685988022675937977686428489575934549629704114628467473347959290217825315921218211561878393556459329711373287424
256,375,750,40,const,9738421860128128974803830230591602290934589659347821647849672074975003999646639669332706646174331050939914839635525632
256,375,750,40,bucket,9735282773173030417390631473286716869859663207124269472682177938202591356938154884837879272008017704486560732870082560
256,376,752,40,base,209606817797882664651193591604593718156862890991175334540949064414123152456735857053821599605743241976724027508959215616
256,376,752,40,const,11984010634776541722317819316704487502768660438303169105946980804356663157846937792953957159281295574591918331320598528
256,376,752,40,bucket,11979920587472116644920021760565827920886966993061630266043550986376869417136575115936582845397324525689632152717623296
256,377,754,40,base,257805749630963745712740730144586372409044081558818733775529267139484585747326926019899546717560746412527509340979986432
256,377,754,40,const,14739682920437366562136689257736403642212331102049784738289919148825756860806168383141316617536511963302534252312133632
256,377,754,40,bucket,14734375252841153422263415147989927954810900564252666386307332105362851234443882129230395983520053445323106559910215680
256,378,756,40,base,316922654576596155884988592611175906882761880835215184386002901032554236818961879604378675739089518770539937349475762176
256,378,756,40,const,18119557944440673487250350064747907265226497186171239973244923931420317079470847115575795451230562401063995759818440704
256,378,756,40,bucket,18112695213776845523093992849961306915163743613750149848315541115454143448360960604166745500221187264907358950175801344
256,379,758,40,base,389393414818057157270328706469844940310242279418658520460231446921026216875956034627104869524544420322101940507432189952
256,379,758,40,const,22262897999766425544972725861976728058252786081250911543675328727698250219085422220121730188785847545537958069149892608
256,379,758,40,bucket,22254053979807187731803105243173472699647334191910993278542887458141603015326327481358965933798173936936519095862427648
256,380,760,41,base,50419224495213992735323072299848065645469196840373866944651156690607570370481131182595917740448170941713892156695082172416
256,380,760,41,const,2882624314060446117286872434458610376115070869003924891304135317596310630770110215288082373276488904183434383169366786048
256,380,760,41,bucket,2881426251707924830225055097320119938738043690813752704797316958726141637378743286214308345259687904911797354335492374528
256,381,762,41,base,62179158112466584856395061855859742220043219914381786110912454594925085540393487457380827138559193627452809257268562362368
256,381,762,41,const,3554966570831413678579117132258594853509761789061750598964778910946539254659069781734563532431667364190798985933407387648
256,381,762,41,bucket,3553424309607888218637663361471320827088787394547614778774094921477791089796654134619416565517440753337669706074202046464
256,382,764,41,base,76641965835200287637194195875254369354135102725870416304482320191942515685928042394177995200016401822076303864717587251200
256,382,764,41,const,4381836093855267187190279340278539152711640055090708829413006888803821474483102799730225226749813639134275082957730349056
256,382,764,41,bucket,4379855905785024903539673038324349505736101960676365681839954824570171561471222344385499549206806986665972635828054130688
256,383,766,41,base,94419714916151334308904926042261139690845729314306689630395420628631672478353855297001175250113340560727156667573210185728
256,383,766,41,const,5398225170064377278054577229582265135650958437038906928963901692728648868494677666770806953263130328108414891701007548416
256,383,766,41,bucket,5395688851711467827015813391384700717441814793885862596738709449716509265742030461180190365873580736369459534212611702784
256,384,768,41,base,116261013717232633713786253972024802580505959965581433093790183622658756782646982528007742684275922092373650736675605708800
256,384,768,41,const,6646932123271168041917717586566529660562363845872639182894292650021215776354832379987506548058023065884489687128965382144
256,384,768,41,bucket,6643690823682627303749339457362024386663977651616800418581560429766375075831293538260863550926331391707852160921432489984
256,385,770,41,base,143081014083443812314058696791857903371018199357462741544277178644565716246285560186277735292095744583494789524424748957696
256,385,770,41,const,8180276522552383898342002048282606685865598318941477932737169589954600896026318296908838379619923173570089491401657024512
256,385,770,41,bucket,8176143061410911199690157373976247783571852580742825159082018149983661505986136356855930027960950871481644124181754806272
256,386,772,41,base,175997906202381616194808563935259565245611919698419017996683742492460226589957578389563134302866145597876582433207286235136
256,386,772,41,const,10062185555170328220009542950383530227950887947224101759372903479407262071863983643772961358977553613193913333656137498624
256,386,772,41,bucket,10056924871813257760866621339928598664914989217673687412655932919678365351549685001436723153374692586246141191711876972544
256,387,774,41,base,216377289398118872774342394363950150109438657460833470838417310756341069256858559468235850459040862135014684601325784662016
256,387,774,41,const,12370730652446831247296167502864267270838076640207292436902431030855169743718547226102591715693403738846448728518592299008
256,387,774,41,bucket,12364047943014698974829225114858330230748172474112084273774707599488146076660263374414554750924602071919824947922916605952
256,388,776,41,base,265886092539081799015214601254798415226031240702231288274810549145503749564279488861804517263742943051372318791366971752448
256,388,776,41,const,15201210048588075961685224478282570212670858624319512874987136803495436336267146633193500679673941767192215999531699929088
256,388,776,41,bucket,15192736046273007121221333976413157019224689330705718356022933698036664555717550689018139638152752009317515441742658142208
256,389,778,41,base,326558067905673350691849774408540031453163620903684784759471704737227886455900859727256190789592586666870846476626008473600
256,389,778,41,const,18669892970307035288647378724941597023887354792199312711617711616527368726309875762357708714438684534215664302876973334528
256,389,778,41,bucket,18659165698290968452191401704273546056566387779707254189372486995246822202189488369196454622125946531298466760229417648128
256,390,780,41,base,400873304646442947422070849909236330504219020855647494758019853715405648752648654082375310558941729780610417216649624027136
256,390,780,41,const,22918565295575951413220816793466442677114494988021570524189745609706757036845465452701606557416667459938687916810547757056
256,390,780,41,bucket,22905007468686110184363563900859632149508386352579934217732712815386163719257544487561157698785402629415118798146527821824
256,391,782,42,base,52277408747122053993745233626509769888762774364714714824848610128234415848789595373027212716530385603345579473701494012772352
256,391,782,42,const,2988775075389765614014421596944540256784138547375433882262769281529837270379240964561257030427641265129399302062608700407808
256,391,782,42,bucket,2986956630118968349199935706980851180832482372741479773251950886848193673524212721406009527877612521885204566937819620048896
256,392,784,42,base,64406761951036653864500421265282181236328214685872822924127255267478672364390588465316184251974987532408396953906101992030208
256,392,784,42,const,3682218396063834709442923360650763287632959344468770416095325210553309061338338771647202546671056255097521122536100322082816
256,392,784,42,bucket,3679916433936497867921314146507079307406682366080618493218983296177296154348194845914794898726446534009062452808270661812224
256,393,786,42,base,79310257080895446939804689832540999172604917940892523532698384831583576406535020918861522235703865009540348857180006056460288
256,393,786,42,const,4534259185183809183926445484297281704418829073689448281774378925879108570266395409432904386723626283134499395697154377908224
256,393,786,42,bucket,4531349275665616362703746114977860939734136115274529780545471213256924397754136554400311650225037987920563180429992555184128
256,394,788,42,base,97613254063000928093916349977443791029881493528524986666634626649704927678477166049148029634401724220463850512496284705751040
256,394,788,42,const,5580648753728476615949475194534435086258248903555290937098837014857961961214272919404984333183098014239413712930120101003264
256,394,788,42,bucket,5576975350592276519914769493760593432793853038301786886677956322880552765149936001346416387851808996315058638089752363925504
256,395,790,42,base,120080038717107294567068639254124429366089391648561199351835455754510563993915782278330525630478698113958910682811185204559872
256,395,790,42,const,6865080589857108575019375559614436830561708401760494072910349154228659311145963498175671775015523632006989751311464730198016
256,395,790,42,bucket,6860449449645151514176531125647992891754227965240093530327541831124450224812541553236377106606604178761623557108746493624320
256,396,792,42,base,147644233571510499076436584726510572045279568800015571323261142631489135654626291929795405579352284197767381864104906654220288
256,396,792,42,const,8440928876067613487155503177601842732407371552939516343709187076255454831378504961521875357140981228348326759848265715286016
256,396,792,42,bucket,8435097673106433733168456473095642292122431066543254352793729709399187837054547604151278919461800826626680899311757114212352
256,397,794,42,base,181445767155199727382363743227859176626776703950252776134867107895977199479682491245481114129955005338159323391991257015255040
256,397,794,42,const,10373361934954681167763802003633524949028018175642664187775554797321966816922101326346144720597660955479317803273960229437440
256,397,794,42,bucket,10366028653519608912954324719018253272695632111337164796840057691665139396152523939240530289631202054833518842366254043365376
256,398,796,42,base,222875795067523089137372908550414206503820328647494675825033798950005663118600823986730410489798833435732090288492238602240000
256,398,796,42,const,12741910253440829601249870462977362027700495103113056033055096364667644419936695446762369411473612596798360960291246165721088
256,398,796,42,bucket,12732698842212673226631010043316298000246779743229520169168503819566229264318095398739695187606876058397449798760061818896384
256,399,798,42,base,273631257659312058767605287409519562480971868354328481624204700477237090868461952274469456590310182990842160902928784628383744
256,399,798,42,const,15643585401054781558721088628737849026342280031646403775199161361962177250163932910800124736031067725562258676830526563680256
256,399,798,42,bucket,15632028058278343864715941606545287682629434029958823001829376450712569431232153220161011900524097918394845397500329646358528
256,400,800,42,base,335781110764244864793058714514138890131614077358284093014108288447252265858400644379754178036912008451699728907232604397240320
256,400,800,42,const,19196666257510534282100756621584282003984249542090417881150805917091636019032212127380949642435132874813627803234454200123392
256,400,800,42,bucket,19182181572604795025670769264891309784899251622926242857753379461599925588211161131249278954198686439893202805348278558785536
