q,n,m,D,variant,pred_bit_ops
2,10,20,3,base,6164366
2,10,20,3,const,3292096
2,10,20,3,bucket,1855961
2,11,22,3,base,12839696
2,11,22,3,const,6774780
2,11,22,3,bucket,3742322
2,12,24,3,base,25237987
2,12,24,3,const,13201137
2,12,24,3,bucket,7182712
2,13,26,4,base,344871318
2,13,26,4,const,179802838
2,13,26,4,bucket,97268597
2,14,28,4,base,728088760
2,14,28,4,const,377297166
2,14,28,4,bucket,201901368
2,15,30,4,base,1463021296
2,15,30,4,const,754473458
2,15,30,4,bucket,400199540
2,16,32,4,base,2814289086
2,16,32,4,const,1445658213
2,16,32,4,bucket,761342777
2,17,34,4,base,5207582293
2,17,34,4,const,2666414123
2,17,34,4,bucket,1395830039
2,18,36,4,base,9308404189
2,18,36,4,const,4753335383
2,18,36,4,bucket,2475800981
2,19,38,4,base,16130001555
2,19,38,4,const,8218258625
2,19,38,4,bucket,4262387161
2,20,40,4,base,27178960411
2,20,40,4,const,13821170108
2,20,40,4,bucket,7142274957
2,21,42,4,base,44650176144
2,21,42,4,const,22668480121
2,21,42,4,bucket,11677632110
2,22,44,4,base,71680976166
2,22,44,4,const,36340458081
2,22,44,4,bucket,18670199039
2,23,46,4,base,112678838146
2,23,46,4,const,57055228040
2,23,46,4,bucket,29243422988
2,24,48,4,base,173742039580
2,24,48,4,const,87880439915
2,24,48,4,bucket,44949640083
2,25,50,5,base,4868773672880
2,25,50,5,const,2462482172243
2,25,50,5,bucket,1259336421924
2,26,52,5,base,7930175119830
2,26,52,5,const,4007127011493
2,26,52,5,bucket,2045602957324
2,27,54,5,base,12676518445881
2,27,54,5,const,6400203571302
2,27,54,5,bucket,3262046134013
2,28,56,5,base,19914240631225
2,28,56,5,const,10047101164686
2,28,56,5,bucket,5113531431417
2,29,58,5,base,30782615852116
2,29,58,5,const,15520293714766
2,29,58,5,bucket,7889132646091
2,30,60,5,base,46870913137424
2,30,60,5,const,23618078065230
2,30,60,5,bucket,11991660529134
2,31,62,5,base,70370279082805
2,31,62,5,const,35440727650491
2,31,62,5,bucket,17975951934333
2,32,64,5,base,104268740768607
2,32,64,5,const,52488226993836
2,32,64,5,bucket,26597970106450
2,33,66,5,base,152599521823462
2,33,66,5,const,76784720558040
2,33,66,5,bucket,38877319925329
2,34,68,5,base,220754646550228
2,34,68,5,const,111035636105843
2,34,68,5,bucket,56176130883650
2,35,70,5,base,315878181838705
2,35,70,5,const,158824722821546
2,35,70,5,bucket,80297993312967
2,36,72,5,base,447355702575073
2,36,72,5,const,224859231600929
2,36,72,5,bucket,113610996113858
2,37,74,5,base,627419659122710
2,37,74,5,const,315273139086863
2,37,74,5,bucket,159199879068940
2,38,76,6,base,27007332568385880
2,38,76,6,const,13570826372149492
2,38,76,6,bucket,6852573274031299
2,39,78,6,base,39439161951382656
2,39,78,6,const,19812277787497304
2,39,78,6,bucket,9998835705554624
2,40,80,6,base,57026618040619792
2,40,80,6,const,28640186810915984
2,40,80,6,bucket,14446971196064076
2,41,82,6,base,81686122718095472
2,41,82,6,const,41015349536361632
2,41,82,6,bucket,20679962945494708
2,42,84,6,base,115968653080406144
2,42,84,6,const,58216516628043096
2,42,84,6,bucket,29340448401861560
2,43,86,6,base,163245490413502144
2,43,86,6,const,81933420853108560
2,43,86,6,bucket,41277386072911776
2,44,88,6,base,227941591234194208
2,44,88,6,const,114383645510509456
2,44,88,6,bucket,57604672648667088
2,45,90,6,base,315827147898879488
2,45,90,6,const,158458622069386272
2,45,90,6,bucket,79774359154639712
2,46,92,6,base,434379904738850624
2,46,92,6,const,217905044663022752
2,46,92,6,bucket,109667614625108832
2,47,94,6,base,593233116610809856
2,47,94,6,const,297549152870369152
2,47,94,6,bucket,149707171000148736
2,48,96,6,base,804726700437112832
2,48,96,6,const,403572662426624256
2,48,96,6,bucket,202995643421379840
2,49,98,6,base,1084582212910241408
2,49,98,6,const,543850669939242304
2,49,98,6,bucket,273484898453742656
2,50,100,6,base,1452725807598371072
2,50,100,6,const,728363616349226496
2,50,100,6,bucket,366182520724654080
2,51,102,6,base,1934287351869416448
2,51,102,6,const,969697407533624320
2,51,102,6,bucket,487402435365728000
2,52,104,6,base,2560808486438779904
2,52,104,6,const,1283648097779982848
2,52,104,6,bucket,645067903450584192
2,53,106,7,base,154106406866080694272
2,53,106,7,const,77248225937958125568
2,53,106,7,bucket,38819135473896857600
2,54,108,7,base,210394877666589605888
2,54,108,7,const,105453125874605916160
2,54,108,7,bucket,52982249978614095872
2,55,110,7,base,285548897915650211840
2,55,110,7,const,143107959855582986240
2,55,110,7,bucket,71887490825549365248
2,56,112,7,base,385347001121018150912
2,56,112,7,const,193106383730006065152
2,56,112,7,bucket,96986075034500038656
2,57,114,7,base,517177689721664110592
2,57,114,7,const,259148046353412456448
2,57,114,7,bucket,130133224669286580224
2,58,116,7,base,690445186953125429248
2,58,116,7,const,345941672092327411712
2,58,116,7,bucket,173689914661928370176
2,59,118,7,base,917067081789989715968
2,59,118,7,const,459454127170737012736
2,59,118,7,bucket,230647649861110530048
2,60,120,7,base,1212082421119504613376
2,60,120,7,const,607214752873158934528
2,60,120,7,bucket,304780918749986160640
2,61,122,7,base,1594392110769389699072
2,61,122,7,const,798685903078544769024
2,61,122,7,bucket,400832799233122304000
2,62,124,7,base,2087657309043319373824
2,62,124,7,const,1045712535533382795264
2,62,124,7,bucket,524740148778414571520
2,63,126,7,base,2721385901330277597184
2,63,126,7,const,1363065909658306215936
2,63,126,7,bucket,683905913822320394240
2,64,128,7,base,3532242209188134518784
2,64,128,7,const,1769098977353786458112
2,64,128,7,bucket,887527361436612296704
2,65,130,7,base,4565620895649619247104
2,65,130,7,const,2286533958396926754816
2,65,130,7,bucket,1146990489770581032960
2,66,132,7,base,5877532676296019017728
2,66,132,7,const,2943405917517915357184
2,66,132,7,bucket,1476342538128863264768
2,67,134,8,base,428072050493922071281664
2,67,134,8,const,214373730462070290251776
2,67,134,8,bucket,107524570446144399736832
2,68,136,8,base,565042639471983133196288
2,68,136,8,const,282953005837271605182464
2,68,136,8,bucket,141908189019915757289472
2,69,138,8,base,742711414030241208729600
2,69,138,8,const,371905490487695443492864
2,69,138,8,bucket,186502528716422627983360
2,70,140,8,base,972271956886618695008256
2,70,140,8,const,486833658230242688368640
2,70,140,8,bucket,244114508902054785712128
2,71,142,8,base,1267757213338442789814272
2,71,142,8,const,634760887636274358255616
2,71,142,8,bucket,318262724785190276694016
2,72,144,8,base,1646700951466518079602688
2,72,144,8,const,824462431467743351930880
2,72,144,8,bucket,413343171468356122312704
2,73,146,8,base,2130940054278448831528960
2,73,146,8,const,1066866844336113051500544
2,73,146,8,bucket,534830239364945161486336
2,74,148,8,base,2747584891982859345068032
2,74,148,8,const,1375541499356876707463168
2,74,148,8,bucket,689519803043885120225280
2,75,150,8,base,3530189781263806812389376
2,75,150,8,const,1767278204847960373592064
2,75,150,8,bucket,885822416640037556846592
2,76,152,8,base,4520161041208644097540096
2,76,152,8,const,2262797684560636871180288
2,76,152,8,bucket,1134116006236633660653568
2,77,154,8,base,5768446505616973380976640
2,77,154,8,const,2887594861151404777537536
2,77,154,8,bucket,1447169038918620744253440
2,78,156,8,base,7337557664429410577547264
2,78,156,8,const,3672950540417327362473984
2,78,156,8,bucket,1840646978411286291808256
2,79,158,8,base,9303984012555169451474944
2,79,158,8,const,4657139298068105581821952
2,79,158,8,bucket,2333716940824574452301824
2,80,160,8,base,11761068827178176845185024
2,80,160,8,const,5886868193845424928325632
2,80,160,8,bucket,2949767877179049506766848
2,81,162,8,base,14822426636338249926180864
2,81,162,8,const,7418986460489947520434176
2,81,162,8,bucket,3717266372565797928173568
2,82,164,9,base,1268265132825076586868899840
2,82,164,9,const,634797399420838862735278080
2,82,164,9,bucket,318063532718719725790560256
2,83,166,9,base,1632090169763246010343096320
2,83,166,9,const,816878503733243479907631104
2,83,166,9,bucket,409272670718242077250945024
2,84,168,9,base,2093713224319519621728174080
2,84,168,9,const,1047898448891812947884507136
2,84,168,9,bucket,524991061177959404804243456
2,85,170,9,base,2677703686748634182248824832
2,85,170,9,const,1340150670104067438668677120
2,85,170,9,bucket,671374161781784341756510208
2,86,172,9,base,3414382933735932250868940800
2,86,172,9,const,1708806370154899674757070848
2,86,172,9,bucket,856018088364383524140089344
2,87,174,9,base,4341075071503582069056864256
2,87,174,9,const,2172540222815232833093632000
2,87,174,9,bucket,1088272798471058489989922816
2,88,176,9,base,5503609340350501866629496832
2,88,176,9,const,2754281963863718206478745600
2,88,176,9,bucket,1379618275620327201037090816
2,89,178,9,base,6958120835671351452200075264
2,89,178,9,const,3482117206134943477420523520
2,89,178,9,bucket,1744115391366738115641212928
2,90,180,9,base,8773204130267659240296415232
2,90,180,9,const,4390364781148818464531546112
2,90,180,9,bucket,2198945106589397801771204608
2,91,182,9,base,11032483541078909416061796352
2,91,182,9,const,5520862490450810755723821056
2,91,182,9,bucket,2765051965136759776287391744
2,92,184,9,base,13837674342638738203601797120
2,92,184,9,const,6924498430976209315264724992
2,92,184,9,bucket,3467910475144944871096188928
2,93,186,9,base,17312221383623761466599931904
2,93,186,9,const,8663031137575619154520571904
2,93,186,9,bucket,4338436014551550197504147456
2,94,188,9,base,21605615529965382018596339712
2,94,188,9,const,10811248771402219019040718848
2,94,188,9,bucket,5414065392120637519262908416
2,95,190,9,base,26898504383097570575754723328
2,95,190,9,const,13459525597667800591861022720
2,95,190,9,bucket,6740036204952915599914172416
2,96,192,9,base,33408732079709279782438961152
2,96,192,9,const,16716843177697418887062093824
2,96,192,9,bucket,8370898726691489538885287936
2,97,194,9,base,41398463977492238501219926016
2,97,194,9,const,20714354202095480605803282432
2,97,194,9,bucket,10372299314397106056141471744
2,98,196,10,base,4076536917693922422766520238080
2,98,196,10,const,2039757136956418280833557725184
2,98,196,10,bucket,1021367246587666209867076468736
2,99,198,10,base,5141790034832027434372235788288
2,99,198,10,const,2572732012049934645302162096128
2,99,198,10,bucket,1288203000658889376667032092672
2,100,200,10,base,6469730611865092335910296485888
2,100,200,10,const,3237127170867792259863053074432
2,100,200,10,bucket,1620825450369142221839431368704
2,101,202,10,base,8121357085606057698563427663872
2,101,202,10,const,4063457594342831367152860135424
2,101,202,10,bucket,2034507848711218764397529792512
2,102,204,10,base,10170974164215625183036035825664
2,102,204,10,const,5088894430600570136604067233792
2,102,204,10,bucket,2547854563793041487488176095232
2,103,206,10,base,12708912390373821681333528690688
2,103,206,10,const,6358625319313476778993439997952
2,103,206,10,bucket,3183481783783302638973535387648
2,104,208,10,base,15844766928757814000260720099328
2,104,208,10,const,7927474418331925413518330822656
2,104,208,10,bucket,3968828163118979994247229341696
2,105,210,10,base,19711247870680296280482136457216
2,105,210,10,const,9861828292836956642144145113088
2,105,210,10,bucket,4937118503915288511825009704960
2,106,212,10,base,24468749564271530702742627549184
2,106,212,10,const,12241921436970895269710585135104
2,106,212,10,bucket,6128507373320571923695029714944
2,107,214,10,base,30310764010577434785346595323904
2,107,214,10,const,15164543966093501909806302101504
2,107,214,10,bucket,7591433943851533220236341805056
2,108,216,10,base,37470283538443022034115556802560
2,108,216,10,const,18746244106536582588851711639552
2,108,216,10,bucket,9384224390583361740319882215424
2,109,218,10,base,46227361149509868956616606351360
2,109,218,10,const,23127109701748187766692627087360
2,109,218,10,bucket,11576983977867353927130078511104
2,110,220,10,base,56918023520745571682559343984640
2,110,220,10,const,28475226254898809472633756712960
2,110,220,10,bucket,14253827621975428367670963077120
2,111,222,10,base,69944762128820546318261813248000
2,111,222,10,const,34991924269993800525438357864448
2,111,222,10,bucket,17515505340580432132626257543168
2,112,224,10,base,85788862838893648543862111600640
2,112,224,10,const,42917946096613463220839509917696
2,112,224,10,bucket,21482487725473379566527463817216
2,113,226,10,base,105024874164312658867189052342272
2,113,226,10,const,52540682419805904463874112880640
2,113,226,10,bucket,26298586547552522758617015779328
2,114,228,11,base,11522806630332929999666968390533120
2,114,228,11,const,5764501613895981852552849445093376
2,114,228,11,bucket,2885349105677506049613533062103040
2,115,230,11,base,14325474902574089212890634904403968
2,115,230,11,const,7166517521129186796260799683756032
2,115,230,11,bucket,3587038830406736164406634376855552
2,116,232,11,base,17775050987373369171706176344162304
2,116,232,11,const,8892129155853287312051502409842688
2,116,232,11,bucket,4450668240093248111606422352953344
2,117,234,11,base,22012980103894138439192830508269568
2,117,234,11,const,11012086955767203955849840998481920
2,117,234,11,bucket,5511640381703739020021355457282048
2,118,236,11,base,27209945631899998394958785074429952
2,118,236,11,const,13611765577145493356958381129072640
2,118,236,11,bucket,6812675549768241990879683763240960
2,119,238,11,base,33571570492868343625785183874056192
2,119,238,11,const,16794015475773323779803559804010496
2,119,238,11,bucket,8405237967225813856812747768987648
2,120,240,11,base,41345164765161805248389815570792448
2,120,240,11,const,20682537749271257423935765198405632
2,120,240,11,bucket,10351224241325988123394758439600128
2,121,242,11,base,50827699722408042191573397469659136
2,121,242,11,const,25425872357210990933217331780780032
2,121,242,11,bucket,12724958674612462998196289722646528
2,122,244,11,base,62375217522676052451739057126375424
2,122,244,11,const,31202104357707392587634288334209024
2,122,244,11,bucket,15615547775223053432209867083350016
2,123,246,11,base,76413919178559045922039019629182976
2,123,246,11,const,38224409503896750816084426999463936
2,123,246,11,bucket,19129654666565610180636158325686272
2,124,248,11,base,93453211814166953441580332777209856
2,124,248,11,const,46747579735566839243765462259990528
2,124,248,11,bucket,23394763696266786756544045428768768
2,125,250,11,base,114101040252267045848217963500404736
2,125,250,11,const,57075691124229954858591205921390592
2,125,250,11,bucket,28563016560211413975463845559271424
2,126,252,11,base,139081878449386238014968104417755136
2,126,252,11,const,69571102072182715997335415552999424
2,126,252,11,bucket,34815713883580950376833052693233664
2,127,254,11,base,169257814083000177546493907037061120
2,127,254,11,const,84664998464838961639791383533322240
2,127,254,11,bucket,42368590655758344463068084926676992
2,128,256,11,base,205653225677261903756593839592177664
2,128,256,11,const,102869735523066308041280450889515008
2,128,256,11,bucket,51477990445968519406995793392959488
2,129,258,11,base,249483627138933302941018084954079232
2,129,258,11,const,124793263851915652743806689084440576
2,129,258,11,bucket,62448082208406799975084880585293824
2,130,260,12,base,29827144522456478938474466674189795328
2,130,260,12,const,14919722453756415122308671026801672192
2,130,260,12,bucket,7466011419406380853042531768285003776
2,131,262,12,base,36680150944040014039564124254036295680
2,131,262,12,const,18347514981066252100880469534466637824
2,131,262,12,bucket,9181196999579366409172159305036595200
2,132,264,12,base,45034196171350520848106055503854960640
2,132,264,12,const,22526083749844990698494033072851255296
2,132,264,12,bucket,11272027539092230346054504726994616320
2,133,266,12,base,55202233178481437966289129726273388544
2,133,266,12,const,27611953775883368079251363220426850304
2,133,266,12,bucket,13816814074584323690999514228213153792
2,134,268,12,base,67559218695958625772825775064834113536
2,134,268,12,const,33792660632932445947730679421059727360
2,134,268,12,bucket,16909381601419351312816648729527320576
2,135,270,12,base,82553765639919814602443745915754774528
2,135,270,12,const,41292578133607172873782554821646090240
2,135,270,12,bucket,20661984380450861454184925013882175488
2,136,272,12,base,100721868570183901796924103056003432448
2,136,272,12,const,50379782758134583119607917404099706880
2,136,272,12,bucket,25208739852109933225682790317438271488
2,137,274,12,base,122703050536487219597909913335886774272
2,137,274,12,const,61374129045495334402508850774491004928
2,137,274,12,bucket,30709668299999401249541285233083547648
2,138,276,12,base,149259334832089005556813939143291699200
2,138,276,12,const,74656737746361526451184705559618125824
2,138,276,12,bucket,37355439203497777453637123028490911744
2,139,278,12,base,181297508541493593289537159538138939392
2,139,278,12,const,90681130226538021355493593086144020480
2,139,278,12,bucket,45372941069060235388471809860146561024
2,140,280,12,base,219895217488380332900087724257407139840
2,140,280,12,const,109986278975535949209845904363850039296
2,140,280,12,bucket,55031809719113776254190925895652343808
2,141,282,12,base,266331515554076161915834218477609025536
2,141,282,12,const,133211885764082813513348610445289717760
2,141,282,12,bucket,66652070869086120422639874950549209088
2,142,284,12,base,322122586806112538328028500613971050496
2,142,284,12,const,161116246736931960009558747273203023872
2,142,284,12,bucket,80613076702341708629255733559980720128
2,143,286,12,base,389063468097639687377677356553260236800
2,143,286,12,const,194597118346912943426109205564041986048
2,143,286,12,bucket,97363943471549533671393267112271151104
2,144,288,12,base,469276724628088519690374312185269583872
2,144,288,12,const,234716060461060646605487227958196174848
2,144,288,12,bucket,117435728377546710063043685844659470336
2,145,290,12,base,565269173483848383902576745293287522304
2,145,290,12,const,282726804245200438250180942672156426240
2,145,290,12,bucket,141455619625876503202914904318752587776
2,146,292,13,base,72476514295848831882658183144143746760704
2,146,292,13,const,36250079422297604411432769171041168654336
2,146,292,13,bucket,18136861985521990675820062184489879601152
2,147,294,13,base,88373243226230276753334254847086836056064
2,147,294,13,const,44200826862507739111314715518987583619072
2,147,294,13,bucket,22114618680646460618898388937904559751168
2,148,296,13,base,107606646183619887188993194244288246972416
2,148,296,13,const,53820369695756009917742641918170642776064
2,148,296,13,bucket,26927231451824080953523922672145238327296
2,149,298,13,base,130846057888883861847115941903978276585472
2,149,298,13,const,65443459295475232766071714975794002395136
2,149,298,13,bucket,32742159998770918225549601511701865299968
2,150,300,13,base,158888950902072541467968313216167789461504
2,150,300,13,const,79468930601803546726222407486903999791104
2,150,300,13,bucket,39758920451669068698162568456338900254720
2,151,302,13,base,192684310211157129901060278790472136130560
2,151,302,13,const,96371391840569978502213900339745472380928
2,151,302,13,bucket,48214932655276383459977597280315345207296
2,152,304,13,base,233360063948624659527983304491865374457856
2,152,304,13,const,116714942686524648166344531210328946507776
2,152,304,13,bucket,58392382055474642485525144569560732532736
2,153,306,13,base,282255238551342431250886592844727618371584
2,153,306,13,const,141169255084921733026616133476541033086976
2,153,306,13,bucket,70626263351711364571667789958380945145856
2,154,308,13,base,340957611025585978246803983466733347274752
2,154,308,13,const,170528403126691777102860078234605656735744
2,154,308,13,bucket,85313799177244695873701239452608606765056
2,155,310,13,base,411347750729728058290557085520427265032192
2,155,310,13,const,205732888256670797263359947965266336415744
2,155,310,13,bucket,102925457020142205435387606855819462705152
2,156,312,13,base,495650480386647185201284371582816404635648
2,156,312,13,const,247895374754225024423438044490506444996608
2,156,312,13,bucket,124017821938013982720141108612485055774720
2,157,314,13,base,596494943312175982707286400985804620955648
2,157,314,13,const,298330729074143631593524563231835340931072
2,157,314,13,bucket,149248621955127533407896099691117882114048
2,158,316,13,base,716984643836024340353927892748149658222592
2,158,316,13,const,358591046643598666992192229065579208638464
2,158,316,13,bucket,179394248047385907682576852560561165041664
2,159,318,13,base,860779033692599164085489858362568683290624
2,159,318,13,const,430506452625978290563605435646538061709312
2,159,318,13,bucket,215370162092667699060158313615988388528128
2,160,320,13,base,1032188452262752623868331056130575071969280
2,160,320,13,const,516232580730561833073658417375694026702848
2,160,320,13,bucket,258254644964466515047574553334520685264896
2,161,322,13,base,1236284496889845357262120562603899926609920
2,161,322,13,const,618305768336604473724328246166299986624512
2,161,322,13,bucket,309316404059984109326684543283767197827072
2,162,324,13,base,1479028205508249632957476381926665677176832
2,162,324,13,const,739707159228483616400497577108158709497856
2,162,324,13,bucket,370046636088600762864513085371439588048896
2,163,326,14,base,203441341079618544301685536476794614691397632
2,163,326,14,const,101747222935289729643075645297655109530943488
2,163,326,14,bucket,50900163863125302506730071142000958564728832
2,164,328,14,base,246075767529350287171680132683465662885003264
2,164,328,14,const,123069581437807167494457695903653905108566016
2,164,328,14,bucket,61566488392035627462887106079832424606334976
2,165,330,14,base,297288476425212977942114616976651550990532608
2,165,330,14,const,148682036126081852336797956567242666370138112
2,165,330,14,bucket,74378815976516329148220883494707020831916032
2,166,332,14,base,358734710230555735967282575729120063963267072
2,166,332,14,const,179412377766783901816698623089526115816964096
2,166,332,14,bucket,89751211534897905513244132505391548199862272
2,167,334,14,base,432375632261803420715571136964998068753661952
2,167,334,14,const,216241386300850394606529557345269582300971008
2,167,334,14,bucket,108174263320373960780171281799742932618575872
2,168,336,14,base,520532410272671903711996195226670107811905536
2,168,336,14,const,260329877284407309510108623389600482875932672
2,168,336,14,bucket,130228610790274933181002323206728076863995904
2,169,338,14,base,625949432892008507177941043749718400629211136
2,169,338,14,const,313050315472214446782319248687909956451565568
2,169,338,14,bucket,156600756762317495812670865421343327906693120
2,170,340,14,base,751868129720492540087195995464655150346403840
2,170,340,14,const,376023731050966382118748376300535559521042432
2,170,340,14,bucket,188101531716203144678199538189800577020461056
2,171,342,14,base,902113091406227669480912995275859050956324864
2,171,342,14,const,451162786801697883550674838896901491500515328
2,171,342,14,bucket,225687634499433149041880789236097898860511232
2,172,344,14,base,1081192444393647357726569112980171336122892288
2,172,344,14,const,540721973674186021897580262209720159146344448
2,172,344,14,bucket,270486738314455195526760808295819383570169856
2,173,346,14,base,1294414730814995754404943096086457322420830208
2,173,346,14,const,647356060162225438081917598939561502619729920
2,173,346,14,bucket,323826724835840200692242336101775999175229440
2,174,348,14,base,1548024882303556069798911445969222469414813696
2,174,348,14,const,774188090044613337114205354446138786864693248
2,174,348,14,bucket,387269693915142129228177337213272132677533696
2,175,350,14,base,1849362263154502639929789785152456198077808640
2,175,350,14,const,924888416403705848860924830495464636146515968
2,175,350,14,bucket,462651493028307294870167324638293668092968960
2,176,352,14,base,2207044199793309159845102190433694086433079296
2,176,352,14,const,1103766480627165447327676154741912042710499328
2,176,352,14,bucket,552127621044093432612638108367345833761308672
2,177,354,14,base,2631178917323878722473859030081967312326361088
2,177,354,14,const,1315877297034753494194320240678864003312648192
2,177,354,14,bucket,658226486890191038510875874505987535893692416
2,178,356,14,base,3133612378351470809419818799759488997061033984
2,178,356,14,const,1567144891017391371796374836143031033299730432
2,178,356,14,bucket,783911147350351019159352740220101303067475968
2,179,358,15,base,452193642583237280160274676405333701748936671232
2,179,358,15,const,226145693367477740607219690239312929869168377856
2,179,358,15,bucket,113121718759597889701053782549620848140279087104
2,180,360,15,base,543977817163035139287155342527110174826091773952
2,180,360,15,const,272047001496524786004455163362758454645406826496
2,180,360,15,bucket,136081593663269649927924281083923442449566924800
2,181,362,15,base,653698291502490032004402926196564844764658139136
2,181,362,15,const,326918130932574119211502726964244483675971911680
2,181,362,15,bucket,163528050647616203379871834651425151026131369984
2,182,364,15,base,784726257682758154982397418431350179784260845568
2,182,364,15,const,392444968460309566229344459771743900573454303232
2,182,364,15,bucket,196304323849085190723179565835259065179045888000
2,183,366,15,base,941041677162181274482990507914728046746216169472
2,183,366,15,const,470617834026259236212116790356995286447268298752
2,183,366,15,bucket,235405912458298298206318346184810602086799507456
2,184,368,15,base,1127338777685667733062572386143806707835791736832
2,184,368,15,const,563784236928844985585490813707884182343461634048
2,184,368,15,bucket,282006966550433530717311612883241223808291438592
2,185,370,15,base,1349149073075733288608049440574161135195251539968
2,185,370,15,const,674710394629087658429422977103007766925847560192
2,185,370,15,bucket,337491055405764681080832916154067691213135282176
2,186,372,15,base,1612984691829817796785367811986011269095680376832
2,186,372,15,const,806652907316003376556568415759850240958907023360
2,186,372,15,bucket,403487015059096166442168717646769726890520346624
2,187,374,15,base,1926505223802318887069607420559437098242818441216
2,187,374,15,const,963442193061447269340409753489639665473119322112
2,187,374,15,bucket,481910677691011135957257261528014165932249186304
2,188,376,15,base,2298711778997790876203317294158938812049201823744
2,188,376,15,const,1149579530800118158262004454048141123607416799232
2,188,376,15,bucket,575013406701281637032071204779378887808513998848
2,189,378,15,base,2740172507126094853262476125487404719092539588608
2,189,378,15,const,1370349835713089922694780218908508123848589180928
2,189,378,15,bucket,685438500006587619670209094832423217804624265216
2,190,380,15,base,3263284460667239492335970770831151869336580259840
2,190,380,15,const,1631952608676167436146553704895908395605282521088
2,190,380,15,bucket,816286682680632057088952488781740225051674804224
2,191,382,15,base,3882577408613022907088601677821013147577627967488
2,191,382,15,const,1941653863682969851450261089818398544545401798656
2,191,382,15,bucket,971192091217943323631090795817091243029288714240
2,192,384,15,base,4615066035052543539977671431303779215944550711296
2,192,384,15,const,2307962250696548061475348964666923423473166450688
2,192,384,15,bucket,1154410358518549673187080414495041960925433167872
2,193,386,15,base,5480657900189697405064105338129405733974482878464
2,193,386,15,const,2740833063143436979403245689442132136755204194304
2,193,386,15,bucket,1370920644620306766572815865098495338145564852224
2,194,388,15,base,6502625616839312573749346112321434430075394064384
2,194,388,15,const,3251904357049152896000468332714840373814295003136
2,194,388,15,bucket,1626543727154072408088922126058089779371704320000
2,195,390,15,base,7708152920553221238209091161158984683592089600000
2,195,390,15,const,3854770021429413863673314665630830185351003242496
2,195,390,15,bucket,1928078571867508878331211784159845803606377758720
2,196,392,16,base,1170733820594987607856838917062721915840256901382144
2,196,392,16,const,585472242872110199970400224073725646993833039233024
2,196,392,16,bucket,292841454010671496027180877579227512570621108158464
2,197,394,16,base,1400613892586732430233258166130361395233702901972992
2,197,394,16,const,700431593353531915613846034358732180077364654374912
2,197,394,16,bucket,350340443736931492150640495358433459523312995532800
2,198,396,16,base,1674057875633282562672522420684391483727818384211968
2,198,396,16,const,837176311133647817150250966265745931692166569000960
2,198,396,16,bucket,418735528883830278235615765941939042698458126352384
2,199,398,16,base,1999026431611855396996379855661526923341677377617920
2,199,398,16,const,999687307132419907394795640876258216800053660483584
2,199,398,16,bucket,500017744892702162594003533483623863529241801916416
2,200,400,16,base,2384881606512013905665100960105708994335008876396544
2,200,400,16,const,1192646279105773226773423043247475939635189524725760
2,200,400,16,bucket,596528615402652555020585138589391186333514778804224
2,201,402,16,base,2842624247453512761116160127155862704299808338739200
2,201,402,16,const,1421554435026923552358891247235952766750132384301056
2,201,402,16,bucket,711019528813629114133756280390481910951176942125056
2,202,404,16,base,3385170086954855993265795191451566732661836046401536
2,202,404,16,const,1692870552331112282428232076074425186771461967183872
2,202,404,16,bucket,846720785019239762395452625927917961922744787402752
2,203,406,16,base,4027670541559634529474205143925200941023248341008384
2,203,406,16,const,2014171396899817276489963816971740894131456682491904
2,203,406,16,bucket,1007421824569909314611841045952947322589090993405952
2,204,408,16,base,4787885178877665343793644093370559048053160809594880
2,204,408,16,const,2394337979179977696077565624272251010005300781514752
2,204,408,16,bucket,1197564379331133872219526389723096990981370767474688
2,205,410,16,base,5686613844324615058268715269393211750705226691117056
2,205,410,16,const,2843771643497356486261631524855223350114816222035968
2,205,410,16,bucket,1422350543083727864872087545044165601723141127667712
2,206,412,16,base,6748197624243667264143061585816296073691119977758720
2,206,412,16,const,3374644579380053788468970914721529264535858558533632
2,206,412,16,bucket,1687868056948247050631925579174145859958227848921088
2,207,414,16,base,8001099175909688153865232071228765216611299829481472
2,207,414,16,const,4001190020680867844226517781537548746474337544962048
2,207,414,16,bucket,2001235443066457024793162744234004059502326262530048
2,208,416,16,base,9478574500035387267297276718707512329424908413042688
2,208,416,16,const,4740038170919401414824322506249483014937482239148032
2,208,416,16,bucket,2370770006361408488587845400020468357693769152200704
2,209,418,16,base,11219449993674483515315536858401935784592152228528128
2,209,418,16,const,5610604774484485586248591748781704327636028844146688
2,209,418,16,bucket,2806182164889487286329117086429525051061497292128256
2,210,420,16,base,13269020630039744102503652538660927411051940712284160
2,210,420,16,const,6635540257741441143409632398246076315491474488688640
2,210,420,16,bucket,3318800071592293651546609682786269479132422217924608
2,211,422,16,base,15680087399662725416246663631992411043805322375331840
2,211,422,16,const,7841248508147423458370414156955700369080674477408256
2,211,422,16,bucket,3921829062389775137888280989269090839332471089135616
2,212,424,16,base,18514154751660866087624533585912722967518636413026304
2,212,424,16,const,9258485661764939382841805607127685458219276701794304
2,212,424,16,bucket,4630651116816977359678437402651039607376657126522880
2,213,426,17,base,2938779901098751175330530402103081495009319972967022592
2,213,426,17,const,1469613476912070565369117398067973685836328740153458688
2,213,426,17,bucket,735030264818730090247227435581188049562529407862571008
2,214,428,17,base,3499562132728292377498110178314913386273914676114882560
2,214,428,17,const,1750044587298503474283936439010648591328528589322715136
2,214,428,17,bucket,875285814583608342112115727481589267106620682390208512
2,215,430,17,base,4163842669027917478387829847555121847136159482974830592
2,215,430,17,const,2082231759880358791307353511711614514717324377245876224
2,215,430,17,bucket,1041426305306579788049482264728324311882514256149610496
2,216,432,17,base,4950081892183310193396861399515706210611255446299738112
2,216,432,17,const,2475406337467027290734507461329055245644705530059423744
2,216,432,17,bucket,1238068560108885499120963571297266299786823140171055104
2,217,434,17,base,5879919634119853946557157142932284566227952223230361600
2,217,434,17,const,2940389572756946373889787421338532305121309865541632000
2,217,434,17,bucket,1470624542075492247273735639603192711193381254929055744
2,218,436,17,base,6978703474767907911152728689580795141182059056369500160
2,218,436,17,const,3489856806088396038444454115995772145953359527214579712
2,218,436,17,bucket,1745433471748640782655050671080187575088224626173542400
2,219,438,17,base,8276101647859572443104978120589439422377566351424225280
2,219,438,17,const,4138643951213476082625820802217511552065732706650030080
2,219,438,17,bucket,2069915102890427902386242143031547616909815884262932480
2,220,440,17,base,9806813600943189631635841635659233969179713872504815616
2,220,440,17,const,4904102813046838310228581425642053457878809256874999808
2,220,440,17,bucket,2452747419098661968960217478756536275479142085523668992
2,221,442,17,base,11611393191300901470670638961695401516983072617907879936
2,221,442,17,const,5806512728923742013855318276911558905069075849227010048
2,221,442,17,bucket,2904072497735162285447657934519637599112077464886575104
2,222,444,17,base,13737201710158459408409691311809097766066817611113431040
2,222,444,17,const,6869557130348310212156292343965202601478550575957147648
2,222,444,17,bucket,3435734840443234252900125176289401165685987331306160128
2,223,446,17,base,16239510451677291192474067727918144197585282177177747456
2,223,446,17,const,8120874884370001802905721951962974746494662258737545216
2,223,446,17,bucket,4061557100716358469251016747739243874447782026590289920
2,224,448,17,base,19182775423345786903367989689063405851559357415484817408
2,224,448,17,const,9592697713910474943695951895786572278380455185117872128
2,224,448,17,bucket,4797658859192820324989400682902009345289433797007245312
2,225,450,17,base,22642110078725755958087578288627309404031759897155600384
2,225,450,17,const,11322586638668619418824997130968685329162708029934665728
2,225,450,17,bucket,5662824918640055232582109603400934852223471277542735872
2,226,452,17,base,26704985696495807624500881984081529846209575651578478592
2,226,452,17,const,13354282249878394165005015179408547289651392309886976000
2,226,452,17,bucket,6678930526569687435257081777072056011372300639041224704
2,227,454,17,base,31473193292825805176710475375876175087341562683350581248
2,227,454,17,const,15738685763913576704548579498319817746730189181178347520
2,227,454,17,bucket,7871431999457465190726566927049346783421361884237922304
2,228,456,17,base,37065105806667702072440985390109572147340184234223468544
2,228,456,17,const,18534990226204970765422246622547430810483820387463331840
2,228,456,17,bucket,9269932435973599667395006503750944728061919555791880192
2,229,458,17,base,43618284817771598200641302126417935144287212584000552960
2,229,458,17,const,21811983997267540448010586784635517575307018079534317568
2,229,458,17,bucket,10908833587015511571695229113744308790816920827301199872
2,230,460,18,base,7194714440573246021398863486415266103104925452299411652608
2,230,460,18,const,3597825909029480340044845310432427691492892882691801743360
2,230,460,18,bucket,1799381643257596802469548768359035312695680577626699726848
2,231,462,18,base,8533840110385420531734180622876330394950620465944726601728
2,231,462,18,const,4267470836596493279993910863893261031406187590540958105600
2,231,462,18,bucket,2134286199702030351022063438483699522625167173100370919424
2,232,464,18,base,10114491055132628628545015303699528351609285621240523915264
2,232,464,18,const,5057892314529385296587267135572871359539655048382256250880
2,232,464,18,bucket,2529592944227764327506680505591516036496035782214419480576
2,233,466,18,base,11978849517494671685939455457273105160912951649045682585600
2,233,466,18,const,5990183743876331531302634480082289991888709943360122519552
2,233,466,18,bucket,2995850857067162150882511445568855580367785110778639548416
2,234,468,18,base,14176226220584305093320670900441078543465082084530331844608
2,234,468,18,const,7089003126748880794980496039552148118019566405103780888576
2,234,468,18,bucket,3545391579831171433403558425435575597261592646435693658112
2,235,470,18,base,16764225082047123657086469940325103000706615630068319256576
2,235,470,18,const,8383155478498242087740548817230183860964080898152905834496
2,235,470,18,bucket,4192620676723799909271013347518777945110421491672604999680
2,236,472,18,base,19810091764082359277252778756135593307616131233799278166016
2,236,472,18,const,9906267165972309796316852731272160257160405794467293954048
2,236,472,18,bucket,4954354866917287843442039535168336423897327155846490095616
2,237,474,18,base,23392274064699859838217210465700544381498438005048192532480
2,237,474,18,const,11697566175663331089353526587583965690446405221709055524864
2,237,474,18,bucket,5850212231145065321125109740361729998937996789516892897280
2,238,476,18,base,27602226269246676273919950957643806752968766765943796793344
2,238,476,18,const,13802784372572292156782981702985011863854913403384940724224
2,238,476,18,bucket,6903063424235100098214497075655614419297986722105512689664
2,239,478,18,base,32546494277017979552715110910383263423104687954693741084672
2,239,478,18,const,16275200158684912863615718406933928736110949566895068545024
2,239,478,18,bucket,8139553099518382306659171971537154084578864454040920522752
2,240,480,18,base,38349123674855351185157391368202169054508377803751027638272
2,240,480,18,const,19176842618699312962551527574859007839205140247685848104960
2,240,480,18,bucket,9590702090621293851248595678187427231553521469653258338304
2,241,482,18,base,45154439037645929991248272835388631302075536716959399804928
2,241,482,18,const,22579881294878019337315288324041481081846715755182010925056
2,241,482,18,bucket,11292602423494066797941945884695798663697089355338504732672
2,242,484,18,base,53130249695853090966741132765631939501534729038664537473024
2,242,484,18,const,26568229213262383137685254943718993067519470367021782269952
2,242,484,18,bucket,13287218971967023647971016400106734466582272869110028173312
2,243,486,18,base,62471545137048760489831136226549126851072768496602447872000
2,243,486,18,const,31239390747196831946683461815781231323415160281771160895488
2,243,486,18,bucket,15623313552270878825482223875708854327445492498536270397440
2,244,488,18,base,73404752231059405316971202916485139805450561653439194988544
2,244,488,18,const,36706590415758635854435814614453797175914986780809016377344
2,244,488,18,bucket,18357509508108262273540719728749696629006335668674680061952
2,245,490,18,base,86192636732555100732158078034547333098197293163585550155776
2,245,490,18,const,43101223847165770419152911527440485714622773242478022623232
2,245,490,18,bucket,21555517404471094112277729008575491254976376957743505866752
2,246,492,18,base,101139943185114783406498182579799623361858325560360964194304
2,246,492,18,const,50575677972753341143966650318493370156382580623896672731136
2,246,492,18,bucket,25293545366572620012700884187840243553644708155664526999552
2,247,494,19,base,17255536246217550452753059874328811181379541159440159095128064
2,247,494,19,const,8628741649527087051486999110895374634182011897095308603031552
2,247,494,19,bucket,4315344351181852496358583317258894244011308366932610591490048
2,248,496,19,base,20397646160802614224737662176561862418389821709893087839387648
2,248,496,19,const,10199963966771852238885763263559720347205605524389653949448192
2,248,496,19,bucket,5101122869756472673207506513018530369899466881133073387225088
2,249,498,19,base,24095122662499049762191905294282094371033960788027089975508992
2,249,498,19,const,12048897467362185317282322590067392181532702432972730422788096
2,249,498,19,bucket,6025784869793757376570609355839684261639981603930959794667520
2,250,500,19,base,28443185354605072802946037832781918566209271505294896127803392
2,250,500,19,const,14223156455095556274702320986415052588078877707495957011103744
2,250,500,19,bucket,7113142005340792301589691739392095365869803010615941921767424
2,251,502,19,base,33552879751144398512790462672955419930337464447964089052823552
2,251,502,19,const,16778268892606456066973069161052444894011034193993955763290112
2,251,502,19,bucket,8390963463337487698559757817020719492419757965999161884016640
2,252,504,19,base,39553625266738323704066541710334643809256267533326540867633152
2,252,504,19,const,19778950502614937021578856959857379757560202212481069282754560
2,252,504,19,bucket,9891613120553237971344243760779223498568291754077787959328768
2,253,506,19,base,46596160294047675268838975868265467943522993782415670785343488
2,253,506,19,const,23300577428485923673179474103672804551682849937565945786531840
2,253,506,19,bucket,11652785995705050729845108633296234972334716914131356052619264
2,254,508,19,base,54855944222065272223857422589932284019026857637610730140205056
2,254,508,19,const,27430887382929137006060592904893868617962033507571520975667200
2,254,508,19,bucket,13718358963361075106152948886214185150573499240532461924384768
2,255,510,19,base,64537084966901273285842456206961029624765037858109149365141504
2,255,510,19,const,32271943573147450346134373206462720944951054926479709033201664
2,255,510,19,bucket,16139372876270544585271102530053090838187941258645534398218240
2,256,512,19,base,75876870531195336529818730461119185868320432498864093348757504
2,256,512,19,const,37942400663324546791713564811476078650230349204501914185629696
2,256,512,19,bucket,18975165729389157631651752810494049274329185355301370135052288
2,257,514,19,base,89150994445241617787400166107262733562214554071750230841229312
2,257,514,19,const,44580117704199148216497961158049278221336608337544314798211072
2,257,514,19,bucket,22294679333677919140037629507282074784041513268421902307688448
2,258,516,19,base,104679577860398835157684693285096845358459307409120739769450496
2,258,516,19,const,52345169418646632722226987226237044284896509073708825389826048
2,258,516,19,bucket,26177965197770531504498134196807143748115109906002868200013824
2,259,518,19,base,122834105775933148780162953746848028762984072751318588737978368
2,259,518,19,const,61423314587962099463994960029038417539553936085301515190796288
2,259,518,19,bucket,30717918993976586223892504817812660394126623348254069479178240
2,260,520,19,base,144045411624199202230927918850959762248883091397500444451274752
2,260,520,19,const,72029988655966560786938443616003551952318232837501446921388032
2,260,520,19,bucket,36022277171850240064943705998525446804035803557501948156444672
2,261,522,19,base,168812863487086077436731766407120072866545226126894737441947648
2,261,522,19,const,84414897192686779646354994506205113827744248424311312825188352
2,261,522,19,bucket,42215914045487153587129691851105731240919270764941782640754688
2,262,524,19,base,197714926874841498844756173670182755005977478318400549842583552
2,262,524,19,const,98867297689151097188718193106130235773435331008413345582678016
2,262,524,19,bucket,49443483096305896360699202824103976157164257353419743452725248
2,263,526,19,base,231421303611788040903374519607694086133919911613491492409049088
2,263,526,19,const,115722069462329196099093031008812334505416098441711976808710144
2,263,526,19,bucket,57872452387599842204841536595445749488890725431588765380378624
2,264,528,20,base,40681487019617162033416906574404969219898330282446438052669685760
2,264,528,20,const,20342750540870626980707435653747012149361967826627067861922742272
2,264,528,20,bucket,10173382301497362377355974855223870021463452031283422078414356480
2,265,530,20,base,47946812145249197851721795886406181458578903296317486707073089536
2,265,530,20,const,23975752478773111988976367509013100234234378231659057736566439936
2,265,530,20,bucket,11990222645535066134600378658510723214692450266763803939448029184
2,266,532,20,base,56473486140117278769182513165647444589002248432523656482273624064
2,266,532,20,const,28239484570815528071050426375502831387776900901258208471848845312
2,266,532,20,bucket,14122483786164664413997481627653870416642888865889641714096799744
2,267,534,20,base,66474267176562789167452805423963802616728114677930147317381332992
2,267,534,20,const,33240334780000961151582274628691540366338520431040653814157803520
2,267,534,20,bucket,16623368581720041297640459907443736426404392442463828438815866880
2,268,536,20,base,78196758703948345047250292139179010449958189565976343795378159616
2,268,536,20,const,39102115079161245495423768417687917992560952790538049266852560896
2,268,536,20,bucket,19554793266767707411523605204165717393340996133083059250050105344
2,269,538,20,base,91928947154091949630728722730855028062094015152328283481345884160
2,269,538,20,const,45968830508949961346916523936419721999282169517779325054422614016
2,269,538,20,bucket,22988772186378978897023523186425414597354908430769003088421322752
2,270,540,20,base,108005593042227978070946604874815131755024223100532227647008145408
2,270,540,20,const,54007874963351556699907378288917176884854566158311192294668107776
2,270,540,20,bucket,27009015923913369398413962290414890708727061147728989113418776576
2,271,542,20,base,126815602900406248648013373175729885928968927560112384887337517056
2,271,542,20,const,63413717425334668758701873773130057126452741547826728072449622016
2,271,542,20,bucket,31712774687798878814046124071830142725194648541683899665005674496
2,272,544,20,base,148810527906462515447964499256864509731649657732512567187331874816
2,272,544,20,const,74412151588953825682451806496495857063028553513071381457552801792
2,272,544,20,bucket,37212963430199469107682361469088185099239339673086631345202921472
2,273,546,20,base,174514356075577416307929508770864497984542061998072920292007608320
2,273,546,20,const,87265192306785547243213090184941170452942336456332717205389049856
2,273,546,20,bucket,43640610422389636094881078186426197946099797145990930157000458240
2,274,548,20,base,204534788811562829444608985442873110397651034253916545807525347328
2,274,548,20,const,102276714267368664016440459963215304092183856663287640031252971520
2,274,548,20,bucket,51147676995271569610343098576163055309971606137709029895656439808
2,275,550,20,base,239576219865468298408353319504252773544209765030494314105824870400
2,275,550,20,const,119798941933361881727891076612771233753457506771772836723482951680
2,275,550,20,bucket,59910302967308696771686152461477155117038701102940412527232679936
2,276,552,20,base,280454665765254800852501581165370783891122677422788829895844691968
2,276,552,20,const,140239915280132857409679753665333188096162049372536592191239225344
2,276,552,20,bucket,70132540037571862304242642620867698939724411886882158844015804416
2,277,554,20,base,328114932065188168707110679152300286412118281420910986163996590080
2,277,554,20,const,164072073517984779576198381883891678635280165826220841232689528832
2,277,554,20,bucket,82050644244383061626716035955240683487903784568347454272115310592
2,278,556,20,base,383650339885235206140627437017823192887746822440123076009261006848
2,278,556,20,const,191842119043219176362830940122092835888056401628579089482441031680
2,278,556,20,bucket,95938008622211138089906494379780966129253867762278781724110356480
2,279,558,20,base,448325382810042078732259529807110276622442412719280586493647650816
2,279,558,20,const,224182346664204773451978083337307717346172668177165891958044884992
2,279,558,20,bucket,112110828591286074043784965513513055190123148985051915700402126848
2,280,560,20,base,523601736017050374639076043293533788542825007998566766127708372992
2,280,560,20,const,261823649050105452230754899038326552323114304607273253573161385984
2,280,560,20,bucket,130934605566632897490489537732936169177429659069513239316205142016
2,281,562,20,base,611168098319110911291172596339168317784213577767671958508312461312
2,281,562,20,const,305610438759505152300246650763162468518283357856727861482288578560
2,281,562,20,bucket,152831608979702366340888467152946308921147541743369070948959387648
2,282,564,21,base,111124964797997217670576126787312790694748367942937084573137114234880
2,282,564,21,const,55567280500830956672558527279407713684889982136651357236073026551808
2,282,564,21,bucket,27788438352247802228306901495941763330788490009927499524742198591488
2,283,566,21,base,130552379706047797599743174913181060664828289850679239419218339299328
2,283,566,21,const,65281784270177949078803810650077233327193449588468400608447188434944
2,283,566,21,bucket,32646486552243012845712715503768613733789879845572484181662220943360
2,284,568,21,base,153286071254034099999917318994722415669510687455598213305392405938176
2,284,568,21,const,76649554872967282167573319925013460422492723941550087221070465597440
2,284,568,21,bucket,38331296682433849306158494360645570949811442960945030136110711308288
2,285,570,21,base,179873503553106244850246951863519716338676411068186023336458443554816
2,285,570,21,const,89944344520952075515919170619226972027334380291633152586223441674240
2,285,570,21,bucket,44979765004874978876133866982323893947077215291566220189706548674560
2,286,572,21,base,210950291165476062276527376357010813455519616251386460769712894640128
2,286,572,21,const,105483983721841051980698680165523414678265978209117152581131335368704
2,286,572,21,bucket,52750830000023558805405745084536421214225308799772995508239947792384
2,287,574,21,base,247253993216740465843158634057792496553129339330054687468856530698240
2,287,574,21,const,123637278789443710215310943995055720866597039101385283880739802185728
2,287,574,21,bucket,61828921575795380291872751022714156721675487434212570172279006167040
2,288,576,21,base,289640004023781617754478609333687854136242504410198736365475841703936
2,288,576,21,const,144831957676712624688986053227231230626464853644535624177214824644608
2,288,576,21,bucket,72427934503178080265754123114976095173231429814542079997486747877376
2,289,578,21,base,339099849522758749035971284792573124465784212666252812883154054414336
2,289,578,21,const,169563818782990612804538767870844153093469140500784665827941678055424
2,289,578,21,bucket,84795803413106568634065335439493079256483903641631586343134273994752
2,290,580,21,base,396782243038437090381210516266088119911965227014199183812482715090944
2,290,580,21,const,198407259516355839085407735176214932103034349392815935981255435223040
2,290,580,21,bucket,99219767755315237382749170660791750047741209805705306108440579407872
2,291,582,21,base,464017304331165159991504930298946473966786216893259714277922368913408
2,291,582,21,const,232027386590865170907975337146443952108898314451742216763088161472512
2,291,582,21,bucket,116032427720715176366210540570192691179954363230983468005671057752064
2,292,584,21,base,542344403215806709493262898027341146612722795285528689172718425210880
2,292,584,21,const,271193938719053827821005531674652470524588708325504013615723557421056
2,292,584,21,bucket,135618706470677339094391196439281308782177066398329687751628555288576
2,293,586,21,base,633544154299664899173179617373597998561871236658490463808224199966720
2,293,586,21,const,316797284988167685592851234044849356090529495434962333743325724540928
2,293,586,21,bucket,158423850332419078802687042380475034854858624823198268710876486828032
2,294,588,21,base,739675163586367077691267435265186118193739828540961347020688774397952
2,294,588,21,const,369866799310559069545493542029878930646337869591964416055261339320320
2,294,588,21,bucket,184962617172655161253577899530278984269326087011789926743742758256640
2,295,590,21,base,863116212028113560036377387290288621568488274238922343595809961934848
2,295,590,21,const,431591953508626388956331219705611426859708421246822377209919912804352
2,295,590,21,bucket,215829824248882899197279440031326476902007691645096370188170024714240
2,296,592,21,base,1006614656920597805742006765319387722054601554532818947243801162285056
2,296,592,21,const,503346519503159783339782289751124477597786246132220142239503205007360
2,296,592,21,bucket,251712450794440867919641356085046502766067788826244715908549362843648
2,297,594,21,base,1173341940836033719414392731949475669884287427755256259779337692119040
2,297,594,21,const,586716325477362585078210366856346631875442593868701658759878590595072
2,297,594,21,bucket,293403517798027017910119184309782112871020176925424358250149039833088
2,298,596,21,base,1366957221285772830986340688631457029325922150653144275642118320422912
2,298,596,21,const,683531072640048404074003494972078136816301087106787952652658803736576
2,298,596,21,bucket,341817998317186382179777506378495985354868949122257743500319318343680
2,299,598,22,base,254468254752779161984226020905658683665923708398365539917271421486628864
2,299,598,22,const,127243893243188367492702642776335845351747365793255498388493666229420032
2,299,598,22,bucket,63631712488392945727012299857452692461106760085753539724278833663180800
2,300,600,22,base,298278229985249151375114652478218103887588907804954936923716811359256576
2,300,600,22,const,149150480758015925817257243867647914005096662177802219961642722764259328
2,300,600,22,bucket,74586606144399337558257193416584552797402973769172799380431633404395520
2,301,602,22,base,349439597177472821148979518715872450308411710183302155352391031770316800
2,301,602,22,const,174733019464003403481195047363398634395935515018037524805589983618400256
2,301,602,22,bucket,87379730607268694647302811687161726439697417435405209532189459542441984
2,302,604,22,base,409154107446596028468554044876342609001502902216900116458526485296185344
2,302,604,22,const,204592424538747446329531652116196485130481107228689197202369055312314368
2,302,604,22,bucket,102311583084823228819806417298788624395627512949424551273768205133283328
2,303,606,22,base,478814800549665238769809826521834674128671792301488675465942428177924096
2,303,606,22,const,239425261462030866507939331254365113253883544984433301871681660356919296
2,303,606,22,bucket,119730491918213778456718699037517267750699158945693366673855096196956160
2,304,608,22,base,560035637105566537929680047639451198698404801139131620945052493529743360
2,304,608,22,const,280038563004856261585218231018594094887449175166292602767406052711333888
2,304,608,22,bucket,140040025954501172452844630416609010449076230989766969478234742177398784
2,305,610,22,base,654685595585934539891486675563888516345971678795092913616679443865010176
2,305,610,22,const,327366878728170644049937962730252902705624827778538607061055182685077504
2,305,610,22,bucket,163707520299288794208878221730322030819661139890049205382546871845650432
2,306,612,22,base,764927888019151377116603135412951961675498097639816497840674131465469952
2,306,612,22,const,382491883980675906226287489114622934919451451359201751397915585545240576
2,306,612,22,bucket,191273881961438268860844281382345356475637865838682129775840132335665152
2,307,614,22,base,893265041403009412603736633335082019363040028234629692331595514125484032
2,307,614,22,const,446664921913170572098695127215669392928317101476438478057933071869542400
2,307,614,22,bucket,223364862168251348005603604989736949579375113336918374119709490242650112
2,308,616,22,base,1042590697727904774715041442508788596738535015401394332304888044942524416
2,308,616,22,const,521332904982652210670202045569455121826236652751817971464932440693276672
2,308,616,22,bucket,260704008610026026727496962516675319304297209046817542644258458319192064
2,309,618,22,base,1216249105996504067351593579382449802384215772118735687872042703838511104
2,309,618,22,const,608168062664415109056350858825568426242771916970794391930957603071328256
2,309,618,22,bucket,304127540998370531829014883130240803237840251777035992361111232937197568
2,310,620,22,base,1418103416634568337158744355763076326120438889254838942277488243787169792
2,310,620,22,const,709102090598107309832634787942209117493644592036076089469652193788297216
2,310,620,22,bucket,354601427579876796169580004031775513180247443426694663065734168788860928
2,311,622,22,base,1652614044419898315751775336841101304039948462443298214477947678549344256
2,311,622,22,const,826365334263643729792968931920693413117471987740417474446000909465944064
2,311,622,22,bucket,413240979185516338733851114043602532722024012769189352830723705173704704
2,312,624,22,base,1924928542994875944331151386936330883895932995998138322988747148851412992
2,312,624,22,const,962531728756395559787429446437593105301062147504081547546996220975120384
2,312,624,22,bucket,481333321637155563674997707021998085872046198496628663024728396538052608
2,313,626,22,base,2240984634974542192193007451634765921381290212487058563333410711375183872
2,313,626,22,const,1120570316709142211871352883196939450036022497963659946154563257851969536
2,313,626,22,bucket,560363157576442417869954829811800084231808115941536140763747170591440896
2,314,628,22,base,2607628269777271389976394638720360590187265636355169618839485017896255488
2,314,628,22,const,1303904280471257464079784685792905790836448216745028003396170374981877760
2,314,628,22,bucket,652042285818250697290908940162952261029458982179532698873120693025767424
2,315,630,22,base,3032748840153055604501799371601315191182914282652390659811030446301511680
2,315,630,22,const,1516478554085717994362399656060162498537882976416698151810719412519960576
2,315,630,22,bucket,758343411052048993133270567455812282346947848059276394611956256128106496
2,316,632,22,base,3525433981982577050177122366716123467360028814020435731099655535469789184
2,316,632,22,const,1762837227410498850494885962181452779886008771172063692727823890298961920
2,316,632,22,bucket,881538850124459750653767759914117436148998749747877673541908067713548288
2,317,634,23,base,674619481979985568757123118685868032809909029412399033613178584121355534336
2,317,634,23,const,337332748575205030549429036679696080579441432623034599411429090014988861440
2,317,634,23,bucket,168689381872814761445581995676610104464207634228352382310554342961805524992
2,318,636,23,base,788761857522684098254511290306365701579036627012605464369408679835298955264
2,318,636,23,const,394407648690867860952492045472386330846505635889084388026859015150283784192
2,318,636,23,bucket,197230544274959742301482423055396645480240140327323849855584182807776198656
2,319,638,23,base,921748799407869212807641328282797539221720824595831731927089957743515140096
2,319,638,23,const,460905415935482826115738204160064942947071095697973557671893051598685863936
2,319,638,23,bucket,230483724199289833637042174472483087555007773894369785819668821375375638528
2,320,640,23,base,1076614792998264215770287207308036838639719408936388228031148344803961339904
2,320,640,23,const,538343382498237487544859503881919904130017728305937612973165608312013586432
2,320,640,23,bucket,269207677248224022998517885981969215502536116668049647806487128641487503360
2,321,642,23,base,1256870692524614177671415624982260163005829855785315010877823602493164093440
2,321,642,23,const,628477078364213864814609412877300662401270215845961368185328374993517543424
2,321,642,23,bucket,314280271284013607952578540637928690726359624553621889201393649819142062080
2,322,644,23,base,1466576591565163970636682068301326884546710940078121576809467026567558332416
2,322,644,23,const,733336668495781552197562136660068547181635393696924865396670615238951829504
2,322,644,23,bucket,366716706961090342978002170839439378499097620506326509690272409574648578048
2,323,646,23,base,1710425550039791622047131459458604709269767253134900872030035555875440033792
2,323,646,23,const,855268818545809424746873383130430422447280665106694354606463428006896467968
2,323,646,23,bucket,427690452798818426530372111153235500408668142415253753532364475497176891392
2,324,648,23,base,1993839752172052868325757895771568809134932132664199310754220975992195776512
2,324,648,23,const,996984776367057089531009603998165744601949434303311670841320858842239598592
2,324,648,23,bucket,498557288464559401000890990485248655080719627768193166160245023116365922304
2,325,650,23,base,2323080892013207194126898113951442402816162453172542604962398830447195848704
2,325,650,23,const,1161615567657550382874024884744391373604134181174673631764634755671319904256
2,325,650,23,bucket,580882905479721977247588270140865858998120045175739145165752718283381932032
2,326,652,23,base,2705376835737322049515700768335450610487849237017555343847348986971454177280
2,326,652,23,const,1352775330394953808274463311333750077163403222469101463650738594824104968192
2,326,652,23,bucket,676474577723769285919333518085330925010657129904223893001684953052221538304
2,327,654,23,base,3149066897068109938427185893849239716038348238435756101765527885525962194944
2,327,654,23,const,1574633956295156147460792693210731143503495725955330636252638925510613663744
2,327,654,23,bucket,787417485908679452844851625265261299981331012360443218771568668352043810816
2,328,656,23,base,3663768388474508357754206011514932949096257900678317146597914513916775366656
2,328,656,23,const,1832000370675730798677218647719606195362016389719449769590718105373183574016
2,328,656,23,bucket,916116361776342822607747095317080589475941804821317342188616792497805328384
2,329,658,23,base,4260567481353234776207185279593145466943181299989484490087285147390959419392
2,329,658,23,const,2130417967403718497189794838190032149767509156349364345338537119306137731072
2,329,658,23,bucket,1065343210428959554212077487993337720198626913948003011862666213867309236224
2,330,660,23,base,4952237829148849518664510569457284240934226208710577858675459830151649427456
2,330,660,23,const,2476273925982572715452299478505154375382548287739879324478952977498713882624
2,330,660,23,bucket,1238291974399433912111682868281520557116186241963879426829951105474037284864
2,331,662,23,base,5753490884840507203754151089730039897606747394748222085485910386646861217792
2,331,662,23,const,2876924376582867889209756302968664380671927485283453208394749607410520817664
2,331,662,23,bucket,1438641122454047026734025715345269965732948274679116878196923880697724141568
2,332,664,23,base,6681262385887278178240539584702437722290996381841657268745058490098189860864
2,332,664,23,const,3340837649664408876731868634927866463504990197353893931081855445032994078720
2,332,664,23,bucket,1670625281552973824243022095293011948621464019819361631699505476802187362304
2,333,666,23,base,7755040093954837889516733064216572639895831241711021549053236044690060476416
2,333,666,23,const,3877758153966129291795693761759194124696641685199251364693620274808366301184
2,333,666,23,bucket,1939117183971776599873218369520780409059139248105968794716806172660354514944
2,334,668,24,base,1512418869879138545536850777652133369267152172967457712967033605702512308912128
2,334,668,24,const,756255870428579294760650339013461479211904973252910854274234942265178242154496
2,334,668,24,bucket,378174370703299566528515287118747899498707463561230863506844008447769749487616
2,335,670,24,base,1765157741110873626647087922477881215801906858274268114984546481442418587598848
2,335,670,24,const,882632720840171447323683733568923160971448091784563313513582561270038217621504
2,335,670,24,bucket,441370210704820563350051304265199402927366528208524035620083805381330951208960
2,336,672,24,base,2059150991914648786672941106183049549824099573191477739960068966730724821434368
2,336,672,24,const,1029637916572441055696696581957196665068711580125116802826485148090673378885632
2,336,672,24,bucket,514881378901336984520504654693514953319869763923123211417710034573164739035136
2,337,674,24,base,2400973532262051702756914708003086070901971705558385018891315901555156877049856
2,337,674,24,const,1200559088285903923096886137142181622273083418824117488732266509097766104334336
2,337,674,24,bucket,600351866297830033266871851711729397958639275456983723652741812869070717976576
2,338,676,24,base,2798222969904393152066947418134206333988016702260164270789265392553375807045632
2,338,676,24,const,1399195241573118404067815325351489107160267334088398135600141292230435691036672
2,338,676,24,bucket,699681377407480824380179613809375224375244830333701945163596037871482714456064
2,339,678,24,base,3259674795626050667296169105906776485253320039918208088189274249171798117580800
2,339,678,24,const,1629934353347859658231282214282036214955763392190663952458359410633821252485120
2,339,678,24,bucket,815064132208764359386908433620421349178132887995705007434885195562315738513408
2,340,680,24,base,3795460529901205511677062513889210212020204851298999016171230346323313511366656
2,340,680,24,const,1897842449465522055021107772091199968534795691158905840377091495372271021719552
2,340,680,24,bucket,949033409247680738069269731493705385534386750426485498163988478291715614048256
2,341,682,24,base,4417272142121868785284239818967460929407172984709907603679557493257769102344192
2,341,682,24,const,2208765819231249268190691735574592909057096449992813702609138530533751700586496
2,341,682,24,bucket,1104512657785939098267778363576648360139762543296640506389962640776777162555392
2,342,684,24,base,5138596518699890992017924850933227192437580336384275154141842477400800897269760
2,342,684,24,const,2569448255029373726418648585055224488252865146232507451556855067169080825872384
2,342,684,24,bucket,1284874123194114682242871121814712597418211911818997354580394953658254953021440
2,343,686,24,base,5974984285095661299398376378589569314158278569633128615456417704927432156381184
2,343,686,24,const,2987665469693675691269336433803671792336285862575660181003549787950429679648768
2,343,686,24,bucket,1494006061992683298580955791712233570167585148384552209461082237856894278434816
2,344,688,24,base,6944357887657429042432886666842752588644982300575017439162966626612875978866688
2,344,688,24,const,3472379144665937167602253004543622843485968418152998950852889340868296553005056
2,344,688,24,bucket,1736389773170190407434657512791036893421870198266737215329917881206075165769728
2,345,690,24,base,8067364523629767862767855234697390595228471959590299759941046755292967595933696
2,345,690,24,const,4033913403241464285009069919877494253152964036506691510349848919026439987134464
2,345,690,24,bucket,2017187843047313318881955923070567159599801353640139876922182817683107857039360
2,346,692,24,base,9367780282602672237548651613918026674882729921625029826173976863395123661111296
2,346,692,24,const,4684156890672506369075340911645604725292686182538854747563311571476381832314880
2,346,692,24,bucket,2342345194707421789334128239303351595528481755645262225522113291937147569307648
2,347,694,24,base,10872972742207925325497186901151416593840139219020172786613433250995709497311232
2,347,694,24,const,5436794082685732622900206077937068613348253808910490601475464530741658642284544
2,347,694,24,bucket,2718704752924635448849437005726873545617719825180397017538547353824701540466688
2,348,696,24,base,12614430258772252702652512646916495666672539653871073853699797800553383811088384
2,348,696,24,const,6307569942941452247282472984235030110953380220987706133178745273315706504478720
2,348,696,24,bucket,3154139785026051196845174492291276255609209225870769781550286192906936176869376
2,349,698,24,base,14628367325408251281827520431169766589376348576259723570341182279516037861867520
2,349,698,24,const,7314592615870440523057382764824591921472875943599705129120709622142807289364480
2,349,698,24,bucket,3657705261101534320920035271048983510036548348594443417142540476666260328808448
2,350,700,24,base,16956416653141010223534457414086271893806664704279625059380468920841096788967424
2,350,700,24,const,8478679482908176539859891234716244163467203182218449613377838743511655358922752
2,350,700,24,bucket,4239810897791761343527165466237272453266654978538366873112389288426797992509440
2,351,702,24,base,19646420084824739026409527568845959800862886817688491573540751551479908302585856
2,351,702,24,const,9823752637253057234202078413781573886071087213829707474587726831299826821365760
2,351,702,24,bucket,4912418913467213047089239193837296618736822297199305459639483204050059383537664
2,352,704,25,base,3920554241715422967343983128156478123176578139204599548270208809422008758877290496
2,352,704,25,const,1960385396450058566899562467242547581086530572371407114988990881083554807395909632
2,352,704,25,bucket,980300973817376366677352136785582310041506788954810898348381916914327831655219200
2,353,706,25,base,4566292870027132895438827472526959836001137846003527916259210209116514095961473024
2,353,706,25,const,2283271782660776220852852772827586801917486960564632006283950665623198335640797184
2,353,706,25,bucket,1141761238977597041061532074520406701531440048481725500135557689483650420992638976
2,354,708,25,base,5316018472108007252529766138179164760451182126420604305389047482781593123034234880
2,354,708,25,const,2658154285530852763481919308189242654222190490286323509235177038156395562169008128
2,354,708,25,bucket,1329222192242275940207162567423028392779805406900912386738623418040241798980304896
2,355,710,25,base,6186097370531396589612001908548459753191809050742952122438005486750483484929687552
2,355,710,25,const,3093216461943078687029264604501687937157665966616260799021024075512023193841827840
2,355,710,25,bucket,1546776007648919735737895952478302029140594424552915137312533369892793048297897984
2,356,712,25,base,7195412426591479249219172547578123871656178047557503377553023015086873212570566656
2,356,712,25,const,3597900196230701099312748963731291117768440245114355775970155857896489441564819456
2,356,712,25,bucket,1799144081050312024359537171807874740824571343892781975178722279301297556061945856
2,357,714,25,base,8365740925282578195463619879014316462772793852793135152731741568425652497546215424
2,357,714,25,const,4183094650989993007902634240711199312563808796714292325160853135263304755833733120
2,357,714,25,bucket,2091771513843700414122141421559640737459316268674870911375408918682130884977491968
2,358,716,25,base,9722187850698623586971166670395058000805224355505877384973008169194742507479498752
2,358,716,25,const,4861352914265863746382591956784251131755309886585281803247008476615442397287940096
2,358,716,25,bucket,2430935446049485511084971296893834863918795590851901114705535039111572411167801344
2,359,718,25,base,11293682473875589226496410946955162292884357106286692329926573771079265683228327936
2,359,718,25,const,5647140304280352208682191247006068659570665201464937961142950737177656324960288768
2,359,718,25,bucket,2823869219482732857276748048574028259569597779690602225590376015833961611338448896
2,360,720,25,base,13113547280100641860214371984754926626142419247528970468884502802189372308441792512
2,360,720,25,const,6557118845395269760590337561958401259397378213128435101101284013208907461496406016
2,360,720,25,bucket,3278904628042584553276653699017632159369079165291625968370437823111565072511533056
2,361,722,25,base,15220149517958891615479634709519791195689554019110813608108240158016075194171392000
2,361,722,25,const,7610473056647659787074716987502286458086008626744173810596680271270298219020550144
2,361,722,25,bucket,3805634825992042187875591429578546922595792991833936809519373919111629662469488640
2,362,724,25,base,17657647077786133773402249477266934961397394187850080050842577623402366555113127936
2,362,724,25,const,8829282906922170761284335099815528037894124458227841013415224577787653394823905280
2,362,724,25,bucket,4415100821490185885232044517259850242765603715962887290058495237408736676728012800
2,363,726,25,base,20476842025215056698753945893866966343414780744284971832982285212852602402691350528
2,363,726,25,const,10238950599864338934141601734003882154520271386442669058275954294409463835509391360
2,363,726,25,bucket,5120004887188976681842096260242365726696130830067683466279736017616334413967130624
2,364,728,25,base,23736156951505282497294003962505119153521459123125787742821054036064947245533888512
2,364,728,25,const,11868688769674261234882249740139222566503446204942504427198158044984986377811656704
2,364,728,25,bucket,5934954678758750603676372628956274272994439745850862769386710049445005943950540800
2,365,730,25,base,27502751384946963794806701972788773067873675147758675110968238741833149851960868864
2,365,730,25,const,13752078710258294283886687916701111846082111999123932790711465606405907615099912192
2,365,730,25,bucket,6876742372913957843430014191742294068497887486079644528261552629906506427693793280
2,366,732,25,base,31853797869095181762277622218738198510558789384485783118970842784474077108923006976
2,366,732,25,const,15927708440993540515929847603795474033961640523880578813874630777503022301075996672
2,366,732,25,bucket,7964663726942723262749293690154086129039951971031810865969577591589055035103772672
2,367,734,25,base,36877939990310882394317371003975594234537226222937902724808359918530964261531811840
2,367,734,25,const,18439901750768053074033098379173026791304613477630064748564036660503335569245339648
2,367,734,25,bucket,9220882630996645153877628854431691736442078859883814169727980666632641499004665856
2,368,736,25,base,42676957670060538862104597922875342116125317942432805160544941947759074472827551744
2,368,736,25,const,21339550878502806150099457919458507676418986838940741950934910500860002390469771264
2,368,736,25,bucket,10670847482723936424103554523920116123188935409740876141486841959838906211339599872
2,369,738,26,base,8650152335437363246791511357368017600315321333904692540065484302136579563849634545664
2,369,738,26,const,4325293455044745889746984218145872077232406777841772889519519733757068771461244649472
2,369,738,26,bucket,2162864014848437211224720648534799315690949499810313064246537449567313375267049701376
2,370,740,26,base,10060397192917666822220942858856087946817558390325138282349613176131361990284719161344
2,370,740,26,const,5030449852587664341999482667072058735196856152364588997474344680834419206435360473088
2,370,740,26,bucket,2515476182422663101888752571180044129386505033384314355036710433185947814510681128960
2,371,742,26,base,11695628509188408102690683689815444467774733306079584555042401879582084836504895488000
2,371,742,26,const,5848104672388318503732284180089366725847897418850447656842700358997700325884553068544
2,371,742,26,bucket,2924342753988274566971377774046801284228962259864060764131471120003827465889909833728
2,372,744,26,base,13590958516460097550305331737900023027471042196834875335542213778287047949422371536896
2,372,744,26,const,6795814806532575270457031010551474194989982941149348384865942197826315961258777509888
2,372,744,26,bucket,3398242951568814993251173995697673208093936097934766465916427928894269362492508471296
2,373,746,26,base,15786857953855149363701671448253879715726243004772995623630572629755680805466249625600
2,373,746,26,const,7893816513865490089658815325613682228875811147179546566945262425782550581286853935104
2,373,746,26,bucket,3947295793870662178073973961934530344139560787639185151379850366392624259828212039680
2,374,748,26,base,18329955439814459229008284038313665099818637608565084374067463060488654508074796580864
2,374,748,26,const,9165425122353209395377363317790856338763900407596658262953161360520835273091459317760
2,374,748,26,bucket,4583159963622586203998489655170398816925497376368808320173253553133564446230846636032
2,375,750,26,base,21273953365570289884655604321838701868309569369637260384744441421024922023567116206080
2,375,750,26,const,10637492994227853047530470511634310781345088681829594655740197369542441117074747031552
2,375,750,26,bucket,5319262808556638079841077001814008955240779476438488016792561428994478245090674343936
2,376,752,26,base,24680676899152776096089232399082780987639390832214274558160647489348546850370743173120
2,376,752,26,const,12340934048954750604746940509871956362459393840411744060973577136742870435449211453440
2,376,752,26,bucket,6171062623855737859075794565266544049869395344510478812380041960440032227988445593600
2,377,754,26,base,28621274995338386646774922866734605056388683176234732138504989742615842181339578105856
2,377,754,26,const,14311324292072381478038732999557222268468147644311042248829830928859326415560444477440
2,377,754,26,bucket,7156348940439382344543811461250424591885811016861923529546737607174346113932989562880
2,378,756,26,base,33177594925684350146173427392064804646761493397077705459806140971488786388807736885248
2,378,756,26,const,16589589107369034656402766173008221518281259136902611883782697034907920236212146667520
2,378,756,26,bucket,8295586198211376911517435563479929954041142006815065095770975066617487159914351558656
2,379,758,26,base,38443754815709609882927059535777485813979195132468079411871555974423876057335309795328
2,379,758,26,const,19222789556370011347449803587585633711873143449469412703943351139252715928713852616704
2,379,758,26,bucket,9612306926700205177964828822925920226064255330944626898870276551280580701878900228096
2,380,760,26,base,44527942050106233856032393347385046510915976658052433256888628840592529483760312254464
2,380,760,26,const,22265021616079259651644801582377972846658983318493584930836144659675586425372203286528
2,380,760,26,bucket,11133561399065776000324179095156329731908417787226886993364388654410392477440260702208
2,381,762,26,base,51554469234331558120130823070785196433071768094933967658087490214604267852033888878592
2,381,762,26,const,25778444199718261053304211675636844144774273664641385842711317839371083550989179944960
2,381,762,26,bucket,12890431682411609069017732582780774283247595310982368709468745566561213819204713578496
2,382,764,26,base,59666123741538583218500907109585103569308917186920114831373000650729861072538145128448
2,382,764,26,const,29834453975582544287961824187310683031640490875736566474114556505025683144789320531968
2,382,764,26,bucket,14918619092604528273565456121455366480184208858657518521039820517366871762177020133376
2,383,766,26,base,69026851794658642708930221841412708533002984487965884844680553550286889383353550635008
2,383,766,26,const,34515027459648392526017894085296756665297737930190816461453569380003923964322627190784
2,383,766,26,bucket,17259115292143260532815383416674993296689252374277829818731105124475886092282941669376
2,384,768,26,base,79824823610219671489025072140665757137394537712929480757768990796072898902487856054272
2,384,768,26,const,39914253646040758896129484451007701442721815729575455459213003205059981272863805014016
2,384,768,26,bucket,19958968663951288796188997025051098725873730183847537907717065068780412133003331895296
2,385,770,26,base,92275932448449419357993598031148465112802541525618365028869674519463998150449012146176
2,385,770,26,const,46140083598562897830550017454242988757101170356642516353099013888825875432000632913920
2,385,770,26,bucket,23072159173619650870320920746917825448762209326205496917431627914279924397824890896384
2,386,772,26,base,106627787569470487401053592507590891531600149429775480696370119681878242574734349828096
2,386,772,26,const,53316327004236296278280879012321677238760454109935648358076402005747360383455970983936
2,386,772,26,bucket,26660596721619186913401828683559495222828881895964827286711598826908808962768333963264
2,387,774,27,base,22037327145958420093825649556774233563836825216377826301815513264154548113429635612540928
2,387,774,27,const,11019166450553441180116642156089244745384039506175301956158566482714069545140508164096000
2,387,774,27,bucket,5510086102850949956415073677362420752860145908155523955846196216374872139389743147253760
2,388,776,27,base,25586274752897074145110694664511814525362762496537479663055496949603150383801127072169984
2,388,776,27,const,12793718032212361388227367548691397516315186045924108954913136471942965722067634535530496
2,388,776,27,bucket,6397439671870003242938639212396859428493897077698907773358059357493915269594686974590976
2,389,778,27,base,29694960277826576164543354026742197616564107389381836226784741240930797325980813569818624
2,389,778,27,const,14848150346480735839734620173631959999440193578135648354499897420044619296262189167411200
2,389,778,27,bucket,7424745380807819211024382803845500357473238158349586073325269260839446524615279551447040
2,390,780,27,base,34449815640205111004468542696521746013882883360783989346457054370486856045775245035962368
2,390,780,27,const,17225681096768176395233967488106334355657590667403560348210970909701038923138651046019072
2,390,780,27,bucket,8613613825049702023228420770361310193354941349039282539152341676832297875395548880568320
2,391,782,27,base,39950335139341354191722864845796859643236791872751920794550213081501698516320517590351872
2,391,782,27,const,19976059428973771393179468838440235234778689743315516604478887420564752885943272319483904
2,391,782,27,bucket,9988921573789987061296029948299241363739641650271377819378812092572112557179454854529024
2,392,784,27,base,46311006879707671312504274657146278578784714716969603616905043899537148151298295955718144
2,392,784,27,const,23156531679908012843518230005408898635203835121283949722227174948764404804567491030286336
2,392,784,27,bucket,11579294080008183609025207679540208663413395323441122774888240473378033131202088567570432
2,393,786,27,base,53663523504463785441883287754737235276164712384299815473452915129026221765419374099824640
2,393,786,27,const,26832946784769311481150210446643483555328488390041639783279527461108774585273044720156672
2,393,786,27,bucket,13417658424922070967089542235827948528315374907075520283225039875912134751987477445083136
2,394,788,27,base,62159311726177921898317749728917203988129472626700644579531331617550728285076727407837184
2,394,788,27,const,31081021088838041470074038995202697034103111154652992777646808721118284423175119680045056
2,394,788,27,bucket,15541875770168101255952183628345443557089930418629166876704547272902062492224315816148992
2,395,790,27,base,71972425599857656267196589344439624279889210511153011278999615060503907737457320884436992
2,395,790,27,const,35987785036701482480571984327509266098542753974456689568143701278087878945046373297291264
2,395,790,27,bucket,17995464755123402654647940932581405341059528677782592022651331889355697035265704674197504
2,396,792,27,base,83302854675958171559066209180857159770014040611535464583518259288872123512858922004250624
2,396,792,27,const,41653237308700704993126398845952692296787791708535602184021589380556815724796873464086528
2,396,792,27,bucket,20828428625071964642768234564963140226984664285361607674337666923923329344341044023525376
2,397,794,27,base,96380305197077738768921553478868989716166800756935693715526510673346572161218156529975296
2,397,794,27,const,48192235487423979900962069637276124627519020546141073864732640574911315731101684621901824
2,397,794,27,bucket,24098200632597107534370586830017010416385133412417827249271293028169520002468253838344192
2,398,796,27,base,111468520471123599543550286552372199053739198995907602705933020180758036069645947154464768
2,398,796,27,const,55736656321735019074757931907681328094424696932970422683801143456801829781840525317373952
2,398,796,27,bucket,27870724247040735907750013698873210947957448873175895982670792597299559124362619569307648
2,399,798,27,base,128870215589429461776765070637979972106737165470374961865358042716110934329337240853938176
2,399,798,27,const,64437863173816120251246582835116397858328626979860377200654142349800769112226541082771456
2,399,798,27,bucket,32221686966009449488487338933684610734124357734603084868302192166645686503671191197188096
2,400,800,27,base,148932711900035395351669081558910235845682801025135730849328682897033405142438395449966592
2,400,800,27,const,74469523355733034076420954352968262669407268889420503522968128178674046095444755458555904
2,400,800,27,bucket,37237929083581867573573408977071912747649508764911016479659025824446031544797545803808768
31,10,20,4,base,33798813116
31,10,20,4,const,6496750976
31,10,20,4,bucket,8699121498
31,11,22,4,base,73961958450
31,11,22,4,const,13917263520
31,11,22,4,bucket,17956258935
31,12,24,4,base,152879201392
31,12,24,4,const,28277272597
31,12,24,4,bucket,35347227042
31,13,26,4,base,300812196820
31,13,26,4,const,54864912289
31,13,26,4,bucket,66749284264
31,14,28,5,base,8192507129244
31,14,28,5,const,1476834149592
31,14,28,5,bucket,1755387013010
31,15,30,5,base,16472568636226
31,15,30,5,const,2940924838996
31,15,30,5,bucket,3425984640831
31,16,32,5,base,31868810454694
31,16,32,5,const,5643532850314
31,16,32,5,bucket,6460537800049
31,17,34,5,base,59564326066733
31,17,34,5,const,10475165652338
31,17,34,5,bucket,11810459168253
31,18,36,5,base,107923286559216
31,18,36,5,const,18867210888756
31,18,36,5,bucket,20990509649287
31,19,38,5,base,190121999065230
31,19,38,5,const,33066969837510
31,19,38,5,bucket,36359319894575
31,20,40,5,base,326470097948227
31,20,40,5,const,56528321464186
31,20,40,5,bucket,61515883455020
31,21,42,5,base,547658615983252
31,21,42,5,const,94457470571797
31,21,42,5,bucket,101851077163410
31,22,44,6,base,19583855087423028
31,22,44,6,const,3366134103782148
31,22,44,6,bucket,3600029068039362
31,23,46,6,base,33820353436040104
31,23,46,6,const,5795525126136118
31,23,46,6,bucket,6153045302697722
31,24,48,6,base,57216193651199576
31,24,48,6,const,9778279784936624
31,24,48,6,bucket,10313590701777796
31,25,50,6,base,94966716233558288
31,25,50,6,const,16190868415582284
31,25,50,6,bucket,16976680101929036
31,26,52,6,base,154852266613544448
31,26,52,6,const,26343923377585880
31,26,52,6,bucket,27475617809838000
31,27,54,6,base,248359107628056800
31,27,54,6,const,42169799485410208
31,27,54,6,bucket,43769500939653912
31,28,56,6,base,392220372570293056
31,28,56,6,const,66480201791536408
31,28,56,6,bucket,68700196510365808
31,29,58,6,base,610511609305464320
31,29,58,6,const,103316268754930496
31,29,58,6,bucket,106340840692155760
31,30,60,7,base,26191841808882868224
31,30,60,7,const,4426052011001080320
31,30,60,7,bucket,4539044513984806912
31,31,62,7,base,41883848077716742144
31,31,62,7,const,7068519140152476672
31,31,62,7,bucket,7224820341863744512
31,32,64,7,base,66084471338271318016
31,32,64,7,const,11139403342344302592
31,32,64,7,bucket,11350915034718035968
31,33,66,7,base,102955435904422395904
31,33,66,7,const,17335492675777075200
31,33,66,7,bucket,17614993683781922816
31,34,68,7,base,158487278405799084032
31,34,68,7,const,26659052042069090304
31,34,68,7,bucket,27018695333795205120
31,35,70,7,base,241217819753575907328
31,35,70,7,const,40537590119519977472
31,35,70,7,bucket,40986168258788671488
31,36,72,7,base,363201469611529928704
31,36,72,7,const,60985366272788881408
31,36,72,7,bucket,61523723034031087616
31,37,74,7,base,541306609778514460672
31,37,74,7,const,90819472566798532608
31,37,74,7,bucket,91433196554033348608
31,38,76,7,base,798939094943491031040
31,38,76,7,const,133946776434948325376
31,38,76,7,bucket,134594994024969879552
31,39,78,8,base,40325142537839266758656
31,39,78,8,const,6756166748308375601152
31,39,78,8,bucket,6776830213295923265536
31,40,80,8,base,60963894379830778527744
31,40,80,8,const,10207602915950534328320
31,40,80,8,bucket,10221915635043885121536
31,41,82,8,base,91312572487931265024000
31,41,82,8,const,15280132367957943648256
31,41,82,8,bucket,15277980463588582621184
31,42,84,8,base,135558796946641619255296
31,42,84,8,const,22671846011050928373760
31,42,84,8,bucket,22636011434197773189120
31,43,86,8,base,199540333330288865181696
31,43,86,8,const,33355554854303701139456
31,43,86,8,bucket,33257954980285617537024
31,44,88,8,base,291336950378597848186880
31,44,88,8,const,48677207951300494360576
31,44,88,8,bucket,48473481177421018300416
31,45,90,8,base,422054626375269273829376
31,45,90,8,const,70486262137639168638976
31,45,90,8,bucket,70108074525045595045888
31,46,92,8,base,606858442986319868067840
31,46,92,8,const,101307353698282212687872
31,46,92,8,bucket,100651596222314571628544
31,47,94,8,base,866325282111762466865152
31,47,94,8,const,144565072554501827723264
31,47,94,8,bucket,143478854041310987288576
31,48,96,9,base,49264693843701565168287744
31,48,96,9,const,8217830513415741465690112
31,48,96,9,bucket,8148037282392351963086848
31,49,98,9,base,71836202447071517832380416
31,49,98,9,const,11978795578238556342059008
31,49,98,9,bucket,11866011608663376808378368
31,50,100,9,base,104018867890038294716612608
31,50,100,9,const,17339596429699199933612032
31,50,100,9,bucket,17161255338005662942625792
31,51,102,9,base,149607368796035293703569408
31,51,102,9,const,24931301558376249048432640
31,51,102,9,bucket,24654402672857695425396736
31,52,104,9,base,213781884590785957910806528
31,52,104,9,const,35615202076439053749714944
31,52,104,9,bucket,35191997544824925063217152
31,53,106,9,base,303574485027921037564575744
31,53,106,9,const,50560251680951304145862656
31,53,106,9,bucket,49922329162392757539438592
31,54,108,9,base,428479756910486410309402624
31,54,108,9,const,71344439875150469666963456
31,54,108,9,bucket,70394662268694539083448320
31,55,110,9,base,601250483690958880138854400
31,55,110,9,const,100086866920705439396003840
31,55,110,9,bucket,98688467474568166678462464
31,56,112,9,base,838929711791058072509612032
31,56,112,9,const,139619032290663833144393728
31,56,112,9,bucket,137580955842562610878742528
31,57,114,10,base,52260197781368581514973937664
31,57,114,10,const,8695462265972456361683845120
31,57,114,10,bucket,8563365276852824858777616384
31,58,116,10,base,74308358518617114392452399104
31,58,116,10,const,12361373087634191374100725760
31,58,116,10,bucket,12166605411314904536233017344
31,59,118,10,base,105073229538293366968088002560
31,59,118,10,const,17475639444493336083471269888
31,59,118,10,bucket,17190903321654512187670003712
31,60,120,10,base,147777862457785729493384560640
31,60,120,10,const,24573474168317262039365976064
31,60,120,10,bucket,24160523534024237396564901888
31,61,122,10,base,206757465037107919195109064704
31,61,122,10,const,34374669797991171632046014464
31,61,122,10,bucket,33780262540079279910602932224
31,62,124,10,base,287816653754986085367588847616
31,62,124,10,const,47842860187728427873801863168
31,62,124,10,bucket,46993331048858814009348980736
31,63,126,10,base,398693238649610561702345048064
31,63,126,10,const,66262445699288995204060676096
31,63,126,10,bucket,65056467031938583633403576320
31,64,128,10,base,549657937300969377573038456832
31,64,128,10,const,91338054087924339428594548736
31,64,128,10,bucket,89637026873730391054301003776
31,65,130,10,base,754286894031566858039091789824
31,65,130,10,const,125322648292837227079315488768
31,65,130,10,bucket,122938008054107360942121549824
31,66,132,10,base,1030453106728008417459314884608
31,66,132,10,const,171181920797039343712935608320
31,66,132,10,bucket,167858444294192826124590907392
31,67,134,11,base,70473546891889733709651146440704
31,67,134,11,const,11705640827226417326587090305024
31,67,134,11,bucket,11474044025525860317893941526528
31,68,136,11,base,97912933009418573846024902672384
31,68,136,11,const,16261144633964906475676005040128
31,68,136,11,bucket,15933653471401132030126119190528
31,69,138,11,base,135431610965356058608363743739904
31,69,138,11,const,22489278676719877091865149833216
31,69,138,11,bucket,22028719585886845987193905741824
31,70,140,11,base,186516755931507352824291618979840
31,70,140,11,const,30968492857177346867266068676608
31,70,140,11,bucket,30324206934558325014255168913408
31,71,142,11,base,255789788098467989434047188172800
31,71,142,11,const,42465313504048697806328315248640
31,71,142,11,bucket,41568582605438930897248123355136
31,72,144,11,base,349352503334279183195183654109184
31,72,144,11,const,57991717461097643871953680859136
31,72,144,11,bucket,56749741700910336920128753500160
31,73,146,11,base,475232077384252228049744777183232
31,73,146,11,const,78878890032309099360693459615744
31,73,146,11,bucket,77166889012587433630485117403136
31,74,148,11,base,643951313813907956258385908727808
31,74,148,11,const,106871735173561358037397205417984
31,74,148,11,bucket,104522627809349516428980292419584
31,75,150,11,base,869257053560713065933629137354752
31,75,150,11,const,144249590688883700296430309605376
31,75,150,11,bucket,141040561101395002921903070380032
31,76,152,12,base,62868788510880906460027377722327040
31,76,152,12,const,10431809856139462299584512112197632
31,76,152,12,bucket,10197073758167898206819350426419200
31,77,154,12,base,86171176215155444148939112482603008
31,77,154,12,const,14297048110478655957852792069029888
31,77,154,12,bucket,13971820465227249344577127843889152
31,78,156,12,base,117664517714358678599225667160637440
31,78,156,12,const,19520510288764343298803877023842304
31,78,156,12,bucket,19071838168212323969279357104422912
31,79,158,12,base,160075414110966729066418504487403520
31,79,158,12,const,26554186449870633294698090445406208
31,79,158,12,bucket,25937792258123996684187253119909888
31,80,160,12,base,216988659346329407425337972668497920
31,80,160,12,const,35992290174984609355645242983841792
31,80,160,12,bucket,35148903095269658523381281868218368
31,81,162,12,base,293102203860701600225417204181499904
31,81,162,12,const,48613501355765287600944443285307392
31,81,162,12,bucket,47464070136597147024200352906870784
31,82,164,12,base,394553481955002074149844975580348416
31,82,164,12,const,65435029799592278342058277324455936
31,82,164,12,bucket,63874496302717450030194209811595264
31,83,166,12,base,529335881669064616456445148274884608
31,83,166,12,const,87781609519262464043548555482234880
31,83,166,12,bucket,85670836275685591527322739250561024
31,84,168,12,base,707828770820918142606708516107321344
31,84,168,12,const,117373300968509941285837203887357952
31,84,168,12,bucket,114528638128825477364585291011063808
31,85,170,12,base,943470197814885981990990006085222400
31,85,170,12,const,156436923028491996257672627358793728
31,85,170,12,bucket,152616765455171458250536327487422464
31,86,172,13,base,72701868899374335775380855447565107200
31,86,172,13,const,12053901726053714772405780447519309824
31,86,172,13,bucket,11757407999559319572899042929391173632
31,87,174,13,base,98258980250395313142189813472499335168
31,87,174,13,const,16290195318124148253600139327672680448
31,87,174,13,bucket,15886705163820695501425314893234438144
31,88,176,13,base,132374431367971146013932503677844586496
31,88,176,13,const,21944770635807782086825382802733662208
31,88,176,13,bucket,21397582734460447682425539477096103936
31,89,178,13,base,177774970524604073892927503354550026240
31,89,178,13,const,29469403452256272989992721176137302016
31,89,178,13,bucket,28729862657290961534303306857391849472
31,90,180,13,base,238012806531723010529341067098138345472
31,90,180,13,const,39452606232011871030644062808554078208
31,90,180,13,bucket,38456410905999510863481900773477974016
31,91,182,13,base,317702695566747592870736405217723547648
31,91,182,13,const,52658893776238238177693740383906824192
31,91,182,13,bucket,51321322661692188280011371392744292352
31,92,184,13,base,422823531296288044655349728442308362240
31,92,184,13,const,70078729802500618963227572640549961728
31,92,184,13,bucket,68288489418790815921281917002461478912
31,93,186,13,base,561101032441074036756033114799888924672
31,93,186,13,const,92991901780809288692913210751910412288
31,93,186,13,bucket,90603217204432454200901297674175643648
31,94,188,13,base,742492150803104222456180979580228599808
31,94,188,13,const,123047738262988335019430910130124750848
31,94,188,13,bucket,119870212769894180100203290336652427264
31,95,190,13,base,979796772814654073255529833985132724224
31,95,190,13,const,162366402319611145936710795509685551104
31,95,190,13,bucket,158152050287692802092961951026247630848
31,96,192,14,base,79602464880536491506988967510611431784448
31,96,192,14,const,13190635925116788501635468068143631433728
31,96,192,14,bucket,12846570403920193718766901747470043185152
31,97,194,14,base,106386967795504518623113835687193090195456
31,97,194,14,const,17628174326854841394410737221515339628544
31,97,194,14,bucket,17166166993812099383390498467116333662208
31,98,196,14,base,141788933532770678341134910282221880344576
31,98,196,14,const,23493165477927296149408081711276694175744
31,98,196,14,bucket,22874610836547091550395324132349127426048
31,99,198,14,base,188456541099117092533652375874666456154112
31,99,198,14,const,31224198396999699215367598434673047371776
31,99,198,14,bucket,30398436084429091493867182762147148988416
31,100,200,14,base,249814363308911731975883392444353487044608
31,100,200,14,const,41388427681726556318986009577694963957760
31,100,200,14,bucket,40289155385310266525841842792099804610560
31,101,202,14,base,330280254747349313672183683372470115500032
31,101,202,14,const,54717483418426017666735399801261201031168
31,101,202,14,bucket,53258153839783177865441703922770569592832
31,102,204,14,base,435539891366360509624608704485682646614016
31,102,204,14,const,72152925093766278458450519195082305830912
31,102,204,14,bucket,70220853437350145116863888091927933878272
31,103,206,14,base,572893521707459840392427599080274461196288
31,103,206,14,const,94903649546268571578435486054278185877504
31,103,206,14,bucket,92352488108557774360329027729684351156224
31,104,208,14,base,751692977732027660614089868178978223685632
31,104,208,14,const,124518240273030788955104741935849918169088
31,104,208,14,bucket,121158389877767794386765025268131914842112
31,105,210,14,base,983891272404866163975885199095717752209408
31,105,210,14,const,162975953613561933089821122053986985181184
31,105,210,14,bucket,158562373998464203589842638839481041420288
31,106,212,15,base,83598961567363577722173044043934912934313984
31,106,212,15,const,13847191303226802484675365994984332815499264
31,106,212,15,bucket,13470868675764268519562441527003519421251584
31,107,214,15,base,110711489744266747534912425268562212077699072
31,107,214,15,const,18337423692182149584014456368442085207965696
31,107,214,15,bucket,17837364991193220927532749823358059658870784
31,108,216,15,base,146258597344531620367088691330391425320747008
31,108,216,15,const,24224356991801245962434628040618900130365440
31,108,216,15,bucket,23561570343004691508520240907487995760738304
31,109,218,15,base,192754890880054473690337623713382812786622464
31,109,218,15,const,31924337091175967831625003990731044614569984
31,109,218,15,bucket,31048065221090384813715308449580568004263936
31,110,220,15,base,253432684055006436713532955133060319683805184
31,110,220,15,const,41972526932138321189571067448399835711930368
31,110,220,15,bucket,40816851123282129595802032376592220217671680
31,111,222,15,base,332437890373491986729001656142248893388685312
31,111,222,15,const,55055332975670544811069295605076648632778752
31,111,222,15,bucket,53534840285765206663416147978101609132457984
31,112,224,15,base,435076985856817701420621960063657417860186112
31,112,224,15,const,72051284480861881835366978356953419593285632
31,112,224,15,bucket,70055551598868902622978224688457407940001792
31,113,226,15,base,568127742798958565273952820527505253561532416
31,113,226,15,const,94082467561349176774929454538516128147177472
31,113,226,15,bucket,91469052771365881045530773830631168919207936
31,114,228,15,base,740229444463846011053272476097535968899235840
31,114,228,15,const,122579113912360055070113240957585094629916672
31,114,228,15,bucket,119164671943019355183505938539905203096780800
31,115,230,15,base,962371977646417661859804735974040612324245504
31,115,230,15,const,159360554222761570780103243682036495224406016
31,115,230,15,bucket,154909593914902024582229464518596535624138752
31,116,232,16,base,84976556023421403974370789407791145584250847232
31,116,232,16,const,14071002528003070867522639595228442849756315648
31,116,232,16,bucket,13676967455822253899160166542380837158111936512
31,117,234,16,base,111683617522217265991273580521891311193652461568
31,117,234,16,const,18492845495595253043777522263529229371500920832
31,117,234,16,bucket,17973664150513946481136430581465921562219642880
31,118,236,16,base,146464387602710398314645570886194911741701259264
31,118,236,16,const,24251296012769999401407080845082765801298067456
31,118,236,16,bucket,23568760082319031620524774847992152558969815040
31,119,238,16,base,191664581678449415324698061805839454889480028160
31,119,238,16,const,31734649309203370728664641193421792728766742528
31,119,238,16,bucket,30839345678055048923962919923970814271977160704
31,120,240,16,base,250284313579445790876873881227258162066105565184
31,120,240,16,const,41439515228524448076124386076671437639463731200
31,120,240,16,bucket,40267672575117136758659642870636118313812361216
31,121,242,16,base,326153223232154975778153052342995301569776320512
31,121,242,16,const,53999802327902476287164732436300259583588302848
31,121,242,16,bucket,52469286824214187912271556209716052636060352512
31,122,244,16,base,424150516374249537197955285530016942332659630080
31,122,244,16,const,70223134393559242596778225491771238925218086912
31,122,244,16,bucket,68228374591735707515094543082858240725758246912
31,123,246,16,base,550480941374280563824014505833936284813881245696
31,123,246,16,const,91136523742007664011223907322278145253860966400
31,123,246,16,bucket,88542090350599834525562576727785484084628684800
31,124,248,16,base,713020315771018188201640531175575506875043545088
31,124,248,16,const,118043553816557758118062686777209312941730430976
31,124,248,16,bucket,114676052837320240283593564095924394833188225024
31,125,250,16,base,921747382543815410462578491171293381710556692480
31,125,250,16,const,152595847664628608017160296795823326254327660544
31,125,250,16,bucket,148233702379781735810801263443317178159618588672
31,126,252,17,base,84151006415273801488421313546231698091785553182720
31,126,252,17,const,13930951257097475818713689752762007750675724763136
31,126,252,17,bucket,13531919451351022572694007483342287543576547033088
31,127,254,17,base,109890724120102725658858591346797040282525019144192
31,127,254,17,const,18191703368108167919792894851345524764638799986688
31,127,254,17,bucket,17669610708723337770608168758832328292970572808192
31,128,256,17,base,143221663589473676579294031147501396755244252135424
31,128,256,17,const,23708939442445201739878140784357879957595271200768
31,128,256,17,bucket,23027208950893454252457753130966848088260585979904
31,129,258,17,base,186300860891542141788102651435138518835840189202432
31,129,258,17,const,30839658613398587092576748606288696572112344711168
31,129,258,17,bucket,29951243122460291743294633826151344165919955877888
31,130,260,17,base,241875408757677122318244376128961742377092261085184
31,130,260,17,const,40038509420513077421396491556674678572370804867072
31,130,260,17,bucket,38883007403173905612659214668088803882452092190720
31,131,262,17,base,313437713079749779203624157845688380340168816590848
31,131,262,17,const,51883481542945798741474522159805845340369178329088
31,131,262,17,bucket,50383489027596305261279140346802294022519931273216
31,132,264,17,base,405420007481706965742498598029518970184012864159744
31,132,264,17,const,67108093471290137528327800681627938430006071394304
31,132,264,17,bucket,65164597670651218366412076660362444918645787197440
31,133,266,17,base,523437656263276216372732443849057153812702108319744
31,133,266,17,const,86641652967127617183511808321948121682981827903488
31,133,266,17,bucket,84128225783152990284871355520539114408066454388736
31,134,268,17,base,674592994855113777789465158713711902186420710670336
31,134,268,17,const,111659534257755569223272240316019127382779692580864
31,134,268,17,bucket,108415025247011090250948543696142523931969835761664
31,135,270,17,base,867854170644159250842626050418636759357997734428672
31,135,270,17,const,143645864882287105129688875265372247516715847516160
31,135,270,17,bucket,139465221084420081139635694210435983355410919718912
31,136,272,18,base,81580607004302380073417913817642711429484700789374976
31,136,272,18,const,13502862956625962914200881629604542718141610290315264
31,136,272,18,bucket,13109261623087075389721383538402460809781328501276672
31,137,274,18,base,105950249186302391523982016936988480663327034058997760
31,137,274,18,const,17536124675348756985755313556666177663095525534072832
31,137,274,18,bucket,17024172615268385190419121433859433500374092998508544
31,138,276,18,base,137353756533506581150235480875891156223506778563805184
31,138,276,18,const,22733434573606132804380638978291338809615382726311936
31,138,276,18,bucket,22068757826246763115526670080140664579191565879083008
31,139,278,18,base,177751459064935506229942575670933830317184507178909696
31,139,278,18,const,29419189835930351518366420165937638883742229395931136
31,139,278,18,bucket,28557777350550607860675564492142572400688172906840064
31,140,280,18,base,229630848628492618215077463077767716172047823799320576
31,140,280,18,const,38005017286411828815040806844591935135242307252518912
31,140,280,18,bucket,36890614680116355631358188269257953956072335769337856
31,141,282,18,base,296143259819061739328347818302813061247664818550210560
31,141,282,18,const,49012388643097487098149100351688744243778656900481024
31,141,282,18,bucket,47573212581696546716817314816348349184061846396600320
31,142,284,18,base,381274691328065578721238185392528660585865174161817600
31,142,284,18,const,63100884326089333034120066253286038114762937103024128
31,142,284,18,bucket,61245486964109579641918818511826041354443089617354752
31,143,286,18,base,490058975998620347148740956398475381534380243810254848
31,143,286,18,const,81103463807368978301091745713773800470248892699508736
31,143,286,18,bucket,78715535516220567935475330722462124624060351286083584
31,144,288,18,base,628843405681629539979906859269293727004900328724234240
31,144,288,18,const,104070414451840090296582733608212214043955681235566592
31,144,288,18,bucket,101002262286721859994517864525212664387693503857033216
31,145,290,18,base,805619236360283455009057231637025558467679904518373376
31,145,290,18,const,133324034495282569348407526828592660493110024746303488
31,145,290,18,bucket,129388411366414181963084328904127436449219669057863680
31,146,292,19,base,77710582212411059066134078367372103297511682046282432512
31,146,292,19,const,12860348974752250310639669357962442213841462285574340608
31,146,292,19,bucket,12480245947939441870249699043004451347031682138375192576
31,147,294,19,base,100445256351343082565707942974926229714304364345368248320
31,147,294,19,const,16622491322586170349622412482614412097120644752279076864
31,147,294,19,bucket,16130591549860116701032178536478103058914774461360111616
31,148,296,19,base,129618603647823057099376271049929235708002332245785313280
31,148,296,19,const,21450046231724111424526534385433976845607559253282783232
31,148,296,19,bucket,20814525944116685317850892031811718795396462146024898560
31,149,298,19,base,166994788786275897017427334639569918661328611611559067648
31,149,298,19,const,27634915329548339845902840799998039862170151922809438208
31,149,298,19,bucket,26815188649251302101022941013548053095182879982857748480
31,150,300,19,base,214805321295274966871329133554211125636794387699664420864
31,150,300,19,const,35546323795649878528659249884984459128481653283117596672
31,150,300,19,bucket,34490710757843757056647838935582950743890088241427120128
31,151,302,19,base,275868673147650338796419308055573969800162478900685832192
31,151,302,19,const,45650610432237897962183733321685206194793585625796706304
31,151,302,19,bucket,44293405483188300127329682211714271138991888003720282112
31,152,304,19,base,353739455892540796936970247973275428979219765974001516544
31,152,304,19,const,58535907957502216594182836856582570018302756796365799424
31,152,304,19,bucket,56793700149370963319262309117245171477969167174445563904
31,153,306,19,base,452894204423445330274162188611859561138548376300263833600
31,153,306,19,const,74942879315237963098564619059730076457479426466455224320
31,153,306,19,bucket,72709939805421560718554763316343008044054823498455973888
31,154,308,19,base,578962433978495543901430699450484549054188304797957881856
31,154,308,19,const,95802943692603869150829672783147963674650962310706757632
31,154,308,19,bucket,92945452327231633592125471435873768926476837674352115712
31,155,310,19,base,739013614906731136090425722862968439831168307752723283968
31,155,310,19,const,122285753128444275040480993593271678766909825395460145152
31,155,310,19,bucket,118634582020939448659271756416557484011614106534098763776
31,156,312,19,base,941913122454746741924905827624941274674691886331776204800
31,156,312,19,const,155858079703982511905241829433970556799059640900919492608
31,156,312,19,bucket,151199785595287999382934816585093507638890062751331254272
31,157,314,20,base,93890127465708749829852714437834415527273291704756189790208
31,157,314,20,const,15535797299661525757698365425427271088444388886244015210496
31,157,314,20,bucket,15070999951930806647713677959611130249622936525489544626176
31,158,316,20,base,120672333301375498336031273567141359446959494579089628463104
31,158,316,20,const,19967172168846837758851177370160660976020925447081214083072
31,158,316,20,bucket,19369214208078657649971993349392117956990588430182864912384
31,159,318,20,base,154862885873669493842904016646668012078032427430690657665024
31,159,318,20,const,25624271316779844792457170290527419935687630372354685665280
31,159,318,20,bucket,24856165036087525059066382360490454420512487882009885016064
31,160,320,20,base,198447903348358351268007135963262231483129912450061646692352
31,160,320,20,const,32835686530437844890061492545742269076599819089916104540160
31,160,320,20,bucket,31850488530383775531684945569531963464016890826614013689856
31,161,322,20,base,253929260319277932528485885516960277552806576244314895024128
31,161,322,20,const,42015334769328431565202090532682883469400753225337770344448
31,161,322,20,bucket,40753550777764736559452174382678697034737042711775776079872
31,162,324,20,base,324454237835789519082344280199155809412140113110008862867456
31,162,324,20,const,53683906165314729281426031546340763477094496922369955725312
31,162,324,20,bucket,52070241099583552425660027104819504012142137319568531521536
31,163,326,20,base,413976702134515559693071485074172342154487631831312550068224
31,163,326,20,const,68495527603524188157854004725442144398892016533503496683520
31,163,326,20,bucket,66434821092173675218913347271639654111866574628725721137152
31,164,328,20,base,527457224249483487895782052672741943562611492713035380817920
31,164,328,20,const,87270867982678337029059163586409064758110699165637884772352
31,164,328,20,bucket,84643017874479058684579293702931965915399875889131610439680
31,165,330,20,base,671111236020894449543683581550829759322179314288341377089536
31,165,330,20,const,111038189696572552734979557988384286429929026395565981696000
31,165,330,20,bucket,107691819808449357243692374946704363457961642574319557017600
31,166,332,20,base,852716370390771488236609893740587003542193815706913095024640
31,166,332,20,const,141084190359814142552060403958175677135578675709134894006272
31,166,332,20,bucket,136828761964210106220929286026573457355391851188753839161344
31,167,334,21,base,86716434537164945991611919869266127182815523369372793350127616
31,167,334,21,const,14347331153761791263236781265705447120096546745384911396405248
31,167,334,21,bucket,13914226662376249954526521521645518708522479697533294365114368
31,168,336,21,base,111056839676677149793961019165109475453258336013966453346664448
31,168,336,21,const,18374310510990602412861087340178984304595194806113080036032512
31,168,336,21,bucket,17819195880386875945306499746395856587924088873965243840069632
31,169,338,21,base,142032501540964288728067763941155428932018294062687604665483264
31,169,338,21,const,23499010617105542050851883803403842756478246472158898307465216
31,169,338,21,bucket,22788509362973730582781032783229823205196421870175862912974848
31,170,340,21,base,181399211031346566583350306500250985289716835003031991164600320
31,170,340,21,const,30011894000683880359854879314481670448162457977703864670879744
31,170,340,21,bucket,29103768078026666059381219295935380962848799648588929748172800
31,171,342,21,base,231363516657675483044446077231969478594788855980847177511469056
31,171,342,21,const,38277989763275504085790780990161888222213378890062376399273984
31,171,342,21,bucket,37118857245385104135472707488526445484644184806648358341967872
31,172,344,21,base,294694933168728496509698141169599801650500267606271498209198080
31,172,344,21,const,48755455024435094155222993349755548486378711355745691613790208
31,172,344,21,bucket,47277937880603513384218144046703282590567397057077104449945600
31,173,346,21,base,374865218846260419238691763649272906450650464607303467689574400
31,173,346,21,const,62018613884699235276705654196912328067705062035389761655406592
31,173,346,21,bucket,60137777969120399398517228951124280973872610360839672256528384
31,174,348,21,base,476221045506501965941170044381166256582249265521284950978985984
31,174,348,21,const,78786519952944803456667809367186264336898871250850689469906944
31,174,348,21,bucket,76395437011153245593009456299471568161261399599534018324856832
31,175,350,21,base,604197815217014332931355153582857499303167000017172128556122112
31,175,350,21,const,99958325004296499148708273923207750649478618775211169783218176
31,175,350,21,bucket,96922546872586639913978040632452145437580159978609545702277120
31,176,352,21,base,765584120420932128031757379400121211873573843617922712959188992
31,176,352,21,const,126657024577589343782219832045458779448790324705158016763166720
31,176,352,21,bucket,122807711189135603708688316587731680835641559833597849802637312
31,177,354,22,base,79271421670618322051475462286900687911174576852388172646886408192
31,177,354,22,const,13114435891262493106524297158813810913245155525545856743524794368
31,177,354,22,bucket,12715593550219983219763864141135949472450612894323680964142694400
31,178,356,22,base,101201855287739045709386753909245232020058738960637426592859029504
31,178,356,22,const,16742414941539080538448082243664338424886761249620340455067615232
31,178,356,22,bucket,16232893760348673657111392834206755189595057682597726450769461248
31,179,358,22,base,129032591525271974595601286735075526605036203569028785493552136192
31,179,358,22,const,21346454969742257345486556788187633568312611795768950395884273664
31,179,358,22,bucket,20696389096368453191296572004503747776470499191614500494156759040
31,180,360,22,base,164306744541554411095821198498928141981888680047404382080867500032
31,180,360,22,const,27181818081651455149483632123271997281507711533937074579169083392
31,180,360,22,bucket,26353508561468632792635622497676213993020586183681820852760870912
31,181,362,22,base,208959539201018990095141332112619089527775619669169850013701898240
31,181,362,22,const,34568627306053637787041490980216014873529207445385460716247449600
31,181,362,22,bucket,33514546209056435613873835884983535960377355154925099945427992576
31,182,364,22,base,265415068803589013353973147788569809733818176410986639397104910336
31,182,364,22,const,43907871264564548197027031781863427400017990733246074781826023424
31,182,364,22,bucket,42568172010626852653804590957490448299773797015810354247291109376
31,183,366,22,base,336706226596352556181201371551095169670975193195229124208904634368
31,183,366,22,const,55701241896729669673205422958834158557414261730674403195341504512
31,183,366,22,bucket,54000657212172739577330813239681420177086120878582704655734669312
31,184,368,22,base,426623194981380515488829373527284165081825061438063294370631647232
31,184,368,22,const,70575695740244358015116962640848839657950849780691795588079943680
31,184,368,22,bucket,68419677065571249316672104149332959743474739428825635252628094976
31,185,370,22,base,539897088972761874363703909080446606424169921284299441706828300288
31,185,370,22,const,89313829831245402162400748343783618842619949789409343089328259072
31,185,370,22,bucket,86583748152484145955298939718793712723945899540671131038108352512
31,186,372,22,base,682426827716914134082158897116325909901357935172093156836188880896
31,186,372,22,const,112891407620841965632912667541084381427119393730540534947966353408
31,186,372,22,bucket,109438594252077159306034741101368335596309054242245125215052890112
31,187,374,22,base,861559105683393844856346056756380554924669955238701066185741434880
31,187,374,22,const,142523667648220052587739112570356641253651212896951499554979577856
31,187,374,22,bucket,138162022798453492764057427956336736471344153134804501100891209728
31,188,376,23,base,91434984460267901594613500336632131833651987792180348278690191245312
31,188,376,23,const,15125560265048456584166076302535105405809877111234090560530082168832
31,188,376,23,bucket,14662410154719732745127441826910868669416150532256102637208770445312
31,189,378,23,base,116260321148008055138999916284893822504949799570393771496620867715072
31,189,378,23,const,19232148317578859255138169545325824361510825275183697624248937873408
31,189,378,23,bucket,18642923433312776577373015392253541490568694857511991521276009119744
31,190,380,23,base,147649032644882538139049244022645415245389365788656753080259154280448
31,190,380,23,const,24424413131309294879815865272715461947031327918625203098156556877824
31,190,380,23,bucket,23675698240752295664239550509162683921958720992801233633934412087296
31,191,382,23,base,187290100761412916195146618508439733898177475440797428213378736717824
31,191,382,23,const,30981728760551431965880048867985570355064177404938589195056634134528
31,191,382,23,bucket,30031489012137426592243343689421208314454114775066259692080477503488
31,192,384,23,base,237295366780616088100589111325407456761018678408443302035885236682752
31,192,384,23,const,39253412433002067839154613325188340595658335177818030280169970728960
31,192,384,23,bucket,38048830300720496831736996160596396028060229530402625627673233195008
31,193,386,23,base,300302484392743965260527030146561195165288948596905319115745805729792
31,193,386,23,const,49675753056736376861776381448049692502010720330209895003684731879424
31,193,386,23,bucket,48150537469210901877708490607755030333051154558227909203486604001280
31,194,388,23,base,379602236216873015565815682679086229134861928818256475484249449824256
31,194,388,23,const,62793069383745510615866386763382874509285339869474908222922504011776
31,194,388,23,bucket,60864111861547654855168573422053371226893003219590630144227571400704
31,195,390,23,base,479295815109698926185502578735714577291733319002879580858969999015936
31,195,390,23,const,79283724227279903668152601413606149827926775318361489019058163548160
31,195,390,23,bucket,76846948014531894195008290139296123668069844752866545947240728363008
31,196,392,23,base,604488921791393111169387707672561146775561940800387789515469426262016
31,196,392,23,const,99992227920652915212212455950023568645864172885861643127101419683840
31,196,392,23,bucket,96917440808879040430887086800458214701277248400319416610927117598720
31,197,394,23,base,761531051495570305046149664997826352079035879379929423719567751905280
31,197,394,23,const,125968815789683765928917810622444453021046605260308100814994583584768
31,197,394,23,bucket,122093334193605921325026791140062374287999523663482862321733549948928
31,198,396,24,base,81995415741123125481997717124068773267095810338354813330758073610928128
31,198,396,24,const,13563212648992759943348928480422164661655845829820223120626029959315456
31,198,396,24,bucket,13145732604786245535436980003582532046062736739909416130455535230124032
31,199,398,24,base,104000553761547926293512191938497853243979496667530335214706017796358144
31,199,398,24,const,17203081825559484788125634764404528719972858598020436493841081514852352
31,199,398,24,bucket,16673312652069298205729186449533087638911388212329951461359216609984512
31,200,400,24,base,131762735686868944487861183474678716676563436541573629760697632089440256
31,200,400,24,const,21795199402400016598667937438608166657593430708170037491735116864552960
31,200,400,24,bucket,21123700384708817767259682128479554813430501931414344342604374354165760
31,201,402,24,base,166749693476471147969549606891064506026377272362961744620857659133788160
31,201,402,24,const,27582330807938140334507827999670906166470137156706226747094110002216960
31,201,402,24,bucket,26732139820878467330741936100737668053858420858665495703611409279483904
31,202,404,24,base,210793651787360083747566798472179669808994423298408214548728638123016192
31,202,404,24,const,34867527771874519389231582933689977981270062927438264611871644392095744
31,202,404,24,bucket,33792289674278006367014536274544888920217433779154330508913650138349568
31,203,406,24,base,266179461402314289786725613802464545779360770930424400130920176810983424
31,203,406,24,const,44028705069043941993468022294363393574982839710881837526303180190646272
31,203,406,24,bucket,42670346669026509393641467603159938593806860068148636587437992039153664
31,204,408,24,base,335753472639466170466638451104096566485444264460558278874155962593181696
31,204,408,24,const,55536647456618305161346542228640115962409190394729615917027880580677632
31,204,408,24,bucket,53822492144682492944104701681288571978019992384953819705684062441046016
31,205,410,24,base,423057896502767737308635418751782238870145380704093477741735980897927168
31,205,410,24,const,69977232021562671018148017468640701119168959484442614610868717414776832
31,205,410,24,bucket,67816422651914286326635556625983401339240466943288456429732879835070464
31,206,412,24,base,532496458073642930020710054760136696053062542008096844632216793377669120
31,206,412,24,const,88078825922657860254657704422782285039708690452290633057959348126351360
31,206,412,24,bucket,85357894540447675443772099374605935843658745251658722968078795992465408
31,207,414,24,base,669538431957414589420317717225894965543688369357069266436574015968509952
31,207,414,24,const,110746032080143967132396980457601814809685420349079854318760479147687936
31,207,414,24,bucket,107323418459008676687129903200635907032574217025490729345076412928753664
31,208,416,24,base,840969711503508214284718506583997053332485205715061062903309609134456832
31,208,416,24,const,139101213677461641491844448655461762478925947850275076360022541721403392
31,208,416,24,bucket,134800489914187135907036369025289981951903728565757989085816818904334336
31,209,418,25,base,92445777814993064908417712114306737127676818594564576121691666135233069056
31,209,418,25,const,15290989016417332550721817127056414047117971130046848680372610980537958400
31,209,418,25,bucket,14818028930539010393023257693554365687083066632602317538368112308367917056
31,210,420,25,base,116869282510468134199670158216993614895973692643252522502431920266292494336
31,210,420,25,const,19330666721991195381937924392401401023759212405887253808797932234651729920
31,210,420,25,bucket,18732514884503299539426349821530097159966670231691614996078702863541338112
31,211,422,25,base,147589758692460475618497203162528770474546834360760648009688081656103043072
31,211,422,25,const,24411848542234990404201996450753062099887528926824215321238410841718521856
31,211,422,25,bucket,23656167676762060795772796770055840113003296484748977820020249586045026304
31,212,424,25,base,186191011908043048566121501773615228254703426629327985744164924788895121408
31,212,424,25,const,30796486610020691533103474282960197557414597186063177970551417151856574464
31,212,424,25,bucket,29842791425226434611424507953744682074724379827048230743621934125515014144
31,213,426,25,base,234645315555308254691489204467907668395649485366718986892898089373119021056
31,213,426,25,const,38810782041446529914204572165505175286293751288769120491782896621145030656
31,213,426,25,bucket,37608437258364973801961496052967680591081431176887073423600747889733664768
31,214,428,25,base,295406290589207946937346720748212162847457517136594775306746640571683569664
31,214,428,25,const,48860546073445695510594803583824310654261595349421189520045211539434635264
31,214,428,25,bucket,47346284992764969694112000104659608494382758725962503371516206426120781824
31,215,430,25,base,371523423411976835151678084733396586523174859806076859261892298857590554624
31,215,430,25,const,61450139816679220498243914682481441647834183213723755275480046437966807040
31,215,430,25,bucket,59544991544825884364321765115357036572580245678373743162158039290240565248
31,216,432,25,base,466783131801959410811520014339421827729307540599344597772959019102264885248
31,216,432,25,const,77205804621156509894601406675306238125604332510389881390506356702732877824
31,216,432,25,bucket,74811292647579775415327007029108265718358874366811151636809103095873142784
31,217,434,25,base,585882373332723641944972601788394607964706016700750514666251454621952245760
31,217,434,25,const,96904374420905056590857256556002991089936764988304999627777662445374406656
31,217,434,25,bucket,93897818187232538256894853846644825554366476678227582368035222752143081472
31,218,436,25,base,734642108472540238722933479948745055934033818456812757386596265292646580224
31,218,436,25,const,121508579348513427978070377507211153259459037217450654372252655278471774208
31,218,436,25,bucket,117737292562288822963529177837585740239956259615445876303679614313830547456
31,219,438,26,base,81714761166718892351840553211554422329196611474397406926096284628635195801600
31,219,438,26,const,13515429182576000004399764417026850549872650670435033973547540829406024957952
31,219,438,26,bucket,13095798781324033294838313216056684548961902568936095549909017616200109129728
31,220,440,26,base,103099203475359158420725180663144173080972405179215941982842729892218673299456
31,220,440,26,const,17052295895885925655183166093166088348528697460180364826235498463373029277696
31,220,440,26,bucket,16522666221682248813044169804692726944612222055320623492717508042403281371136
31,221,442,26,base,129950187778255752055249398249508731587512137401445978306021268834194582142976
31,221,442,26,const,21493280657894801372851262338102510126398543763043601514124414028066609692672
31,221,442,26,bucket,20825486822005737577428699911137354813717600981543820800731716540639381291008
31,222,444,26,base,163632296498515152986240211383163479640997487344832758376048409790221018726400
31,222,444,26,const,27064069224594770543364573743554492492843510836318757826763616633821310484480
31,222,444,26,bucket,26222904645473420252270579652590300046945231392344156035271040964876251955200
31,223,446,26,base,205842624626402531459863707457376339052728589779519047458840285629021006331904
31,223,446,26,const,34045339996414123827192375031081924498547430044998556106209097494370564702208
31,223,446,26,bucket,32986837912629186381255603655581889440455105460397232983378451561378066989056
31,224,448,26,base,258689843939998906444702566738746507056215964328365653167782748167007809568768
31,224,448,26,const,42785839838135189080654374560496300883713073270128648319419829828327378518016
31,224,448,26,bucket,41455145599740986325772973343837773358620237607358442300898335278520676122624
31,225,450,26,base,324791605191843067146472538444915737922826021872961372131620065168435657572352
31,225,450,26,const,53718492621665040074201565936191722658373992105203195762303771485469205856256
31,225,450,26,bucket,52047231710515892090856533445402572880139323321761402959255351969694695292928
31,226,452,26,base,407394425413206246419230267334442613426240677128904819340087920898468304912384
31,226,452,26,const,67380226334053165922661776540951086735685053466187880924695303656471105896448
31,226,452,26,bucket,65283251538276361734603105998057599818775030720764044304955888139082104045568
31,227,454,26,base,510521121594371559151986406354815391288386406690733151537512890482056950185984
31,227,454,26,const,84436355762721925976314152313920265894667367155252222008710740230458279198720
31,227,454,26,bucket,81807730654361347338649878916142552259319720833238734763202231886735309012992
31,228,456,26,base,639151962398897808133298995901022863400516474322472514123451737407937109295104
31,228,456,26,const,105710541400704056782773417642500267902015671099183832318245844306957757841408
31,228,456,26,bucket,102418585216911047072627878925251522369047891899821047783591479299363487875072
31,229,458,26,base,799447057308895511538002497667822380466764375169887813858519206403488610254848
31,229,458,26,const,132221568094595994212879785120811353542809290411288110902713076106938407714816
31,229,458,26,bucket,128102748066279487753273939390050751807885360774977621639652243304934600081408
31,230,460,27,base,90513326453828310603111237580246153315774160459374863208941247479982772084277248
31,230,460,27,const,14970060868752023368595746415773413154892068932133956846090169219891049332211712
31,230,460,27,bucket,14503587279782380661215797389886038811308731003473252423752256978977541010227200
31,231,462,27,base,113886334475553513173440658882905867117296221325180980015950368193462557002956800
31,231,462,27,const,18835672056653366934989733212276523405062348153163558503415366917966697408233472
31,231,462,27,bucket,18248566968904189827761058784084259905441489565789321855684279384617314404007936
31,232,464,27,base,143160348090456590895823018693850052325745927223693199226037409467356190563368960
31,232,464,27,const,23677221439241168886718101260645440357281573756069833477066434450204363289788416
31,232,464,27,bucket,22938985865205523555696609331346855045952545585422598637897297544569016788451328
31,233,466,27,base,179791536701307175562471577087249410399435539245827542539095124929105782609281024
31,233,466,27,const,29735533767619163427696092854069146129712035775887727572598080706645820937601024
31,233,466,27,bucket,28808132272771887157138536324830687326837180491675501470093143726294187913510912
31,234,468,27,base,225587170584025268343154236356331545253433484940648558016583902684744353079885824
31,234,468,27,const,37309498769766811301484396225212042060235362880386300593743967364468945864097792
31,234,468,27,bucket,36145539920656388728817520439869788012888958413993041662187373779458978834546688
31,235,470,27,base,282788308409533473079377153495566651045079208789200236984069674361101400783454208
31,235,470,27,const,46769745782581320337339424430708364141818970777771981077336975735779686841581568
31,235,470,27,bucket,45310233520030991187853437377471860009871491625252242580286580971104908766871552
31,236,472,27,base,354171499223456905419539718754022382115047841853789804349985112023115560453668864
31,236,472,27,const,58575462895056979466546929417606291884665841471178530771861437152459084647104512
31,236,472,27,bucket,56747020040698781329187187889071126057147581204454645131448292097075383650746368
31,237,474,27,base,443173766695188179835580450684316944251086100588094002047254022463604571821309952
31,237,474,27,const,73295066380619469254077464181715261502431659414854637620773190533698356403765248
31,237,474,27,bucket,71006509284151415233092479626168537610908061468567789698828933490363181312245760
31,238,476,27,base,554046078075032203757515115929517469140712655531726772090356572105678695407026176
31,238,476,27,const,91631580755955610815626030465877056743318463943549073564083443467535365357699072
31,238,476,27,bucket,88769697022094940610529345438524578625028585782536468850418708121893116879831040
31,239,478,27,base,692041634548477399428077231562275628868772139148322514954132574774317009004920832
31,239,478,27,const,114453777374232222731351493476936231304648915723849471251716564111987941985746944
31,239,478,27,bucket,110878125631503031209536507534196309270767941815043204661839122863246702079377408
31,240,480,28,base,79120612538323664994721805505879635596481218792280139894564762430879652640752402432
31,240,480,28,const,13085375169511580198408413979460259817998499975185843537985845660523480332390891520
31,240,480,28,bucket,12676464879127012311410848723560547370212343908237928255081969715964481424152592384
31,241,482,28,base,99391461957480344814829397618154295380934306852334485118268892954745172151922327552
31,241,482,28,const,16437821656998537236366583955045349182215588386986354815549305851828523771310899200
31,241,482,28,bucket,15924012982562695505375620387580209022034647780560128495622553792735528621875134464
31,242,484,28,base,124744116289388640940991573380608924500945632404884592455016983769641744211921338368
31,242,484,28,const,20630697939071404681594923007319442796467469179824395169952558836674870141752705024
31,242,484,28,bucket,19985660462196841523707894901349520494003004395220720544811138768051491271029555200
31,243,486,28,base,156424816651319942347964949057400497491754353836025668488362860719986018508861341696
31,243,486,28,const,25870104610808181108891261384633640262916452515417203644585969108775756883166232576
31,243,486,28,bucket,25061042898073288717890214125295991724197964427412679396628789359042951303095386112
31,244,488,28,base,195978681944756767666757022170845483576060481404798266923234589288832038391945101312
31,244,488,28,const,32411569317565193594316439284412339904870937492645671167341334558755564110347239424
31,244,488,28,bucket,31397670626955203001825566716297827564154934031771639684421956009735057034029563904
31,245,490,28,base,245319782860742893710143266747913079065595830214555450860826702188310960928962117632
31,245,490,28,const,40571635117063765885976893704747567307692306297282761915054491477846131379422625792
31,245,490,28,bucket,39302152740570326537616904745669805319749246484514923018482150381189861560069128192
31,246,492,28,base,306817272383605059387608030825628991696751747184411226397253246860759720956713238528
31,246,492,28,const,50742104120565135607385186899875913452208757811759893633551498291323933542559252480
31,246,492,28,bucket,49153992780915309646053370884158671901676060223115814152528260476860914801404018688
31,247,494,28,base,383401167209798150028807597218835456723625109019946278397512568108705294327132192768
31,247,494,28,const,63407530817715768453435276916708701499407040460023864984635060021192309097646522368
31,247,494,28,bucket,61422531806236325816133309520692949432786632832823702441216206895556755045679628288
31,248,496,28,base,478692160343362358492220185394321273213431758870228713817344967945366525508939939840
31,248,496,28,const,79166689442255379804061543219025853627597086415301459333468098415266204605151707136
31,248,496,28,bucket,76687740354475972508805047754758889393756083420487469135500886345545072894552309760
31,249,498,28,base,597160798706383600773601640768203399258600855825771719424013656536153082555260731392
31,249,498,28,const,98758897425381552836718420505642230590145110700795430536768446108650364208513286144
31,249,498,28,bucket,95665713545257181951912829616989272787069895622724239597027664094994654898971213824
31,250,500,28,base,744322515850201851068030489542299028835032612829933547134885117966677283219129237504
31,250,500,28,const,123096268187645351753782547893914597626044637118465724562065836702127721047864115200
31,250,500,28,bucket,119239908731726797310823698960019389800514331712880071578952492688545627542858498048
31,251,502,29,base,86414923433274088145679615203436125964602266831777697238252178168795884700029270622208
31,251,502,29,const,14291285063157694866325207540174537410860033543781997799849140402789999216669472325632
31,251,502,29,bucket,13843462704593921501042062818832908493472789322123516267995973234683347013306545078272
31,252,504,29,base,108301195088956274914929351117138408837103897646524522024221802663145622538716065038336
31,252,504,29,const,17910784062912851581444339018683354450633481952822784053642966561988698820034921758720
31,252,504,29,bucket,17349413374477475784537883506857017304178717448431382509654660511374754744059025162240
31,253,506,29,base,135615662785033392539097517012248571368688040950092322399574834574102385990831286779904
31,253,506,29,const,22427973279602250289858246342791103665313528878173116782274393601491487720278346170368
31,253,506,29,bucket,21724861130919451391655283829179635927168105106504551780577886394935666434733185695744
31,254,508,29,base,169676348037723766231221127857799338397047389536698888606911496505869615588916236124160
31,254,508,29,const,28060818288836400804285752926102606560854556404376037261334370491637097337324283363328
31,254,508,29,bucket,27180918621095034919001556244870484445895828688081551661867082714135314740234032250880
31,255,510,29,base,212114493347296607348021469743193642586368016552760704545343141144957889104595520585728
31,255,510,29,const,35079082410112622227654465007308645295338986937046071371584953795091819474240164331520
31,255,510,29,bucket,33978865972536517461442805173843493629074735359443879337622685658644774512212498710528
31,256,512,29,base,264947392830240125875620559132041132043618039327491641367970039855289460119567931015168
31,256,512,29,const,43816370652891177851641977037911819834740009446299238010335068068290822949236306345984
31,256,512,29,bucket,42441815282805413801366516917008317453646153211009759756688882378106624500145225465856
31,257,514,29,base,330667787446404232058319516588781329038245098687027729793228971155673699589616100704256
31,257,514,29,const,54684912904742183011964130502407027801365152904964760145749746744742482195160686919680
31,257,514,29,bucket,52969027962468625314119244636074184863426520828639559701804248822950710810370782527488
31,258,516,29,base,412353508778230607534263215681199036542330147418308666293599181853885218847595859804160
31,258,516,29,const,68193695560540316719685502644635446536233000077323895170051531559634038522243100704768
31,258,516,29,bucket,66053474899098232529476826466523813978471732222925733118828771307359042234099295059968
31,259,518,29,base,513801856210124593267079093308471039328530585805631633730694197385867411991808511574016
31,259,518,29,const,84970683229839807525276318509763247443154544471796959584615828094182637864770898755584
31,259,518,29,bucket,82303357663401499057864418983692407918554315857830269767010010449764974577883382022144
31,260,520,29,base,639694163388202936458298083216918158220975334843529616856767045815592744805288709718016
31,260,520,29,const,105790032732568758062253280922230862790334400897840398034435790775345136870956493438976
31,260,520,29,bucket,102468464477008813908984679061585572699700798759771447738917981933516995920619005542400
31,261,522,29,base,795797186321782948682230575800008223565123436308816222169418906550755759394534182617088
31,261,522,29,const,131605396139521762255245906994849685256939316481528864408315841163524461347499445059584
31,261,522,29,bucket,127472423058565842801295545517460685032722790418381872922137773264848426548037565808640
31,262,524,30,base,93715497459433029526249877344718098578457130039766663779521613632273989609363468818841600
31,262,524,30,const,15498214187253424514199894703243855637580653944134713021673850723834763062684672155713536
31,262,524,30,bucket,15011403680774075121595442736249750097260453916758849474409645343695209548357756734406656
31,263,526,30,base,117199316145708922822179899117668123109579181391168277313499769457909083436961155856203776
31,263,526,30,const,19381807665881197197824655303980242273382593649261967590299053775139747282103637504950272
31,263,526,30,bucket,18772886685070318964278682479451742897763714660702374615968844248931157686718751299338240
31,264,528,30,base,146450004831456713177492359671349461900922339364014063061135914530534625188099366473170944
31,264,528,30,const,24219075567006306702415802030422369741055064951141060919406249668717505829333536067289088
31,264,528,30,bucket,23458028386009941353611382574274754775808472945369337822245320958725672930661600105332736
31,265,530,30,base,182855008352507186224074249542931526016510241543273405111340547213245377100640441432276992
31,265,530,30,const,30239458746496441320498127114063293508690212475753713505195867398342925072335315144802304
31,265,530,30,bucket,29289041310390626379948506345256641560122631998068894117398280288447304694581926960300032
31,266,532,30,base,228128721599772783430943828172574653062570901938071094893408317058111811686788186106757120
31,266,532,30,const,37726464979483225544917167732134715735771155605868825714679886701662602355357322502471680
31,266,532,30,bucket,36540499975219352042890437630010137947477078626236483651358729861597417368843345427693568
31,267,534,30,base,284387932538599172628497047163242771564446397224591043873895253086999625327632438144270336
31,267,534,30,const,47030144650319418239860696236804174180723833112851861363803733243736875826403771179597824
31,267,534,30,bucket,45551422813626593427115025134719062230282363040111795886661139731304185563925167483125760
31,268,536,30,base,354244306660771209207359607071817905772119763180610181688702711335815423736542554910359552
31,268,536,30,const,58582384481788349239327059041507391170154813186731131778302984875526791375365134287372288
31,268,536,30,bucket,56740083116511587973268557280746170885005116309835233457575475437309320442084913653481472
31,269,538,30,base,440917680040363847007918719875026178784459989284104038072099749387757134960420826250215424
31,269,538,30,const,72915642251620849318895724011571720822371301608624554193585532299691919154033224318976000
31,269,538,30,bucket,70622152241637948349755558297901670796489596031019009263267750380224323748373104359899136
31,270,540,30,base,548374742896632181427854328907468887110277427561883809526352350553569946359132424905949184
31,270,540,30,const,90685880168977540847639155508382067548298459407152414028866931170721945662866809694453760
31,270,540,30,bucket,87832908803198157683000820410185347098047711475183623096102625684869166546271129418334208
31,271,542,30,base,681498682631625108328210931725221644617296709865408497968354962027276836564946945944059904
31,271,542,30,const,112700617804891017079258089017046211552708658679298199661568916867685682300093251824123904
31,271,542,30,bucket,109154405610393079668915056457884110972866608938524923125362732145878836754293700383735808
31,272,544,31,base,80850822050745780563246396489087822255680851769909002808518732087409594605497256791314006016
31,272,544,31,const,13370411506693276060542218673778741290004236622589392523340551938311790195118226680364138496
31,272,544,31,bucket,12949623861332318869443639042383735291893629740232852542440477793215899966317912188373696512
31,273,546,31,base,100989489124797681827048294275950341321278496688509588037959422959078032580390768362150428672
31,273,546,31,const,16700734710162062471072497537107945036570609237141542625925052875781986713790914581957181440
31,273,546,31,bucket,16175041118078994499314075902411835451095283590342350764092518563210359954697748778567335936
31,274,548,31,base,126047159994992264042634749001819026264906522346143507095397685154247341198720467989975531520
31,274,548,31,const,20844503031891120259612437303886235894926838066424427567989100968354478760396249939637698560
31,274,548,31,bucket,20188257016361571161910507875935964529003182059906086324759278044488607226150183947141644288
31,275,550,31,base,157201767523739222335748873631195190177619541293664309022472940983079768463654871126339747840
31,275,550,31,const,25996506708883487442832305403804068509563243689967563860758696275268367799311740901024333824
31,275,550,31,bucket,25177915082894041256005417782763000935619492165548392172742728778460186416270763894694215680
31,276,552,31,base,195907718416925347854540407348676177201220272891067262200268997476774863701219173408398376960
31,276,552,31,const,32397254939424773610581745963291067738825956451128848475678087232548892207956840791242964992
31,276,552,31,bucket,31376933900898406530922244832275901591569685133379907194942357203949510041683346200194973696
31,277,554,31,base,243959480042839157890649214202991436674723235690546335774476170765249525270385196935908687872
31,277,554,31,const,40343490783582394615058184418202453727930262839653581961120480113683083007331346179711565824
31,277,554,31,bucket,39072689653706515048769622108635498371969856410426160198719257543039858250382148866332950528
31,278,556,31,base,303569493916591116472057223674974427274259809495046174169556184239506038767855449920552042496
31,278,556,31,const,50201075140060117002244512222506272849999536333730186551758882852592620675510872416379207680
31,278,556,31,bucket,48619492802461037389490499196723604209164729928235814889731509192925782292941936746771251200
31,279,558,31,base,377463577176751686715608501928837871186051644594397669207569995842883299988535857389143851008
31,279,558,31,const,62420762555727795132652302534383890801533873920858860114701998828720983376538997425952522240
31,279,558,31,bucket,60453865104686340545495623368814474246210131205336615746002659025724812685986289925683675136
31,280,560,31,base,468997656374733030211985176023132354270369832345427046783397902143856410055732157203951386624
31,280,560,31,const,77557504562837253532004802364830316659848491864450716953217764468927705377077080787133661184
31,280,560,31,bucket,75113232541029542688343758294524339277576370126273664198727215079115003123446398767215935488
31,281,562,31,base,582300505321948391141907859044617783674334506732577854550895930504235112595654846596278910976
31,281,562,31,const,96294053060230442576371536169128186729437647361592516148692227663551378030446861963315118080
31,281,562,31,bucket,93258782203388335702858871618954123916557997255977156461730075719144028460843944288777666560
31,282,564,31,base,722448160480820149314736241704471787130497197559411063299790005863442146795621868404499021824
31,282,564,31,const,119469801900528673657241153927666770814707899071848859779721491117386129429854854303734300672
31,282,564,31,bucket,115703391593933136999197974978198762305286279805698430352907121696442375474851718531832086528
31,283,566,32,base,86790566739067474979042902937269765999434260534068957328021266389653217864315044775073436139520
31,283,566,32,const,14352354122719708924378152593808910193129458787333940814336158689907582547413931139804539387904
31,283,566,32,bucket,13899807462414708033830150828915775682738658518339330760614060676678204409269598077308515647488
31,284,568,32,base,108207543636142651812486212498452669883034390169157537584587985029097700247682962639948739510272
31,284,568,32,const,17893995650437316908543066059469445577953043877512232557004639569958028730423714925144409374720
31,284,568,32,bucket,17329685926241334726315216417510562846794584749294183344181234008375476365922051019553646837760
31,285,570,32,base,134810344104981286756833088949652980401940814750313865824500619423594797925654237131082899128320
31,285,570,32,const,22293188426107809815718550761448875192510862638324027566418492297191982274354453765929020948480
31,285,570,32,bucket,21590032510298308028737370837688157134836410442514917709204792372029728824579653729527701438464
31,286,572,32,base,167830807798518447771215380640102854947284937364194538552633669124132455821625891691730653151232
31,286,572,32,const,27753633155500886181293214030875684013608600491566831533803878302096428743561197534485371944960
31,286,572,32,bucket,26878109667908013057686452882521583629486051509875754983611962804318255816961224147069460021248
31,287,574,32,base,208787764634092165166625718023527746858199086712265535784201436123191628240214384129559410769920
31,287,574,32,const,34526487690734849350580103209134562043672367486401016306259458744564846075671354363581858578432
31,287,574,32,bucket,33437135912481939072662426827600519649756383181086591470150683866518927938428009416700756754432
31,288,576,32,base,259552596903928869671922892149787045033507499538178696654872090309563605117958577716368337010688
31,288,576,32,const,42921208385523396555904726499419300840932139288021258343368078193655229644098655253855859638272
31,288,576,32,bucket,41566784003708222280783677213305642600133127837972420581337600424075605678307964646747833106432
31,289,578,32,base,322429484023854357039914484672811178414520652242147419217264834991922169613144500744564087193600
31,289,578,32,const,53318819351758374299154772815783335372652746232220634544963843390178687170574884756944953802752
31,289,578,32,bucket,51636030127664985399089897904489377820123508679770202435363313649893547742234720007266037137408
31,290,580,32,base,400253552543528494294246663132884556423387118003079385036221495082256268396605237188288973897728
31,290,580,32,const,66188142501641302631617524414753384067561303806790859239898007636184415880875679968681785294848
31,290,580,32,bucket,64098870063315893934539086388691937684705764399802121809760988808480121207423540836237559463936
31,291,582,32,base,496510847074883577587578984315932808409740374287856761606830297116934001183406091393465166331904
31,291,582,32,const,82105635856757031993732359828584839913108590482301047361381859854707894115317506952145141760000
31,291,582,32,bucket,79513529289952082751245440359238395654378578269320978589523691954601722625291277168631957422080
31,292,584,32,base,615484876817340361113183642281683891301929063282643345802003376341802359964135518349593814237184
31,292,584,32,const,101779626342537202288094550066222497561392530242279369915217228841277995390460532278776010113024
31,292,584,32,bucket,98565928325889240338408770541573355500619700346585332925184473680539796426079143803449918881792
31,293,586,32,base,762435507483531407304088312109143725675595665520587020556450287491295753965841222271954547900416
31,293,586,32,const,126079891143065194599162288529549809745190270696764797851308004957585567550648636191777319026688
31,293,586,32,bucket,122098327119521901600367329525405097400532676813629805017412201556516314403054123019430258540544
31,294,588,33,base,92673488462318102067535429815368159597912381745320997914517521955277383589078530198676347419623424
31,294,588,33,const,15324893886064802383172686433645291279557071385747566748260236578095864983961743852714725952454656
31,294,588,33,bucket,14840868248142852690060302353375236984041211153395641694550607698672503075250131616526337218445312
31,295,590,33,base,115343587124585659507580149280651117971260336066251882488130276959221970212800585469537228548997120
31,295,590,33,const,19073688212980627003289072509174805018885479351760660302259898006303951115949965577587927042490368
31,295,590,33,bucket,18471173112932516829380321613865589188679407639484544548186659302602388819383482178121255505362944
31,296,592,33,base,143458483446529659591665802825961685978436497568179367583485059965326050409313527592697799636942848
31,296,592,33,const,23722842704806838951702832753227573051146806256910656731601880670955295189625743786643776031686656
31,296,592,33,bucket,22973359827236723989721940119373391911539683726038630279803797406474261205785194550615436704088064
31,297,594,33,base,178301834704916643031823608960771039347599636146928149107645059378070745551291032244563172342628352
31,297,594,33,const,29484623158276882071711578022274937300035838365233635115285483430819828402571181764456999100088320
31,297,594,33,bucket,28552975557397916713520639765363559229441602408249499683801574977530405708795433713040543621054464
31,298,596,33,base,221454301299673955516672520389068668666718189024485858496890379741721338064072960000185211270725632
31,298,596,33,const,36620407462494930464880105861736362642610202196278962564111251161355258216197754189661796944576512
31,298,596,33,bucket,35463124009245817127977192224548461370467107203207438562897086247819008893983609514386802593497088
31,299,598,33,base,274860971603156998565043771319073272493296578959468488942835891818209736507561684461800676657201152
31,299,598,33,const,45451834805809710690233622125915278082256903508355629960033440259913719164169736549803126389997568
31,299,598,33,bucket,44015261265567525120460212172899370811014648609482933826049499040320903670378470379514229157789696
31,300,600,33,base,340913801803621984143131388394335297573217661298266300141072819045773314958153441418430180652744704
31,300,600,33,const,56374437705956937261919231701717054365311647398144164725425227165359254399685263587866589712613376
31,300,600,33,bucket,54592395703743266824510986202446390010812617609510350494072442750416737821592836023112547480633344
31,301,602,33,base,422552349976229455989395330018674575107786667717252098177835974196044335683003655886123951435284480
31,301,602,33,const,69874299101138312905619185120790994464935437676651352592110765238233735842345109747006098913624064
31,301,602,33,bucket,67665217023177983027516275293565265426155685875518405642174567227532290620928125172302699879727104
31,302,604,33,base,523386785803206661584044240946268841961243086441971536450647682984970510811493228642719141740937216
31,302,604,33,const,86548392849205930093795619715627906134452653025066776974555208542680809412731103811009563534032896
31,302,604,33,bucket,83811791834619054781663012534074723115496315357842951967090750625349980309793390991771315168346112
31,303,606,33,base,647848006939477636836524938876727938370208752890279383842083472952561038335505471124508269353107456
31,303,606,33,const,107129406462345028252497047452387333065615993420403955602693304558893723751278724773722480156082176
31,303,606,33,bucket,103741599282282817219377878394265517195665543277690383444267650698039749644635593472783379226165248
31,304,608,34,base,79197055856051526658869991164239466366842982866412896478963013876327561504518481991536026946417721344
31,304,608,34,const,13096158815912359277465606140096564470367240463960618902301787484225084810936896795128871121930158080
31,304,608,34,bucket,12681958088976293505578669103956957299499020262555541424523806153662337560468687156013049096267890688
31,305,610,34,base,98479800087169357107441549760790624696446826611053265867569068172747977770364914397826982215772274688
31,305,610,34,const,16284760856706918717696332483699878432305814063022887556629128740027214272599505410431112015415083008
31,305,610,34,bucket,15769645278910974798746688049969299934941578480597396401101074610938973962502067169049463362196340736
31,306,612,34,base,122374603642538392716076066833444544053728106204448110842120117859579576780088351000338606234575831040
31,306,612,34,const,20236008939954564271001670359453731607996438271366593142410507538602469561385254266705118311848345600
31,306,612,34,bucket,19595826172279108556574372030915877013060582518351663696076447353869052947365599951944266553759891456
31,307,614,34,base,151964896690526873832869919875223759356263636743192392965779147306838446244030568864150408000706707456
31,307,614,34,const,25129056769266072750376778205511183278713415933698638321740867433638941177035830360491990437123325952
31,307,614,34,bucket,24333977235419781325051357175708409000182631556707884795391199338590678516329400325371098950935773184
31,308,616,34,base,188584027653371907046984201650419318150399586726662249717485880153274143720505850789085337646079672320
31,308,616,34,const,31184383693809811330496649022059837170918521517749026414057922703408568039307059283213603147113037824
31,308,616,34,bucket,30197590192733281246189008906466227031261535634026687309102741259798817093236962254212477935054487552
31,309,618,34,base,233871860310695384866269456687259215827978533671915789836340644316908794619790434644502222024340406272
31,309,618,34,const,38673153348452192688485165108564542363343794137530300396045194242739483560727178761125651476486553600
31,309,618,34,bucket,37449233735827594574870109462730350819596996222910285825074573356814425020092763952764260167658242048
31,310,620,34,base,289843951312627727269518405783635845140190868562807152742667374405500724606885054247911017868764905472
31,310,620,34,const,47928652518689566935473474461066494504223666938423356084108766386962689917838905505712222849512505344
31,310,620,34,bucket,46411629417058377138414215849816929544523248212547889811658885468395176394888340072664801493854978048
31,311,622,34,base,358976052214044680335186563986518760995572567568175796898392099810481809272983492725094422301022093312
31,311,622,34,const,59360263977881320575545209680030375883812701129469345760599417614259993882709170827715277007108440064
31,311,622,34,bucket,57481181061642075980351005419981844764168487293409144252690569082449552073630276871510098633199452160
31,312,624,34,base,444307267379090124508229235220380700957968081023190666917427005906426857495110984396999639367382204416
31,312,624,34,const,73470524145245068392609135466106417464892287603042422846878197873145262268556063528557972949284421632
31,312,624,34,bucket,71144491047314299570739415365172620242264315904162960894979607040690298688496991122725248519001604096
31,313,626,34,base,549565909604078071419115920111516028077374038516275600971942274522178020682987874832826007316364001280
31,313,626,34,const,90875933895394069572607899560360035855762672958315044669922086297436618516495849077482940050926731264
31,313,626,34,bucket,87998510548527544081087401069490416250666138376511622518018408290955003559686704970593196636777742336
31,314,628,34,base,679322954437695320083881583149617936567791870586257664845196431555783889378801769524012292755010093056
31,314,628,34,const,112332332908917456650646662324042728587673475368913807454086538702158510899644872496337988268618416128
31,314,628,34,bucket,108775108384993018035786068910640261660217217116626679993106458346213734707094528527057820034766209024
31,315,630,35,base,83917903243016982245301791357054808079842603420556550647559550483766822657866986688137291844625281056768
31,315,630,35,const,13876581963014241928937445658811513150553554615210544740101754525606242460817769362125644317706944512000
31,315,630,35,bucket,13437100933306395789263447332445159882214483555771310453051504291156112462689659740231380261608548728832
31,316,632,35,base,104192056477574583119079343221395919400734081024958045284048998099596794238741838634205875433793243840512
31,316,632,35,const,17229072130760659651184743049801370610253124073073839019033754316237908503348277242719629371356733243392
31,316,632,35,bucket,16683351769299495135863585126075719311766800053385577540462968408344128484609851335880191253790586830848
31,317,634,35,base,129280408345072743668083251709858687026144025364437593737653568233415628806046599432229393729550557380608
31,317,634,35,const,21377622231316198443155264494521942500847722630491046724029406282395764759288648973833753376901526716416
31,317,634,35,bucket,20700420864460135083645730505643113232795260609162210263717165507545455240179696222454042674486451372032
31,318,636,35,base,160306313646772394218095569797690703618958356177447670058073451720790731300387173733527581747764501938176
31,318,636,35,const,26507985224536798279483360062465604431164919394376088338899665874895787396912247322272608065055635800064
31,318,636,35,bucket,25668167897734070904478916442563585822082238821758840863524783706641612012584846959829794644333579730944
31,319,638,35,base,198650662929547150688807649871536376922256276954876589030621674693151047806105506381276913270697463119872
31,319,638,35,const,32848498752798721923388450391833037912904226150804655879699734621605659741126117235260051737762789851136
31,319,638,35,bucket,31807685412153476790960808653609808115535474223329416105182617583984391562684143838100741318349881868288
31,320,640,35,base,246009878623503991344339769023647734869980837221063239743684311954597417242611097739522210019952847486976
31,320,640,35,const,40679674997995592111178212910391299984536692103427896746761593416649109002069641789592815727284137754624
31,320,640,35,bucket,39390584082114596944082187861798775390640106073701735348034306947669340364625102592404955454565475418112
31,321,642,35,base,304466737799656874657324125609850230234932452851599269400248104840252286306760642523998752941957567217664
31,321,642,35,const,50345911449874940977837702500632566200604275154643614277571189303217164083735642726843172708038790348800
31,321,642,35,bucket,48750331492216846464654959960170453735968208603810646302566453892117621902455100555833993150851276865536
31,322,644,35,base,376576806929617469668003760475361910445094844630161208452347119588382179372214394901700988248142160855040
31,322,644,35,const,62269783152196044491602585208514309651993789484399639089673476191930370017439642745256940250125364625408
31,322,644,35,bucket,60296090350274398825254708443962123140627685158404849463978698188093389761953377708564562648616438595584
31,323,646,35,base,465473867803631453120574835962193917995210066535428109050869739695503832880895197763874042197538299183104
31,323,646,35,const,76969475173943311056488769759055433036997641389310271979195124402481673194231667340568784345014634283008
31,323,646,35,bucket,74529597114573948241676288211881309648966248409077258632135680057958432731754522430720083940337986306048
31,324,648,35,base,574998431766919454827401752751358130733224043244022773626144168995248866251981861816740992249725483745280
31,324,648,35,const,95080032774803108978640080646968102081165686597432996547459195275806199763514747492329592123659070210048
31,324,648,35,bucket,92065736960358313421635068845473127531015692465413289699197671379235096018334404967222098452365566803968
31,325,650,35,base,709854307170150054155883525254961096768132386909899699501642513775916136823514516913971291709776588701696
31,325,650,35,const,117379250214179014246730446004158104700882499995697375434172771486926680237395359922558761626487664672768
31,325,650,35,bucket,113657609925460851291571150052830784950957863289999213495139131288769731302771420210257918823470213365760
31,326,652,36,base,88555736646667224489548567250745637773040551312890560865697221956903039672584904707682421939612408032002048
31,326,652,36,const,14643276432383769613512100342234785861615555111392278950399980222893752278136822005176440837751084219891712
31,326,652,36,bucket,14178945720308411639532825467273638570031940508902457225334242515988426020175596233768279318431741293625344
31,327,654,36,base,109794979628643317991490619342118623832242844668017787132891443196932648519184714087835836490811164948692992
31,327,654,36,const,18155302944666989393707699280593143537741647664448107720258256407638419504400515405305263343037003704827904
31,327,654,36,bucket,17579547160399308473738694275441996531438449064089973371177122492227020966273999622486936120175704219320320
31,328,656,36,base,136043423355383342755942594128198183977164303159118908768824853323460247343707332614461732744252040778088448
31,328,656,36,const,22495623308680124225861680922735351155738873174212803155872568843299603962563468965850204173017855486328832
31,328,656,36,bucket,21782149423234058497031175717778322053319306619880908736193562926598875715497060598723624888695131729821696
31,329,658,36,base,168462590622844401999642192897481895340932975841407237276031298971952705429167084859441653550954180249649152
31,329,658,36,const,27856299346376042162725344582133306795037060139695815855336808548457964456636031378183300410918551678877696
31,329,658,36,bucket,26972714421250100747007184545890733687441421071814656597682183027971339075978292468554647140895090972557312
31,330,660,36,base,208478755135046461952002201171330984505390079499499448270174476104208145896663226758056625314590069457158144
31,330,660,36,const,34473170094432085108711713622560343311979774479154486090130603497625876291942082060681797920958125342457856
31,330,660,36,bucket,33379590202499330426836856681618660242586684328738748678882714850277342582740037032411607557205121248002048
31,331,662,36,base,257842249836955572348953912020385395391761641724137067840042433207702500948119752662325662954686867822346240
31,331,662,36,const,42635658524837166111774542324425275195894751670323364282661636945450856922038290197819876363287518557241344
31,331,662,36,bucket,41283005894209193459241799134959317427747077953305692527630357810963076362338511304330119799034880079167488
31,332,664,36,base,318699830284876574061536264470783041389416619568881901289402458571370697734394625213211457767287625988702208
31,332,664,36,const,52698736922677365790082870074629199717762851004569585307890835662196751227465713201951955311490814021992448
31,332,664,36,bucket,51026656641627198964338083768449983915825950738056149341262511215799880216967216138103493340995001927073792
31,333,666,36,base,393682916228566934066018485158101996893354549029911287209487947475032701413165225331152811684785377482113024
31,333,666,36,const,65097517731774956220074279472889511132198446188635387491515400243833117849309879401574832759587041477394432
31,333,666,36,bucket,63031830497542663993799039645209889331532833128153142947182410389314021745648385843652400290555711732056064
31,334,668,36,base,486015134238687449665564003843580178783187471285246245295124687527926247344706425874930539769541189584289792
31,334,668,36,const,80365035831710389912571497744522800610153119597608520934630416474082242877144662403778132524820319239667712
31,334,668,36,bucket,77814625213950152373929445003268210459048739432155069531269497884614756670403070755060934366008192731709440
31,335,670,36,base,599643308952198689608513866496316320569929731392218362858615455011685877283000953185311786168682897507090432
31,335,670,36,const,99153908044259925031190531114994171285533888166085278929812670189971964122988614644605750080007733203959808
31,335,670,36,bucket,96006918906261539463415665772666703154632635772760995300435732224538715257292171561365775671202001587273728
31,336,672,36,base,739396925941495909544641080505362649474835099549112353116550287974486469184466634394906449495845833973694464
31,336,672,36,const,122262700418708061332899689320753679589396451597497331556158088463106027589195809990170187915289349467406336
31,336,672,36,bucket,118381898702618408050688149491768569303239270342756006165182164177249586247134149903325155330600042070278144
31,337,674,37,base,93098987486066721412293776212941397064554881270907733431799709200930097579314470189585016035679457574941360128
31,337,674,37,const,15394330439006491138619475342750557266198037704646735322947615879831098072542424821335678482961017982857248768
31,337,674,37,bucket,14905644368398486061524867282801257990705823229030361996018132840571908816666926340132311291584465904028614656
31,338,676,37,base,115275286941865156686657713883402335984347872155526338434849352956152462214001950913044261667506387142462930944
31,338,676,37,const,19061258298340863907174925828824940306244967236649432500161640978190218940613485235251402008376852422546423808
31,338,676,37,bucket,18456109693343991183806729325494748300796619165196040951021727013103306508839730538361380425624191035458453504
31,339,678,37,base,142648460676689168894915624577070985883092801602114997246658372634155857953910585510549676655389682306054619136
31,339,678,37,const,23587502343202462923818030529172151062263955480433781211460719288417401163775683813231401851869692879980986368
31,339,678,37,bucket,22838585887500325078070760750642718761603848454855082317140155085374374384983610616581160834718564514369896448
31,340,680,37,base,176416438014884052357392763805641122734820546736447913493848975142958676559564038715765524783619625980019081216
31,340,680,37,const,29171142068741034137553676736009160076851085082056135198798700246055545009569329233021324448492083034669973504
31,340,680,37,bucket,28244855357747448178122883914874757580597072444465489411012098223413786877751199657543763445939280218517667840
31,341,682,37,base,218048717627449764208925301354388177463679541334670880473615564974738787762563678603679116422313776365720043520
31,341,682,37,const,36055161139154744472302857514452196977796593403471377708719368467703901388404074375420492910731434479432237056
31,341,682,37,bucket,34910176481052093565778396626783527634185630278871049078454935817241579210967509902371843269314028784410689536
31,342,684,37,base,269346903482482322556297257767908976201202670759072752581323691906711470033358527013320623528764973701062983680
31,342,684,37,const,44537456992321563819731615969570867479363739053647655403769492247178936767954902412847197131498519664963616768
31,342,684,37,bucket,43122974703872516915336397693774428791457069966125519433563141214255525995519069354576906434083506997700853760
31,343,686,37,base,332518507078302738684366213636357625056385175816358228556005561981315914348921494703527431117492739065010716672
31,343,686,37,const,54983044009367486913060410593593853618836712212813008226462555921026434248525267240803177500084620072211972096
31,343,686,37,bucket,53236657376252373255848730942548584941147791893952221333471143313900817474305422188011714757699941145010765824
31,344,688,37,base,410266873590546503615308085307057486754827144216858289415996527626766126313778952349741788561960053213369466880
31,344,688,37,const,67838922752830337648311506801172829408738601177736877249992414101540218389117064778238213323166955595779538944
31,344,688,37,bucket,65684009775955993670594257813175127121535517133799325946940291163572660056376424601492934254625421994804379648
31,345,690,37,base,505900694486632279188381223537940988799725418181675270858427811665025279242247861602959825737704033348652892160
31,345,690,37,const,83652187799244525141183218022348441669403437705762351458436430605802956583688178495818572699937686704602742784
31,345,690,37,bucket,80994726613296650253630646863678245965019747081560637193214219991450049375790511340382905502345019437155876864
31,346,692,37,base,623467299900904278308047216097334624490753522062874851715949655229538326205324058120721989220056985305654231040
31,346,692,37,const,103092067517639443828852953575259955660388341401044870107725624169288017674573447984864395547094040885732573184
31,346,692,37,bucket,99816750282998910886904719880681268852134633516219902448582360061136786391919041010660271286779938529926447104
31,347,694,38,base,78825603994421441114853288072416550265031518448754003535838815715765067091534762312985567830636478258258248728576
31,347,694,38,const,13034021155880040220265487704721850913720119399426760563336129517906213444294939052531707504055394847393994244096
31,347,694,38,bucket,12619883517122885624516594097779209262512358453332139944719280364052653805261886846327668162383657410757161648128
31,348,696,38,base,97537616731099696359737813886668203116571233297181700503579066592269091724012079373392888634109890202862312488960
31,348,696,38,const,16128084978445418732098177306485704931788413481867708510392311191122699676232797835600831353622265120674084290560
31,348,696,38,bucket,15615593185883161226139169110261773536297295217354656485459858470846402757623209116409693393305790985230411104256
31,349,698,38,base,120621525507341599936839957873166018979415568249852760871141342549114238342585574322651018077463850095491734831104
31,349,698,38,const,19945045570724356146062935822487887418654793532805935480009026514299190166868893016148633876635664389499370078208
31,349,698,38,bucket,19311209941399065960125990749502640257040166696764458804261881709111395830223064391011165560676428549794553659392
31,350,700,38,base,149082514956055002117993871568992406699610362216061749545152410273696937581101812682827356978113146668231553974272
31,350,700,38,const,24651110211017227174477895851639383025234954208525030596994113427341230991842003510137167045799956984111904587776
31,350,700,38,bucket,23867653004732554504340656726799708615678092241587225331255849764351755364669353509011120176899020075662531624960
31,351,702,38,base,184153162742190813305715456178118908683816389473784229669690702846780006632791284768976833522875335479438243528704
31,351,702,38,const,30450085423433578469048217856136077484126550297128340128610633548075768032804691433670859992783765662023188217856
31,351,702,38,bucket,29482244072310962649757291226067185498022875560621366751970686489990470603488047782729374297894259527688646557696
31,352,704,38,base,227344044201207308170768699375796548078317063468151064478331189770478131422653097536789278685800016306085323341824
31,352,704,38,const,37591744370272071445293108846265952482787793219968102136007823233155004468016096370639285365673102226761587884032
31,352,704,38,bucket,36396808265673870672839841068200843514015764060034087219251376841721341430747611510686711645752331205136185556992
31,353,706,38,base,280505413662483731335835354970189721928212477002608952752870094650603679268375762733392548245668451922351646310400
31,353,706,38,const,46382025746762912472781149193142711239704635556915697712693987964293519544981833347280789964270036215771659501568
31,353,706,38,bucket,44907548239176925862349159941561588820262590553028002327083715667610843383126598227392901610153703335696151871488
31,354,708,38,base,345902346740753163610670230331955514510560044379134122634564956522687511834460365308245196863672736854548527710208
31,354,708,38,const,57195458411566781142471412703635417551185522477185247160882030415535040161555338413866312749111004934864969400320
31,354,708,38,bucket,55377073115286158165475733097925693160556178009047076644874242647877760347908463636135912256651565988238195687424
31,355,710,38,base,426306232486806032430946686136608907712986287873570752849943703331441056622994364127185354103939936506015633113088
31,355,710,38,const,70490289421340999340215411197804965609252799052601911557518352705588694735338559000642617733718162626176012517376
31,355,710,38,bucket,68249044691992872738040987953167342816471300598201596991767784526278397652589981055770027270745356100778760077312
31,356,712,38,base,525106113879367173870514220164823699943797558188623134960371796381378398988018897281518080424311104943148979191808
31,356,712,38,const,86826893930946378543462328092233435199044073435852967337245723503219960974473736749439014910922269221451642961920
31,356,712,38,bucket,84066000946500483953391689648997226748855853789941019781469771491909144268611573833631886668576829411232661372928
31,357,714,38,base,646444111179609761559721048311439268028161045349207357115658428195274219759643104971965824151742744860703441551360
31,357,714,38,const,106890167121832942732473655733166317301392544659968839806601383335749801268141456847242027261332184097802705436672
31,357,714,38,bucket,103491034679791485415230464261233530727480751340201025762730140635042500618058770990823187537998732670119452868608
31,358,716,39,base,82418839216481421032510920500061588125858434365932409582368849379519338766736163899812007079968106667588391383597056
31,358,716,39,const,13628022809347389033318892675943624158014526279177930741510600453001330334288209404518839429485166082091711568281600
31,358,716,39,bucket,13194613824616095976961096468997414431574062055088695756163147816769275768783901055188309258410474717633064130838528
31,359,718,39,base,101862988267887398591814838607470326137443811310982174187605417694016842268076738418251347987321174847781658070876160
31,359,718,39,const,16843112900182584433814219142267642854719601736177802059405146404265301848907912099520788526436852708252806534922240
31,359,718,39,bucket,16307412643072381352447745213349549515990267308429969385892310036313614087286380785005997249078598945962332619014144
31,360,720,39,base,125823914226924308082130598365631079658376691032989219751482536761018558471170562937457272953742028299043649223655424
31,360,720,39,const,20805048430759635846419243982781322854406592996951874920155548880272804908902687958134140064890868741965031472627712
31,360,720,39,bucket,20143285593393365279352796339798807607576050551696217845399422410430440169767087982778597911083359026499388224569344
31,361,722,39,base,155334567780988861006713367240348859670201549275802970910362887064268258872332529652304841147265952287838780184854528
31,361,722,39,const,25684626153979197841532858110510056889146984992309500760930529061896970521884059623438302596023215655368799425658880
31,361,722,39,bucket,24867590974733732823705013290091439765291073215424501005413023947794748984621207052852109538825246726635669241724928
31,362,724,39,base,191660426928575047069147411365050497581037929131681921513816842719268466206002092997114967767959859628966728085536768
31,362,724,39,const,31691090663770632047580795047935763154464721984912006283016500788161828141742738255841166925386401073906412943310848
31,362,724,39,bucket,30682910204227744685394460146610021973923664297119554496624787754856764639908192591941766633541965040316540228993024
31,363,726,39,base,236351012972551279891145064040230762469831169834195839133639067228501395373940624520013428609266245809879521838497792
31,363,726,39,const,39080652403660925020454047869718256161350929981266165862577089090745408215536877029813606367975745740207569021960192
31,363,726,39,bucket,37837294387481334341054283495887169752645763874089884003163696593624402791908571390626325239853761805288622362984448
31,364,728,39,base,291302637353671273545642811826178276800900432450302172610924893797277738205046543969635318805591650134191347567951872
31,364,728,39,const,48166862651336290814518670137056331900982839018076729176207207928988831570952438774349180631608979211350899263799296
31,364,728,39,bucket,46634308667681917892814905119107541404058592677241901053908601270872078483247743927223049202597996147983525026463744
31,365,730,39,base,358834788179990199514010920373427332357881728349336120732467217951981172712241701645537612205798101955469609598451712
31,365,730,39,const,59333243772407293047153992081763972808550786410057990130446836290303314794409739416659365053839840949295293776527360
31,365,730,39,bucket,57445259944912332169960751930036338813916059490233546833349406267159306525649006398200706140716169415846988450103296
31,366,732,39,base,441783073539674779118673677694832944676163537608969058450484178887465087660634096124412533272715574356128967816118272
31,366,732,39,const,73048657070018519237255217735930826327925657344788729718923112414371894997437054737054437060910969143442152838135808
31,366,732,39,bucket,70724074909879021589824481033044266377638408905151737465272265901678469712673403485789558933227038513866079492636672
31,367,734,39,base,543612252376418753623997203286979740420394486308863728943887927343822712995556761013620603551349184499883951549054976
31,367,734,39,const,89885992027536245322394063527010747015114657765022614787943815454793590867455079795679614231354280817090609798971392
31,367,734,39,bucket,87025393569579779010725153235807526778052984573624787782710795305484449019217384861589930755184900077265996161744896
31,368,736,39,base,668553624376582083895274272318340902509504468357437981316768111476248394940093838411434061255691266576005515855265792
31,368,736,39,const,110544883207203748635789362297567207774337576651167906288026434316084971339867595286899259028233409950582549583495168
31,368,736,39,bucket,107026562000759655899492869237784064193034620882067814960973212028499560653728077156649321187014974339415868780314624
31,369,738,40,base,85916770331762620732676259805991330896362824961451792012947564687553551086533306739131858532858139736049276428853706752
31,369,738,40,const,14206266659606440760208625240509151715591399797999972751492052326438430487942397863270455391058335441330452059660484608
31,369,738,40,bucket,13754089627466298685540493044168735332666813460153632974281627584461283808316761129908704864497759077842817663335661568
31,370,740,40,base,106067748452187977664217676065724066401220122603867972139844212517702419592232509160979599474406603206285516640872300544
31,370,740,40,const,17538199003356163172434127306206395859267013411597832405163897402664050160352903450575576533338692828643387325913497600
31,370,740,40,bucket,16979928132161008352251340455897488003461900378626547698506267692113868285715975820157391518181572801137254071464361984
31,371,742,40,base,130874194862858678038191565701282009402784959428866739840569205499164848520648886781886809885680117738160027555546005504
31,371,742,40,const,21639902223013184320287622948559463440959860246943766646361651672413247721414011485208330864637419324136955192658624512
31,371,742,40,bucket,20951017661736389620531512582068488127448362608676867638230145726180621604609050463418975944695118208161002235147321344
31,372,744,40,base,161395404385604056464472774629114813086114738640922354059889242701221660445066421270149147814648233792233230865537171456
31,372,744,40,const,26686527490634156792006312368037466304322880539363464597599047425388524441833825739124905051520364909307586490608386048
31,372,744,40,bucket,25836928173872942364951721750863722755885319966194890238586398222871549570535991095414759034158790774395368262200197120
31,373,746,40,base,198928023384838155976493913663369334467994262536358471698471027147394771911567497345229394541263624494990533142618570752
31,373,746,40,const,32892471163965533305833691298510398933460271961958120613820924020395480487177947160472018789470870127477759827995787264
31,373,746,40,bucket,31845223809004095177858110077488322864195912063225506772663920829323847181823700941166393139074928148870039365415337984
31,374,748,40,base,245058412554248092973425873714963945944053267427232710432618452000341265808852830127047658578843111772379972029518970880
31,374,748,40,const,40520032739905539831943952407233802604233163430508630920053622985090779108425755863866047097322274788218507020854099968
31,374,748,40,bucket,39229844760255343558703329107615340242634402347696984968079569297453954468677134959736896953052573496721706753831469056
31,375,750,40,base,301726381808538268066477859904270212725025165833785875194069655798005906344090608465204856176257869676631120984942837760
31,375,750,40,const,49889953127076146204230791909955333042535472771495995387379248347734972186114720712491861262311634987227938402676506624
31,375,750,40,bucket,48301309482398232689565148145028735352612140572176069128378501659537606366298144383231175033335219109816919912064483328
31,376,752,40,base,371302728232580398948142426078504639233872566501558059511675876708582775579955102950467903578758406410550576541639639040
31,376,752,40,const,61394235181345797082405419536132891162679341316372163715877154684176235543061115927743646105897626825388859876706353152
31,376,752,40,bucket,59439126357743517246242515649113395189730208008085130558702889456228299456257424020511374808412504532833662905977143296
31,377,754,40,base,456683519436630844296674824830945105694314619357036914220750607972312821561821531059128282096112863628737395410021122048
31,377,754,40,const,75511733004214376000191931604667796810749268690889067018155573315491538953905426761414866224726776977431260592143859712
31,377,754,40,bucket,73106885793909601223827366248481926627750680958829434319676688092518394072579014997651144745991557584987531871862652928
31,378,756,40,base,561404681917343604813155995842648440827109366377841313386441244541285133983419062703363782415371533698667387508492337152
31,378,756,40,const,92827098562372519684395635141450321980146824223546742087265435758837348730521155670328378200746984773613658162377785344
31,378,756,40,bucket,89870602528881421325704060031167473088722896082186810194350364399039740503752773456223108864126960133573490533092818944
31,379,758,40,base,689781198685655525178251706860173327762670127405713072962196750051928241097409756272995943188783817593876984854766157824
31,379,758,40,const,114053797311517891549731632768767843258782363077922149305470867178498993934989245532128540338872091963489856780356288512
31,379,758,40,bucket,110420997112921784352125820423994274755733566698658238255532455013098276578388029530634572654340452425635602814969315328
31,380,760,41,base,89313871680856489894194694949482509417329490042785864875395093778372017954507836206351668772511508916547253906445678149632
31,380,760,41,const,14767839578592953786300455837287857062782214346352109430513693642538512880457458396768389841120728707134608304205526466560
31,380,760,41,bucket,14297428288189727386047606960741851569811998334535239527967333815931433673326286803245426919736965171202841891481684279296
31,381,762,41,base,110145712551969959109030865103282112059127887370925169221658305166606946328664123826386401246907148620642643293675387355136
31,381,762,41,const,18212321270769374729861248587731541452136983713028855385981945835064641251150015797215161646030415742774648544313527500800
31,381,762,41,bucket,17632151826893329693851093375082187981870796076448092299576230101564180122101707616742490441594579213305784929813239169024
31,382,764,41,base,135765492558058547470167962540815078609941322795700899979807140772813929350535471642430663079882892397791123841462820667392
31,382,764,41,const,22448470918222046898142323891183250078632157120526535735313431901148683174617776070450612482886855424100705087763198771200
31,382,764,41,bucket,21733308202337381035426551831475013680208049878882533172476157316589002067495970385704002527953240512717793187441667997696
31,383,766,41,base,167257443075892886164143963314021777622042370990870960934518546866180085204342178337818675765453717296676677887946320248832
31,383,766,41,const,27655561428620161246598331480487325534456574973706936202550525004900525137156758483794552830696135073618252447660457852928
31,383,766,41,bucket,26774453909432449363282292811617234454894852924051791984216426640548001948530397288180033449479355241522623677653487452160
31,384,768,41,base,205947667861566913461807473670017062991728620326221611399969865882390154574909018274865020578305261915510509675641929990144
31,384,768,41,const,34052858089218260820087484661069853220875754812990463771025469572092269735577690293493299637776062548365191505506272804864
31,384,768,41,bucket,32967862176908728870693802309676764202782395978604904710628941433313477846598750442011660036600485636171480301929247014912
31,385,770,41,base,253457290018386463191700483115387031598707421269275832840916367523903044293013691724564037576414750223414268055074384117760
31,385,770,41,const,41908406116079510027711077191410720232633645328989608779041867400656623222471776471982071262262567194923402204962256584704
31,385,770,41,bucket,40573030126959285293666129010431713275586093772985508862349801820016925378596390556466234015734238337483815412144722149376
31,386,772,41,base,311767099919402062148474191165248129966047057170680775962030874471557023862584146637544398455511008230658149245586056937472
31,386,772,41,const,51549719813547991885207170915285691632800975636957162161054298411561955852907304858053955826713353101115091450218829316096
31,386,772,41,bucket,49907026849950330670592356840804632380931129793764314935805911784678600477245053826456955139495982450870454028315224178688
31,387,774,41,base,383296154761154695484385128887895700368773889186667633984836939175977253401300953886930996601616467973076397346562745827328
31,387,774,41,const,63376778546350805560737086066213702858826303277843820556012386325290212922199966458603721225967712195168112796343235248128
31,387,774,41,bucket,61357074659367590476135453696646628382107802521391385112298922301703183964900040522774814800380709342236256461426498994176
31,388,776,41,base,470997294547611569998684944789500326053277201961711879277650715689090317868379564158864414363949399721474284437719662723072
31,388,776,41,const,77877819732973679395165661600890819150600796112958973247089373545753077530156566552336888006783460411455637986745859964928
31,388,776,41,bucket,75395838083535324620134825509520493934088364699588855476386403918080185585389483830802031334209963630568692687786546823168
31,389,778,41,base,578473159596527577230659108729898116235715100253038264308696687611647041925040505334905916656418426865030620282752140836864
31,389,778,41,const,95648521629703073083795354827767736121258125130442352679651480841989740413722245180777972644211795932694686165222987661312
31,389,778,41,bucket,92599994435682681663498784391522401825974252096925928591701523224371387268395824622875838564090108373577331780502123708416
31,390,780,41,base,710117042703533086841318787031832271348360042230110747166360230134264640885273323610647976443617767089568687348617073131520
31,390,780,41,const,117415292357855014190043195236445853173036384557043182987844581125037949671670400848509664050762867433040479745153897070592
31,390,780,41,bucket,113672779536511764490385754064341084621564211726123799632000600058597829010564384994091312899985766435797061916349165469696
31,391,782,42,base,92605516100129774445252135650260213847863942534645506235428579006271339786608549342580616928882532838433289565585769842606080
31,391,782,42,const,15311976933095021010050000652986851946854300295833813281677150346924363780925645555815484179230397674334833426558811795095552
31,391,782,42,bucket,14823890749277338092161386871727482342778808662481014063550573706027225753750086408187603137056460219530992356850548315521024
31,392,784,42,base,114091758417377085931626458438980547578471342543961614364207675315773147539905886969490506417012850893835716688317475090071552
31,392,784,42,const,18864633297078807032099588211563977845964772987314200556389227243232605776630506044879175440645304774506009770438765037223936
31,392,784,42,bucket,18263265696094686801148467382667438767886345225988293032687955642319097445970989292260480543974022582222396115461453557792768
31,393,786,42,base,140492185992422739135657181341095629764281788477734711280599914674694602768121157988516901494266452859324363191917471982419968
31,393,786,42,const,23229825655965858099196830952508646569331350765811179462551359700945023937238065627942945360412470158762868246555902515085312
31,393,786,42,bucket,22489259572813372599643284543193068935986538871405459730598775856279448875228232643503326070556583815303703162510970789560320
31,394,788,42,base,172914577290676499596139535424828146710706895806374081566108083666323388710912220794515437273494269868617934825464326931873792
31,394,788,42,const,28590718964771923508252506934946018602198671325623408802445521982607030851634993327067514365699273350707715986173356645810176
31,394,788,42,bucket,27679193190955233304634516685718310018117530059372536645082994908138008999789672353026960921651879275891419097250944037945344
31,395,790,42,base,212712807647847049089025993879400693748770030063009033370247156425807328348440743201917630208718148007294843461375373120372736
31,395,790,42,const,35171168766477480364041012795703252928165250111984736295646510481284804640635653877744196908237390041962927806620940697075712
31,395,790,42,bucket,34049779260596781435648232818632448552240975016598188824821495443977402018849358580803274967071273029216412457289833934487552
31,396,792,42,base,261540719765895118176622900965482501551137520669401836173266855819915111171139850659773563551366576532618912229953331408142336
31,396,792,42,const,43244628311677849255388264706935084406082377116036886937747905355457748427715919068192498589914459330238121269052835654270976
31,396,792,42,bucket,41865745143107287746873826963989303406607679971061003728279791959482075570892946701347986114754417225519994627566829318438912
31,397,794,42,base,321417612063613651900932720556839312465295037769469340755146452114269872215455140149286997552506868841594671636700738065793024
31,397,794,42,const,53144976604593036786619764029739984723290634252416383366846054132993669481552025916143943645563310545573088488753713578508288
31,397,794,42,bucket,51450315185050886457313948430179328194803538065716557029901079725805241565904208136285205979591910568505177673331435183800320
31,398,796,42,base,394807813010144152063644981074711513213336001071466606846280383054038287154973542714786486735734241826163758374843615362940928
31,398,796,42,const,65279675460787841448852160037569923257126103122017396163717664628585867837501666649278426616503232912596096696715727884779520
31,398,796,42,bucket,63197947682537365413373511193055109771071636039795757015373212080834323794509181524526103267944595998150344256400664536547328
31,399,798,42,base,484717325999689824420755065247048235315365374867051616634749963294240030479397663711986158533909233507747193057239106156756992
31,399,798,42,const,80145749049240895247034125041406471479406425766333748758587169034399862129164568951429567969155193766488312750504965639766016
31,399,798,42,bucket,77589804184168009259152367361697840854311685587110693316224103609258734306749630575219012251039318827160539398734620682878976
31,400,800,42,base,594811152167587456836912218090798437137550919425353636480409685823309165563575166291625339889535744185975441462340483702325248
31,400,800,42,const,98349182372935894895874688993618023215639150596264894357662876011986259771108602807110660223121713798716918028391927781523456
31,400,800,42,bucket,95212528531476827960879014372504302703192320804800364019680337225527872414467302611705680322667436800438389840828688504979456
256,10,20,4,base,19122017684
256,10,20,4,const,1712007044
256,10,20,4,bucket,5769853356
256,11,22,4,base,41830825876
256,11,22,4,const,3541455196
256,11,22,4,bucket,11090674574
256,12,24,4,base,86441518156
256,12,24,4,const,6985215736
256,12,24,4,bucket,20409513554
256,13,26,4,base,170050486788
256,13,26,4,const,13214537232
256,13,26,4,bucket,36173354405
256,14,28,5,base,4630454429092
256,14,28,5,const,347996297140
256,14,28,5,bucket,896359323812
256,15,30,5,base,9309077547368
256,15,30,5,const,680203241888
256,15,30,5,bucket,1654882907746
256,16,32,5,base,18007763624732
256,16,32,5,const,1284398195852
256,16,32,5,bucket,2963060765299
256,17,34,5,base,33654004181532
256,17,34,5,const,2350771453512
256,17,34,5,bucket,5161394018549
256,18,36,5,base,60971752549316
256,18,36,5,const,4182370962356
256,18,36,5,bucket,8770069775608
256,19,38,5,base,107402428989016
256,19,38,5,const,7251395858296
256,19,38,5,bucket,14569235850402
256,20,40,5,base,184415592045356
256,20,40,5,const,12278807041040
256,20,40,5,bucket,23709361768153
256,21,42,5,base,309342931349608
256,21,42,5,const,20345099493028
256,21,42,5,bucket,37860975264609
256,22,44,6,base,11061332455806472
256,22,44,6,const,719597335803592
256,22,44,6,bucket,1293961004854506
256,23,46,6,base,19101563056168292
256,23,46,6,const,1230658046954156
256,23,46,6,bucket,2143439637007364
256,24,48,6,base,32314195453820504
256,24,48,6,const,2063931539102096
256,24,48,6,bucket,3489603388081048
256,25,50,6,base,53632893822843808
256,25,50,6,const,3399019851960564
256,25,50,6,bucket,5590253747594249
256,26,52,6,base,87450913310565552
256,26,52,6,const,5503564000678900
256,26,52,6,bucket,8821445915309709
256,27,54,6,base,140253976975638768
256,27,54,6,const,8770939899168476
256,27,54,6,bucket,13725137771811388
256,28,56,6,base,221490301229025504
256,28,56,6,const,13771931457064776
256,28,56,6,bucket,21073570192520556
256,29,58,6,base,344753732477763584
256,29,58,6,const,21324819662930428
256,29,58,6,bucket,31955444865819448
256,30,60,7,base,14790145937052626944
256,30,60,7,const,910511863041052160
256,30,60,7,bucket,1337996626628897792
256,31,62,7,base,23650762486430650368
256,31,62,7,const,1449683163925905920
256,31,62,7,bucket,2091703879523001344
256,32,64,7,base,37315634517823094784
256,32,64,7,const,2278199853753687808
256,32,64,7,bucket,3231338428525511680
256,33,66,7,base,58134526920887541760
256,33,66,7,const,3536302253345591808
256,33,66,7,bucket,4935950934840613888
256,34,68,7,base,89489743239917436928
256,34,68,7,const,5425367007973666816
256,34,68,7,bucket,7459563688064456704
256,35,70,7,base,136201760259070820352
256,35,70,7,const,8231758753296023552
256,35,70,7,bucket,11159364409139005440
256,36,72,7,base,205076474121672228864
256,36,72,7,const,12358958949141751808
256,36,72,7,bucket,16533365487826262016
256,37,74,7,base,305637667808515260416
256,37,74,7,const,18370507847421011968
256,37,74,7,bucket,24270344681238048768
256,38,76,7,base,451100047845060902912
256,38,76,7,const,27046975172946677760
256,38,76,7,bucket,35315618839161540608
256,39,78,8,base,22768324944854100475904
256,39,78,8,const,1362021542834403016704
256,39,78,8,bucket,1758816369159099121664
256,40,80,8,base,34421051136478092984320
256,40,80,8,const,2054720347916768903168
256,40,80,8,bucket,2625740018408895283200
256,41,82,8,base,51555917679501554745344
256,41,82,8,const,3071463110243208134656
256,41,82,8,bucket,3886526040225712963584
256,42,84,8,base,76537170571927406772224
256,42,84,8,const,4551288815898566590464
256,42,84,8,bucket,5705648713417871065088
256,43,86,8,base,112660677892117526216704
256,43,86,8,const,6687775675547286241280
256,43,86,8,bucket,8310506014322326503424
256,44,88,8,base,164488069335894282207232
256,44,88,8,const,9748523440226416197632
256,44,88,8,bucket,12013388760881953767424
256,45,90,8,base,238289466724553735536640
256,45,90,8,const,14100944602006982492160
256,45,90,8,bucket,17240417792395053105152
256,46,92,8,base,342626611285462551101440
256,46,92,8,const,20246206522076166094848
256,46,92,8,bucket,24569446053444654727168
256,47,94,8,base,489116535593925731155968
256,47,94,8,const,28863648340020459208704
256,47,94,8,bucket,34779436150231960387584
256,48,96,9,base,27814095969531950268416000
256,48,96,9,const,1639284570509109731786752
256,48,96,9,bucket,1962013155941446454345728
256,49,98,9,base,40557432975879916075614208
256,49,98,9,const,2387492363870494181556224
256,49,98,9,bucket,2839307490150370542354432
256,50,100,9,base,58726925902965069563559936
256,50,100,9,const,3453187580429981324410880
256,50,100,9,bucket,4081791668484310703276032
256,51,102,9,base,84464903856729119025790976
256,51,102,9,const,4961324748656682091937792
256,51,102,9,bucket,5830654749718116753735680
256,52,104,9,base,120695887407396735533711360
256,52,104,9,const,7082350731581308459286528
256,52,104,9,bucket,8277647785892783081914368
256,53,106,9,base,171389888473142073596313600
256,53,106,9,const,10047478802610624426672128
256,53,106,9,bucket,11681804280892942729609216
256,54,108,9,base,241907138470308983936647168
256,54,108,9,const,14168675433283135125585920
256,54,108,9,bucket,16391248452561720825610240
256,55,110,9,base,339447286797677608734556160
256,55,110,9,const,19864690596356567771119616
256,55,110,9,bucket,22871509981453627888238592
256,56,112,9,base,473632049595936611713941504
256,56,112,9,const,27694804697134523354185728
256,56,112,9,bucket,31742124702219319560372224
256,57,114,10,base,29504294219761456155853848576
256,57,114,10,const,1723883166465373690805616640
256,57,114,10,bucket,1967247898266760818049679360
256,58,116,10,base,41951799050286976749187104768
256,58,116,10,const,2449373558065983181322977280
256,58,116,10,bucket,2783579818510138912599441408
256,59,118,10,base,59320363754899941709991378944
256,59,118,10,const,3461030941462233382540804096
256,59,118,10,bucket,3917694746238100515443441664
256,60,120,10,base,83429562332447515157494497280
256,60,120,10,const,4864445162351664951843618816
256,60,120,10,bucket,5485415350871809618843009024
256,61,122,10,base,116726831873482336564624228352
256,61,122,10,const,6801571141291947563207884800
256,61,122,10,bucket,7642000215981933729721352192
256,62,124,10,base,162489156618841105809035755520
256,62,124,10,const,9462389706386963103127437312
256,62,124,10,bucket,10594656210906331650621177856
256,63,126,10,base,225084893572165269635773497344
256,63,126,10,const,13100040096597868019376455680
256,63,126,10,bucket,14618739859077772856847761408
256,64,128,10,base,310312335237980248024784306176
256,64,128,10,const,18050380725313841088874676224
256,64,128,10,bucket,20078655103470796902609453056
256,65,130,10,base,425835827306872272099808903168
256,65,130,10,const,24757177850291086136218484736
256,65,130,10,bucket,27454708748691443276922748928
256,66,132,10,base,581745467663620136653987774464
256,66,132,10,const,33804421562712361539966337024
256,66,132,10,bucket,37377497534650147118195408896
256,67,134,11,base,39785982046038304018042028294144
256,67,134,11,const,2310795570021110774873777504256
256,67,134,11,bucket,2547827588772385064504996659200
256,68,136,11,base,55276842169091550549601654145024
256,68,136,11,const,3209035089092114680919401431040
256,68,136,11,bucket,3528604358403209022061229899776
256,69,138,11,base,76457915698782016912799817531392
256,69,138,11,const,4436718297332863444926324539392
256,69,138,11,bucket,4865820720993125861117357195264
256,70,140,11,base,105297858861112301018512462184448
256,70,140,11,const,6107662118061294214518407168000
256,70,140,11,bucket,6681569213715695789562774159360
256,71,142,11,base,144405653342986374004872373600256
256,71,142,11,const,8372655050892916299512212881408
256,71,142,11,bucket,9137285783287629811267426844672
256,72,144,11,base,197226009595775947589740065193984
256,72,144,11,const,11430725850558754015475826425856
256,72,144,11,bucket,12445652234169939720121205391360
256,73,146,11,base,268290587593670426737355863883776
256,73,146,11,const,15543627543155956995796502577152
256,73,146,11,bucket,16885871393499300242940745482240
256,74,148,11,base,363539921857299547541911919132672
256,74,148,11,const,21054393448962560184419839115264
256,74,148,11,bucket,22823207846495455440415561351168
256,75,150,11,base,490734633902238253350814406934528
256,75,150,11,const,28411034389767349151134356865024
256,75,150,11,bucket,30733907274662754475961170788352
256,76,152,12,base,35492207402977865398651963953905664
256,76,152,12,const,2054134057925345005978758642925568
256,76,152,12,bucket,2217627662405894441820354150137856
256,77,154,12,base,48647373188894261515993861421268992
256,77,154,12,const,2814595846781512430366736494100480
256,77,154,12,bucket,3032744633739954736142092446203904
256,78,156,12,base,66426652564531133999284774259130368
256,78,156,12,const,3842068119224601260398306301837312
256,78,156,12,bucket,4132132484104945126471134443732992
256,79,158,12,base,90369312203313588479960579540254720
256,79,158,12,const,5225340941165371557532293484511232
256,79,158,12,bucket,5609721137841375320573217739898880
256,80,160,12,base,122499098396304120821000438598860800
256,80,160,12,const,7081123852258168112185560409309184
256,80,160,12,bucket,7588800215262309810880397587775488
256,81,162,12,base,165468172375782206627463040283443200
256,81,162,12,const,9562333097272092424675736269357056
256,81,162,12,bucket,10230685116920883426159429802786816
256,82,164,12,base,222741332651213592441601176381685760
256,82,164,12,const,12868696494140668713029051640446976
256,82,164,12,bucket,13745794054011778937686910639800320
256,83,166,12,base,298831125546305217628572520191885312
256,83,166,12,const,17260285334837195786122008717164544
256,83,166,12,bucket,18407766873858951338243556861018112
256,84,168,12,base,399597061615177371891007489073741824
256,84,168,12,const,23074733013641771977873113711902720
256,84,168,12,bucket,24571411415992976638045386145005568
256,85,170,12,base,532625376223362609329535384765333504
256,85,170,12,const,30749085055227368483831824416505856
256,85,170,12,bucket,32695453609432768504669084873392128
256,86,172,13,base,41042976558175035362447213629108387840
256,86,172,13,const,2368910534608260046614926238913921024
256,86,172,13,bucket,2515278835587920748564006388503674880
256,87,174,13,base,55470891676833294936943113520656941056
256,87,174,13,const,3200941864950238940829730990939176960
256,87,174,13,bucket,3394042437019599613583437388901777408
256,88,176,13,base,74730284332487075447345483361139294208
256,88,176,13,const,4311370242411878207029866098004590592
256,88,176,13,bucket,4565366887163603038245221548225986560
256,89,178,13,base,100360493264449573451818016417167441920
256,89,178,13,const,5788827305271270933763987526549241856
256,89,178,13,bucket,6121952341995355044519266123312529408
256,90,180,13,base,134366855436156817053588647472355344384
256,90,180,13,const,7748756694311996514674564931696721920
256,90,180,13,bucket,8184416589854426390008670584035082240
256,91,182,13,base,179354548596636817101790176153257902080
256,91,182,13,const,10341109773703328305368149802293919744
256,91,182,13,bucket,10909274456268039130692336649741795328
256,92,184,13,base,238698847781542969985482421381940379648
256,92,184,13,const,13760133785504626082414588238279737344
256,92,184,13,bucket,14499078213267245546929134834160762880
256,93,186,13,base,316761163598203308959716916330764435456
256,93,186,13,const,18256790423541730313583699152718528512
256,93,186,13,bucket,19215272553867472730386331066137837568
256,94,188,13,base,419162504543298848763567436627202539520
256,94,188,13,const,24154473358297366483630083893262024704
256,94,188,13,bucket,25394451552947918990016872765173268480
256,95,190,13,base,553128800025981391494726096551111819264
256,95,190,13,const,31868853623345321557916384851577012224
256,95,190,13,bucket,33468869388094249852567107814079594496
256,96,192,14,base,44938285498387291091536527776439693475840
256,96,192,14,const,2588713410873275933933904309139321913344
256,96,192,14,bucket,2715848578459146810070443814980360863744
256,97,194,14,base,60059005834508939926958965400311450042368
256,97,194,14,const,3459195506674359954677291453176220745728
256,97,194,14,bucket,3625407154833868991479766776988181725184
256,98,196,14,base,80044551776860780248459930666470201098240
256,98,196,14,const,4609569249134565228412735293093830459392
256,98,196,14,bucket,4826304840864870700857138101159024656384
256,99,198,14,base,106389899331765055130125238260246687776768
256,99,198,14,const,6125796739110475999206417696854028320768
256,99,198,14,bucket,6407695520655437031601972714180083449856
256,100,200,14,base,141028321032488816998994321603237234343936
256,100,200,14,const,8119028748486657481051188577208065064960
256,100,200,14,bucket,8484767438942101064884742161881718849536
256,101,202,14,base,186453825158976432345891467153618551963648
256,101,202,14,const,10732637644880385999683523034249735176192
256,101,202,14,bucket,11205988690806210687259362614829731807232
256,102,204,14,base,245876140828844409050376942422935067426816
256,102,204,14,const,14151118857914783477998687459138183626752
256,102,204,14,bucket,14762271839974756478599728362431583354880
256,103,206,14,base,323416468447038019357750916678516427718656
256,103,206,14,const,18611332576133445471957478325410733228032
256,103,206,14,bucket,19398540728788713588538092914270225301504
256,104,208,14,base,424354184055326529183603444700938290331648
256,104,208,14,const,24416670313357414122397490857497866534912
256,104,208,14,bucket,25428297902829622335080329620518156107776
256,105,210,14,base,555437101815928237744314191093243492433920
256,105,210,14,const,31954869543212597438995516104887588880384
256,105,210,14,bucket,33251932523296787656889863953331603374080
256,106,212,15,base,47194180517255929321854581169233994654416896
256,106,212,15,const,2714790783603499330060974810725261431013376
256,106,212,15,bucket,2822764091618750186206707809824108405850112
256,107,214,15,base,62500005506523164412945953458570783050694656
256,107,214,15,const,3594803966063411516503765891224584425832448
256,107,214,15,bucket,3734916217556252723637759942998830564245504
256,108,216,15,base,82567391606243485377776357597523410897862656
256,108,216,15,const,4748455729140057234421561286713175711940608
256,108,216,15,bucket,4929855868693280204064292762563730145804288
256,109,218,15,base,108815903582984903012294573572929777102225408
256,109,218,15,const,6257289572685564328266185116684812747276288
256,109,218,15,bucket,6491614198662503387532797737160121190973440
256,110,220,15,base,143070271052095521001932530090395151984754688
256,110,220,15,const,8226112886788313472934406008761908499316736
256,110,220,15,bucket,8528131445527605262201337584429145195020288
256,111,222,15,base,187670974906517065594132156702904939446272000
256,111,222,15,const,10789344102109174374390458476266506348920832
256,111,222,15,bucket,11177763454414206867970819788958930013519872
256,112,224,15,base,245613664097155591915279140030891372054577152
256,112,224,15,const,14119013944372208514561800029672285298229248
256,112,224,15,bucket,14617479734739070390369976427933080051777536
256,113,226,15,base,320724572746074118589366377839581724621668352
256,113,226,15,const,18434832014844978192241859973838722964652032
256,113,226,15,bucket,19073172616615483032395006452035403621859328
256,114,228,15,base,417880806210712024792839569435855473717805056
256,114,228,15,const,24016827308315136936374817847732737381761024
256,114,228,15,bucket,24832596221616673126931077715847760687661056
256,115,230,15,base,543286446125135291355529964294057310631755776
256,115,230,15,const,31221190608600951666174151616553268084211712
256,115,230,15,bucket,32261575403679974528723885781021343367561216
256,116,232,16,base,47971673119112391449191771292558367128006164480
256,116,232,16,const,2756537556816635700666038249610213522302566400
256,116,232,16,bucket,2846664601862933005839113907437335372357435392
256,117,234,16,base,63048543010238115020706032532694427549969678336
256,117,234,16,const,3622543457029883652783352034311929209406095360
256,117,234,16,bucket,3738769665177786020820050139851131617353400320
256,118,236,16,base,82683236602832481096427100618998091086747926528
256,118,236,16,const,4750250661421201403257577485142266406517080064
256,118,236,16,bucket,4899825219973924023946456049280898702138933248
256,119,238,16,base,108199970953265462019723503461785611394850226176
256,119,238,16,const,6215666254036114743648910318693156986552320000
256,119,238,16,bucket,6407767449899913277156398311384400595811041280
256,120,240,16,base,141292387476790730747166349952532134229429977088
256,120,240,16,const,8115994325478563855835444670618485169313546240
256,120,240,16,bucket,8362220778585701985666666410868378924740509696
256,121,242,16,base,184122415803328010616190307049823657082816036864
256,121,242,16,const,10575306820906127103267424830173961004093800448
256,121,242,16,bucket,10890288254335844836239023783374342735634890752
256,122,244,16,base,239444491544798991690164439719281600586884055040
256,122,244,16,const,13751668252764594757086290177717979531526012928
256,122,244,16,bucket,14153823554780258634668890322698412587623645184
256,123,246,16,base,310761351881303911959642050088424755095912054784
256,123,246,16,const,17846071072318324119257633147997842879646007296
256,123,246,16,bucket,18358547544491279184959642713443795310817050624
256,124,248,16,base,402519093600767897618911319548808799056973266944
256,124,248,16,const,23113622209517745876720632128982967766485041152
256,124,248,16,bucket,23765457325094295768333861403977567488507379712
256,125,250,16,base,520350966293149332190335316671168482318152105984
256,125,250,16,const,29877523761493875187337898505541366792320974848
256,125,250,16,bucket,30705079736785154655448452785824240073319645184
256,126,252,17,base,47505472300456427146607376568026573814803288031232
256,126,252,17,const,2727466112633838075988169845146501516456150171648
256,126,252,17,bucket,2801672088797369824637519064645446589036917424128
256,127,254,17,base,62036207147705366589804138864367012739427078242304
256,127,254,17,const,3561469276868258275774159267787868312516159340544
256,127,254,17,bucket,3656656418068473254194669733002914594384406118400
256,128,256,17,base,80852377599170834943298975929369612495574477570048
256,128,256,17,const,4641365099616435361008014739656949946405808504832
256,128,256,17,bucket,4763237771351741108970552107553470480854332473344
256,129,258,17,base,105171683416829014967925005364514123633516355780608
256,129,258,17,const,6037003703230213767878127071448116472280403410944
256,129,258,17,bucket,6192756074711905678040252606153911320994516041728
256,130,260,17,base,136544925468737667285393450727384451321473972305920
256,130,260,17,const,7837337485618556296287018575058886695850619174912
256,130,260,17,bucket,8036026875486624542398293955902447317602281717760
256,131,262,17,base,176943651648841944642884108733327704747925894594560
256,131,262,17,const,10155446031169852974130816266503156042081541029888
256,131,262,17,bucket,10408455918285725139276968934326405519443090210816
256,132,264,17,base,228869964875652685689010152059950339990734755594240
256,132,264,17,const,13134831303792684784867479447417173114646830252032
256,132,264,17,bucket,13456444613220582020868672240778213719712953532416
256,133,266,17,base,295493873235534977447145711976500740041913275514880
256,133,266,17,const,16957291423498262401024713404331856039199570395136
256,133,266,17,bucket,17365399225011945614904921476126456224477282828288
256,134,268,17,base,380824814920768819994664961161750382385598224662528
256,134,268,17,const,21852753090569357965884410307809161380337343791104
256,134,268,17,bucket,22369729322992796140345778148436763225099899764736
256,135,270,17,base,489925522566157262226563273610150186698225601216512
256,135,270,17,const,28111530486122748352417291892690325293878908813312
256,135,270,17,bucket,28765309934857355678019363394210092838140644425728
256,136,272,18,base,46054295290496188513642426107950990322121772671959040
256,136,272,18,const,2642400535456152528950483925750523796172127252512768
256,136,272,18,bucket,2702818123833788005199666428693249485560655913156608
256,137,274,18,base,59811554897003858909238837695256031957231198120443904
256,137,274,18,const,3431533469729085353251726466109200393445760579928064
256,137,274,18,bucket,3508678120801165483510814066351799845378986778558464
256,138,276,18,base,77539599832708877490282072927199113542485058359656448
256,138,276,18,const,4448380032192650224206026711042673672486828835340288
256,138,276,18,bucket,4546714657698002804885095620796506585122926749548544
256,139,278,18,base,100345082337379752023374951317823363494462478937489408
256,139,278,18,const,5756388915985166440507094545609147992001254478839808
256,139,278,18,bucket,5881522873267037231808153656832250759421650895110144
256,140,280,18,base,129632249600815325504001209562000573528330812906274816
256,140,280,18,const,7436067295720326147730366513584846853617453560233984
256,140,280,18,bucket,7595039646237744327628125886414728313157998964899840
256,141,282,18,base,167180103213972903864851463586753002108001281894252544
256,141,282,18,const,9589402753937728279218021049747548543936312383635456
256,141,282,18,bucket,9791032760969876584725245262435401817692956851699712
256,142,284,18,base,215238831645992766794424984525088491588930436067229696
256,142,284,18,const,12345389499805012723627237533455009114141009442242560
256,142,284,18,bucket,12600709681098217390574624145790604844511168198344704
256,143,286,18,base,276650149495261451484103726148814514065649834693492736
256,143,286,18,const,15866924329825762313276162349396899534106054709215232
256,143,286,18,bucket,16189714723943621953541195425552654638193838011711488
256,144,288,18,base,354997248622974918674901300754735503775391528249196544
256,144,288,18,const,20359399143109140456414745710484080157724477474471936
256,144,288,18,bucket,20766845489421693519098274505539596855161030476562432
256,145,290,18,base,454791375612249461770811377399845002398903834385580032
256,145,290,18,const,26081391814277949162989325287350404374140846849654784
256,145,290,18,bucket,26594895225132526056493699604944877375877688070242304
256,146,292,19,base,43869478719431083669531456996510363261661907744955826176
256,146,292,19,const,2515706799764598549403119613535426910484461014239674368
256,146,292,19,bucket,2564438161018352606489592493521741191083450335271845888
256,147,294,19,base,56703734542751707679683814663647948478205912194561867776
256,147,294,19,const,3251536553399471899151104907938283666340953777772691456
256,147,294,19,bucket,3313509385757601833266457362225914270122905564958687232
256,148,296,19,base,73172769270504103661056164876683635159350849918723948544
256,148,296,19,const,4195718164585938984992541273256578412460922147616849920
256,148,296,19,bucket,4274406584544810157147492450898640814085597760262766592
256,149,298,19,base,94272493646974809303873333729627079383400306309230231552
256,149,298,19,const,5405327964423911980844602129544280575137049545956917248
256,149,298,19,bucket,5505085430014990561713863653869895802592073616533225472
256,150,300,19,base,121262644929632631489138708564106165997451058065923112960
256,150,300,19,const,6952559567552849504714991449953956501573868503498227712
256,150,300,19,bucket,7078833397979437439107746453568104104999448241237917696
256,151,302,19,base,155734313626687453276733763686312248115369508730168147968
256,151,302,19,const,8928592474830231846034338362202061221120033842656182272
256,151,302,19,bucket,9088188757872872731663260101274352361523401319000309760
256,152,304,19,base,199694157222511850526192371559769559708347255913982197760
256,152,304,19,const,11448416510313330317194899709834730554667055163790852096
256,152,304,19,bucket,11649826780026061519381117930577919918339825747915440128
256,153,306,19,base,255669279129347598140786862012992726581202407160679497728
256,153,306,19,const,14656839929911023748720521871946096925787381399931584512
256,153,306,19,bucket,14910643466917403849178999366563804139264489396465827840
256,154,308,19,base,326837665340551296955870676762275858354041049832302313472
256,154,308,19,const,18735961390127563096422829570261569486720915369254453248
256,154,308,19,bucket,19055319980625273800409819589329201395429305442428256256
256,155,310,19,base,417190187847187200590226028671402614865301031189179531264
256,155,310,19,const,23914449901613030284628271213106245591400397669291524096
256,155,310,19,bucket,24315715491453347184574749603448735396936091100386426880
256,156,312,19,base,531731545910180534517374605700929779374549155515469922304
256,156,312,19,const,30479054880707653522027176997157820832741314007926833152
256,156,312,19,bucket,30982514899591732306165882401633294399937316222668898304
256,157,314,20,base,53003120861467541119749408821838261588032437392236280283136
256,157,314,20,const,3038040755582343675224587174391320630353977127871373639680
256,157,314,20,bucket,3087445833001414662344235703646444067931063722284693848064
256,158,316,20,base,68122277493884416767463864018584717340252401392344274829312
256,158,316,20,const,3904493583286412132495144453154247135825591562218116218880
256,158,316,20,bucket,3967007857992120761753779197398795464736937314929432592384
256,159,318,20,base,87423609534290314005861909851080548248753613277517240598528
256,159,318,20,const,5010579961780992408639837861120074108442696135577289359360
256,159,318,20,bucket,5089567840385596813027219869032850727807672080027057389568
256,160,320,20,base,112028323873406195162250082819829941519991190588735010897920
256,160,320,20,const,6420533438790210869484191972096059206146337279681289519104
256,160,320,20,bucket,6520193807904393141000728500525231401812252810082703638528
256,161,322,20,base,143348782947036416970383658623348864329075710577610212769792
256,161,322,20,const,8215265205039660492154357161042482045174708386551098769408
256,161,322,20,bucket,8340831285760452622204747131939080481203719824204888014848
256,162,324,20,base,183161694910337605817712756768764059136507045433215199215616
256,162,324,20,const,10496555874092809998480741476550785934623245477907804454912
256,162,324,20,bucket,10654541248709342360385385525590094071923998077572750508032
256,163,326,20,base,233699102420698849473800549222074566826045347116820495073280
256,163,326,20,const,13392266487892762772715527346637251484033457863390369153024
256,163,326,20,bucket,13590767577809457253334105563853479925253127112650089562112
256,164,328,20,base,297761354353327180657403153087921791124651737556439869161472
256,164,328,20,const,17062808328118067110168237507269238825140364049931200102400
256,164,328,20,bucket,17311875804444304969819060658522790510831319043097418006528
256,165,330,20,base,378857195056489962800223869283356568608721220223718953844736
256,165,330,20,const,21709165516342708946823712316612421876196572720843611701248
256,165,330,20,bucket,22021259780637274711058891573067259536484968284311775084544
256,166,332,20,base,481377264356472738546049437274878652412988265772024181293056
256,166,332,20,const,27582830713543333759653481136749171749179525276271034499072
256,166,332,20,bucket,27973379785482906830077261267815553029356534213353200943104
256,167,334,21,base,48953340440566762332626767479219668406684588193243391554748416
256,167,334,21,const,2804926688831412954990568632041914718705666872595596219252736
256,167,334,21,bucket,2844044081424350602794761470854794344544131067072420595630080
256,168,336,21,base,62694028390982977152276223590545387632848239392066531319873536
256,168,336,21,const,3592125734603151781158631040737955878322194683472247179444224
256,168,336,21,bucket,3641469073689326959559763006149723718331663177550935585980416
256,169,338,21,base,80180461000348055410808337140529905313208984842256965741576192
256,169,338,21,const,4593887077887423599720891352059547366606998762133012260847616
256,169,338,21,bucket,4656045858201710568814523159053592724224957658206123415568384
256,170,340,21,base,102403819351422695448603690438425170230145735329652889087901696
256,170,340,21,const,5866979505782723031488390551924040649494334365177986309685248
256,170,340,21,bucket,5945177925673583497242948597250674711702543634926930942230528
256,171,342,21,base,130609746597991535853099910798754628524868326979991444631060480
256,171,342,21,const,7482743940693007874953191606702054334921243352857752742395904
256,171,342,21,bucket,7580991357359498677509703397094623423441375097051856305651712
256,172,344,21,base,166361692046179754091020234725392031047697260519486440066777088
256,172,344,21,const,9530720475905676359339464854312483076567826537080945815584768
256,172,344,21,bucket,9653996321337415804228498831857287350115919566677566814158848
256,173,346,21,base,211619536046386390780468423185739927384148241565147449251594240
256,173,346,21,const,12123150273796619131737785054153748795332767592627471600582656
256,173,346,21,bucket,12277631050079914912709707900262617932165545741968594186534912
256,174,348,21,base,268837065745443600050099600528465570114418994550107443036160000
256,174,348,21,const,15400556696798500367978054752305102386825148613060270323924992
256,174,348,21,bucket,15593894293417543438710178858880734899040971601401712144809984
256,175,350,21,base,341082678991698073585484153132497225182905614986854179874537472
256,175,350,21,const,19538656247356239810984418623442801008010523633317971287343104
256,175,350,21,bucket,19780318780403243767354746288103031294505316113588907617026048
256,176,352,21,base,432188677465365993364351054209140667960977056595276263304724480
256,176,352,21,const,24756906202944609979980695792453496415452218729237384622243840
256,176,352,21,bucket,25058594932536499656470957966215505703436638264895763623444480
256,177,354,22,base,44750415210728610695622954535701272379224804332189420312969871360
256,177,354,22,const,2563351815197359276945991417177045967746559045512286844307374080
256,177,354,22,bucket,2594129214596567763680263142388943309187611635730322677437562880
256,178,356,22,base,57130608705791586632392862900130079729645562445396087580219408384
256,178,356,22,const,3272414861837985542622063635306896559255527792566556518531465216
256,178,356,22,bucket,3311128636186497336332068145566704609491085703485028598210887680
256,179,358,22,base,72841646247273812537839220231660853611535658841078991666035032064
256,179,358,22,const,4172225835051969331942483019709216829458719987973597995907153920
256,179,358,22,bucket,4220861006029255497168225481551918223071418521506558465552678912
256,180,360,22,base,92754647612800642047836704806612512329931160091306890435760226304
256,180,360,22,const,5312665522427759442835962162249463128665644074675572992160825344
256,180,360,22,bucket,5373688330139641612100571059198448927814766447782538095938764800
256,181,362,22,base,117962087067438695029287209113182481865315079137858451178593976320
256,181,362,22,const,6756288177895589335163456400587961135757318536692424024510169088
256,181,362,22,bucket,6832759061549818502691098799547587258712092431238963136292716544
256,182,364,22,base,149832415051763213822703326843323375586122167307143597723951824896
256,182,364,22,const,8581448505138915336938498011228627403347189787527792321135378432
256,182,364,22,bucket,8677160750205582114435166351554458104857737669965919817910190080
256,183,366,22,base,190077761931759243005627080256037709393313888271498121881625559040
256,183,366,22,const,10886177485622889945281579621161047598929527221718890785303166976
256,183,366,22,bucket,11005827173876131546440320838791165429014629801064655013539741696
256,184,368,22,base,240837763136032625862016861856041052739510793722528412076257312768
256,184,368,22,const,13792981011250195781716841850051800605481406961972699143990149120
256,184,368,22,bucket,13942375105258404402696925487380565706277243257915005830086787072
256,185,370,22,base,304783229564282638712900959122322488259652441824720708766277828608
256,185,370,22,const,17454774459547534340561044696782929148123115742336886948642160640
256,185,370,22,bucket,17641085292753504055287483862018519319398269748331763163193147392
256,186,372,22,base,385244221093559909773865412887647510040402786663096135968335331328
256,186,372,22,const,22062214075774745915809816542383550714002591796523333178298990592
256,186,372,22,bucket,22294290251413620530602657520271895636266743572649154445764984832
256,187,374,22,base,486368095898000680776925337058432437045214947408608733059537174528
256,187,374,22,const,27852744107455071825318346103032909979667315576789210529185923072
256,187,374,22,bucket,28141489891437319610188044154589464358915326849951127583567380480
256,188,376,23,base,51616952413571484831684063073189182551183560924951107980253187801088
256,188,376,23,const,2955870318069235741337655481930434687206365002496163008478426693632
256,188,376,23,bucket,2986070350889517811157661705654597139475454704501273683787710988288
256,189,378,23,base,65631366129702585676756391323150652312758858385533713212262506823680
256,189,378,23,const,3758328382762223198593085051059724235345651591687596866824898084864
256,189,378,23,bucket,3796172545010291391999040360830420071752699339146766947314464456704
256,190,380,23,base,83350938605690015399383293753942213487375235650326235242871528620032
256,190,380,23,const,4772920365150567078146440438017581755881126176067557480732349693952
256,190,380,23,bucket,4820287578106759151333319458634694466793275661703527603594061676544
256,191,382,23,base,105729134110670694303198608478540256604414321152354822520671140052992
256,191,382,23,const,6054230226063378520298002832088402129357498294114433727997426008064
256,191,382,23,bucket,6113447575784821235014069803707775669465689303562483742342878593024
256,192,384,23,base,133958129519720231450209368131494190961243895340013613192517297111040
256,192,384,23,const,7670506457473581616141611558531141508176102836173880796045589348352
256,192,384,23,bucket,7744452845698623118189067633024943543264095979048668311670919004160
256,193,386,23,base,169526933278173929065456398000523031650019244138400194634385578786816
256,193,386,23,const,9706988658111114430490436538504944683831975357965492369847593467904
256,193,386,23,bucket,9799221677070614429733368980206299890524336647950636669719071948800
256,194,388,23,base,214293258087023200260342465539766646254564737880419259346706596102144
256,194,388,23,const,12270021265898413280543640736951507921268028300289948641660489433088
256,194,388,23,bucket,12384932333196753095836147682153905399140266751490264270289481236480
256,195,390,23,base,270572309295439679430955169055427637049883402360963971336940099207168
256,195,390,23,const,15492135399404352568975380448669144486650982739616878569376444317696
256,195,390,23,bucket,15635139244944243608639649388970772689625722638302625802225578934272
256,196,392,23,base,341246356821468069907186363295903694278169895833966616876413601447936
256,196,392,23,const,19538320150271467760155011350209937878616158509155887443893335097344
256,196,392,23,bucket,19716086016727492151871989128535230267799925003200084927240353087488
256,197,394,23,base,429899817155584609833329621018770612572422095798784083008726495133696
256,197,394,23,const,24613753806903342069279438037404075078255255302818387083182555004928
256,197,394,23,bucket,24834487250208795371814859593140488197128516799434356613250379939840
256,198,396,24,base,46288081748133499788174342968142052352559170894264718371185534380802048
256,198,396,24,const,2650155138659064059035209490898799043295488103368895678128426345037824
256,198,396,24,bucket,2673580953818263242653220092782661619817016619241455161672137632120832
256,199,398,24,base,58710425842092551023805693481251299554353475221504738308258583654957056
256,199,398,24,const,3361313303201385886350829311679815651467155712623902476346363563999232
256,199,398,24,bucket,3390599913847223908511874924086338719124380671143306546868273822040064
256,200,400,24,base,74382736187505001144486045062455471698706464122362973313475731146145792
256,200,400,24,const,4258510151032052703595284435767343702894700969915215592343727861923840
256,200,400,24,bucket,4295082905334409336883051522900126464364493747500859559896557822148608
256,201,402,24,base,94133576511744857263541187661863318556415958304978413595874061732282368
256,201,402,24,const,5389171331810772079111165164464046894239830317546574690908864212107264
256,201,402,24,bucket,5434792307813266452302693917796340342287113435832513133111298481979392
256,202,404,24,base,118997273814913988975734292708967915110061208878971212807105779081412608
256,202,404,24,const,6812499080401492717048996761991454025809093338389220320836340909342720
256,202,404,24,bucket,6869344300736865713716997187468808130947607678666813267884802490499072
256,203,406,24,base,150263671402245335049945619779041868149616783464894588405473648951951360
256,203,406,24,const,8602319537551191319017418132985594255561901422374945134205013489352704
256,203,406,24,bucket,8673073355276498477109125189545285353454062779908638556061592971116544
256,204,408,24,base,189539590035440029156726713609113682774140184710736101550138395138719744
256,204,408,24,const,10850600063768906387613999693016253124487546740034121399359916298207232
256,204,408,24,bucket,10938570418893376236016063879577514393224432123049356483378733954105344
256,205,410,24,base,238824677403810175656072075855525320774690489709494930429912292398202880
256,205,410,24,const,13671789908548929698897313505167025568479074575714627097952435801423872
256,205,410,24,bucket,13781048926215719007212271790674573045603221889375499645938722322513920
256,206,412,24,base,300604922666315311393704035992939282646753179528341166126190792250753024
256,206,412,24,const,17208171729455274545474509080217154975504018242122120554870943556567040
256,206,412,24,bucket,17343727057580074010121639084346169556660542363929226113663379718537216
256,207,414,24,base,377967838399238268532227199759472535633805404940656161009417912819122176
256,207,414,24,const,21636452970254092978583997560925101900674843575448568213170144357122048
256,207,414,24,bucket,21804456366950767682242347347279157837934566766279069772436150390095872
256,208,416,24,base,474744194009343036892252448533476100577272655217622666720296572286926848
256,208,416,24,const,27175876555052504759227937455449657963972230460389513411459256571396096
256,208,416,24,bucket,27383877570284428324996210877163144459927416591324600239748813166739456
256,209,418,25,base,52187484102994054370131027350262994217345435942708591896540712354281684992
256,209,418,25,const,2987328927090688103664971862063137184418518286213016067391536681776578560
256,209,418,25,bucket,3009866864139705013096962660205725195458051137274196534710275256575066112
256,210,420,25,base,65975035094433227823151016987429746016293331140804278929159252433231151104
256,210,420,25,const,3776497490187062915939237112325166254987995756306902064356437598266195968
256,210,420,25,bucket,3804582102529884691239632731797160146606063689225966166530303953115021312
256,211,422,25,base,83317349865323525137355378580431690678043494653783018239281516879944876032
256,211,422,25,const,4769117305759454580165978271537232133584873120366150058864131607824957440
256,211,422,25,bucket,4804076692755150680708721044449938052857203050946893447844545430309306368
256,212,424,25,base,105108517422481230294981150190356242814306595990690482142610258090931519488
256,212,424,25,const,6016356362872766416501068444614827845021000369417926970133766089897672704
256,212,424,25,bucket,6059827794374984752673278271741069176602164883570862348582487463890518016
256,213,426,25,base,132461924362284905543399020041466731452442963871193616335300704566593454080
256,213,426,25,const,7581931976633968261619496037269028370290729129997827961501976232330264576
256,213,426,25,bucket,7635931811156649859089667409929191668055652831451882334055598497093124096
256,214,428,25,base,166762687240779582585868596687053245407249715515682153967805528195639279616
256,214,428,25,const,9545111027829720309131917106044259422054008826009489417036224754322767872
256,214,428,25,bucket,9612119977509069357081264551824235242411345664714525585738631647420481536
256,215,430,25,base,209732300109590449915968623055341983157476698004626468299158772565785182208
256,215,430,25,const,12004409121284733067419093705695236364063353547344200445409908327752663040
256,215,430,25,bucket,12087476129799760035989400683450751139128427441892268093680781065805889536
256,216,432,25,base,263508268922601421560581184401794522973028144172736682637624201610094706688
256,216,432,25,const,15082147242089452336250298987826533049751140773320094288841053042185863168
256,216,432,25,bucket,15185015914892627978043059634908382541513342299844431194440551614958796800
256,217,434,25,base,330742116794235893600775147948067809316307282299682918789906610311607091200
256,217,434,25,const,18930059517134137600089387003243375905821718863299344800459462489285853184
256,217,434,25,bucket,19057321850720453709465755224886112587914762081675777788580235326892539904
256,218,436,25,base,414719887977996397288939706350877260681610738583284457444797960856409210880
256,218,436,25,const,23736188246732958158077089955773449264902211017573917648555050230052028416
256,218,436,25,bucket,23893471371064692017495352577137800838392960844541263693318579414112403456
256,219,438,26,base,46129583789178567280245747274680177737090358066697135087726877177872161701888
256,219,438,26,const,2640154697841075246387622817856163295160839343031518149855693294289859641344
256,219,438,26,bucket,2657397927416998901290505050996193586012349170071350030295307203630656913408
256,220,440,26,base,58201517258999434410228351979579447691236252048922411824358267677197981450240
256,220,440,26,const,3331025469190408921588288480896014591905435376362516803930275902084893114368
256,220,440,26,bucket,3352468177813696347480678672852005558734300071489919482142627022722727673856
256,221,442,26,base,73359419173837433042436133466718460580062120131533882710269437321400645844992
256,221,442,26,const,4198492894186975440662670525813823868221171756970827959353703987986588237824
256,221,442,26,bucket,4225130884942914880913146792337252852628060759954936487437298793383418920960
256,222,444,26,base,92373622450576609932341198794715056728730710815422985699139786780114964971520
256,222,444,26,const,5286636942569419059169199458254582267045505035146006096422302117516160270336
256,222,444,26,bucket,5319695758536769234578661919492200486464240050244531190946868529736731066368
256,223,446,26,base,116202169673850348356330464803489223478503262241845201441481949628154916110336
256,223,446,26,const,6650278025741826927533352929477649126704094752238654376662734403764393869312
256,223,446,26,bucket,6691264476305820112792497380311891485337386222460788601031671013302536765440
256,224,448,26,base,146035446341646161835994711894548013225716715390719613185827200307408094101504
256,224,448,26,const,8357530682486690569082868817268432343496041062187544487507177304495822471168
256,224,448,26,bucket,8408295593601779290369859131402839787538436381100832003480540845326167179264
256,225,450,26,base,183351166236624288412483401024672140232610485173625850691265408411247300313088
256,225,450,26,const,10492949525206432099345019282664211264987734752444847430768927259232036716544
256,225,450,26,bucket,10555764085630439517735126231414319731384905585089695986557485344835074260992
256,226,452,26,base,229982050067511911202459222424128492283610354180535314986235221980473683083264
256,226,452,26,const,13161401379356322661293839035849959716264624912587857070151151001847946280960
256,226,452,26,bucket,13239049940611798040613429207290189260273936868482934238642304992405289435136
256,227,454,26,base,288199054555095712030520157262157909856870917014673849871869539928095460425728
256,227,454,26,const,16492827068246722985317554435038119307466134812567977055774487757277169188864
256,227,454,26,bucket,16588719838033089482216545677606004827201887559789212206107341508276295565312
256,228,456,26,base,360813635978443214988859253540239242848266668444000407881544620379091515736064
256,228,456,26,const,20648092153508146798923572780537850150928354515436489106926011506955802116096
256,228,456,26,bucket,20766401918902045658647822212771292146308889535427591962477166234059707252736
256,229,458,26,base,451303293020560160165670931182237492002561931918459187239192075527994363346944
256,229,458,26,const,25826169463615547595113225090940675803580782812657660380975442949037614956544
256,229,458,26,bucket,25971997313462090974639304212745542789466314613541429517948150935876179853312
256,230,460,27,base,51096517198530047476620039418155890975320777946792459592254946781273218239954944
256,230,460,27,const,2924000013843719605637945852711765219591109996892347869426820892383043383197696
256,230,460,27,bucket,2940269994591003205951704675166818264042799020235488320472384348300880530898944
256,231,462,27,base,64291027609717243689505076707967539006547503646851310229903975742647126605168640
256,231,462,27,const,3679010994766431307182062384647316027700992794375949424982887412721483291557888
256,231,462,27,bucket,3699183451508311218874910981291195306800371853786472012325881700743359869485056
256,232,464,27,base,80816767875086311755198125561230607367704805260860084678213068664020265357803520
256,232,464,27,const,4624629140977921530921237071915910639578078195345770559250666588056341492793344
256,232,464,27,bucket,4649615959398523844433633062362238817601636970683908495409248605438618458128384
256,233,466,27,base,101495773127938874886470907079254200115468220847686288950110186792871633488969728
256,233,466,27,const,5807887199210279377620737791898056981447672194616397027058121141592907034132480
256,233,466,27,bucket,5838807685709023886402818059595375085407223143733708185603664296624083229999104
256,234,468,27,base,127348281533977111886490402021139114037021542418228563369243347529001284235427840
256,234,468,27,const,7287157478507965290461879338527437836704926262675533448357457984173885347594240
256,234,468,27,bucket,7325384247532432008778706138455504033211362240380861803682761443529113714294784
256,235,470,27,base,159639412939578282583370133819594896980721942901717844196006832140165851281096704
256,235,470,27,const,9134822278913172134299917341408595038652761317317860110133293139205709533020160
256,235,470,27,bucket,9182037003536027748645203680390032446301644121378076724906348982241041288527872
256,236,472,27,base,199936581533992461213954589973659897075045044755783826418060460095830211594027008
256,236,472,27,const,11440558368056280578571799487884725394653506137774251123059294846063718411796480
256,236,472,27,bucket,11498819451165863925241599283232328642326961848307047309319297759330313823059968
256,237,474,27,base,250180051783705010048553978574373043114133066071016363590653317844960120991121408
256,237,474,27,const,14315373322240962581342675644085770430937012302211183132237630258225267976699904
256,237,474,27,bucket,14387197961574028426790658301770624642428349967658858054229563282623926431121408
256,238,476,27,base,312769574511379895277500822573034106633727683393171904228447643431391778465382400
256,238,476,27,const,17896561728200614803242142402118963296330384276419737092306249787173160234254336
256,238,476,27,bucket,17985025345616534698223675384996027593548179450454089453783222200549979753283584
256,239,478,27,base,390670680296867642055448312548100560926122079449080081511061072632059804445048832
256,239,478,27,const,22353785866914117729464273148164677886408784535806570116700388431788062623662080
256,239,478,27,bucket,22462642466137839648395790325102681726209245795468630409214525416397721263144960
256,240,480,28,base,44665090458202427390936246858125946312608330374952019114862383223132894959417425920
256,240,480,28,const,2555663730264287203901403001330504616920093468197375641538040081211704101616746496
256,240,480,28,bucket,2567923988643253323429621186743106258402308480186039204191089819195629151828574208
256,241,482,28,base,56108368094498814214824199741216470052380860040423259346984397299090241970577080320
256,241,482,28,const,3210394569553896034802924891512466483062359312371334836868460319454830428283731968
256,241,482,28,bucket,3225566106843336613163017404284218360130117271267682559991796957535618678560653312
256,242,484,28,base,70420420078617077469729239831165738279577691570171193131650725041529897452570673152
256,242,484,28,const,4029254753777112385272076517429059686776131009873428433327452043626528232982970368
256,242,484,28,bucket,4048011329531223734328134377443794505811604372522679100929110850146967754698129408
256,243,486,28,base,88304772797449370862509573105142329809604010834289355846489168127964969431696670720
256,243,486,28,const,5052492655673769236912680738471254448886540909231677839637960380557118253178028032
256,243,486,28,bucket,5075659874954607465065196664279976574826349968105741462273197905389463684329242624
256,244,488,28,base,110633674697145869347567530064505468822945809148973470826493017274617831646579130368
256,244,488,28,const,6330008674009218533356168122485635343074633258083252271088040093708499125710880768
256,244,488,28,bucket,6358597280676006777355218134907255590679266780206026683837401928430917069377110016
256,245,490,28,base,138487654353067495247703275656216075980663233813709250909362554574735446753364934656
256,245,490,28,const,7923618110721362968277955256977654675824883760022173099438223735643152235886542848
256,245,490,28,bucket,7958864374487376880586415240102682280826997251965764092661774577844398986564206592
256,246,492,28,base,173204142727925372438922620577786388989920132925098246693476898204128170391684251648
256,246,492,28,const,9909832531204293320022160285938822317481109766705199696527106052661038265707528192
256,246,492,28,bucket,9953247195265080513387041313860478182072053886785447123707730242540804518266798080
256,247,494,28,base,216437188732015676130041105201855226303412129825663364263742890591184872970007871488
256,247,494,28,const,12383275670397922336766582052777609841550253238003375167031994333064665445338972160
256,247,494,28,bucket,12436703220278746636495695882903407222965057693926893436584311327862819983319891968
256,248,496,28,base,270230740823088792106116534056226840254864801225683844389739085695607956831316475904
256,248,496,28,const,15460875320933631893783583752490084659255573534986702794053441248209150475965038592
256,248,496,28,bucket,15526565685959324261473854900019911126524412440191523061071672970672210544179544064
256,249,498,28,base,337108505694866273170953428544937561804024312889271689573483168230261426993733042176
256,249,498,28,const,19287003428719967175838040408847658811607960519447044574443708912813797832652750848
256,249,498,28,bucket,19367698645804306336132477097636662587985318538943630799591574417527121357249183744
256,250,500,28,base,420184047825816232829552404990716707856069888111492631886985858530793524397166559232
256,250,500,28,const,24039773954041017045071880794293879987768595259559394594175441103606492861325901824
256,250,500,28,bucket,24138812821858957971392001580445034329577544748362664543434643902887337206808051712
256,251,502,29,base,48782846405136210432586192664831928891046285720423535357820210876837489325011875397632
256,251,502,29,const,2790961067670674512210247892560771189635103678992598233074683621781031807520335724544
256,251,502,29,bucket,2802282395415256160009331947974117098460244270788879356937479471081741001804279185408
256,252,504,29,base,61138055337065596874212789345314555026182056674637277991555868600149874508105940729856
256,252,504,29,const,3497793233501670034819497681005266970130342177134366144251823643912612831933124050944
256,252,504,29,bucket,3511762746958392912759722555296008746469175336911628304328380537164471340227463479296
256,253,506,29,base,76557581725174338202315901201495732868069006482116531260526459777935800652459870781440
256,253,506,29,const,4379924649247225185425158412091030371130161966796842566264027116974508681785459605504
256,253,506,29,bucket,4397146182473339983537762383750296577177298237719138394526137282879933653058953674752
256,254,508,29,base,95785473059750579292093662911303995898007213742622766526442468445028491284572859793408
256,254,508,29,const,5479917857561533071613981090381143727737960782410988288425988744268843666160780050432
256,254,508,29,bucket,5501129333967276326810446232746679102301609031245495896488013969702064014880745193472
256,255,510,29,base,119742595832088153213590151789281203245347784700559786363867186867973660064671726567424
256,255,510,29,const,6850449727217218583451003871179315725122416863744021788391133327884178563474162450432
256,255,510,29,bucket,6876552125843856213976110871944217733940305359983844114128831946393842379809466875904
256,256,512,29,base,149567749757877516460135931373466707899508754370083819091030879121220358807564444499968
256,256,512,29,const,8556663152031794069680011289493506790949410483060051703816238620186517037295398289408
256,256,512,29,bucket,8588755552752185142423522897711397965363085107748147213122156887573881650623081873408
256,257,514,29,base,186668133015809584304263135530053023649358755486683658168440513497365182448255463587840
256,257,514,29,const,10679053597938093728600639354395830113452901827977902800011745083861847973755673903104
256,257,514,29,bucket,10718475542872004212919579431160374947383241497495730369107950687535822111072069877760
256,258,516,29,base,232781238161879611110429012778769699445498927425863171582290504545744506086662145572864
256,258,516,29,const,13317009443352464115440993940586680911227093187836230783677135494889776648511947800576
256,258,516,29,bucket,13365392095520401864115690731859331966451237323529524878089599755287451907421837983744
256,259,518,29,base,290050710497246155880958160368251508660195803784347749963467511901509597081900918243328
256,259,518,29,const,16593150915615276116139280945586946280240626944460659253344052190328805637297799168000
256,259,518,29,bucket,16652478785924459754578882990986001438365812698123065314208467537987407445765952372736
256,260,520,29,base,361119248832648257728424615455801616495972963440891203227019855731944983622025738190848
256,260,520,29,const,20658643776881522119647573369926557849326630353366962277695144685905465462858304192512
256,260,520,29,bucket,20731329135416672647776984244792975450142121939949992861897723810158862416361019146240
256,261,522,29,base,449242292737149197436040871217847849311453619144086309967598896151791586900530545295360
256,261,522,29,const,25699701896287069218183475305536593714503588050913952874439874806600133162114157117440
256,261,522,29,bucket,25788674393518391883455458420986980165023630377871387348001809173795714103888677175296
256,262,524,30,base,52904137242598496537527588702259121764321412676091615598204639892831015389107477565931520
256,262,524,30,const,3026449358889760435629893233578621848571068184795345877951051248359197609558702523678720
256,262,524,30,bucket,3036758203719159054307930680368620996978764041568749561180424009042967092508794957070336
256,263,526,30,base,66161186496173827514532838026306199697656309855756272777085310668126357755279970620407808
256,263,526,30,const,3784804277153251774662325807951805722341313102840811567119118693904769857444842213212160
256,263,526,30,bucket,3797487634278510372723591358369976279674708004817106720982315266042307561263764206518272
256,264,528,30,base,82673739829947731371488310345170556430515437378704726992859900528617976406249531162755072
256,264,528,30,const,4729379139573560291606758333803816445093353460391399107561524498483329199689902480949248
256,264,528,30,bucket,4744970118501627683186046432758228916502307196943412852186181997079073611532385864646656
256,265,530,30,base,103225035227294735934438657358106152438901854282976486817192096625033366197413661699473408
256,265,530,30,const,5904974608969031804390758004914483170867990236200447981569043278813210995369230559346688
256,265,530,30,bucket,5924122851373890788858829336566666435499016898697887915626010918973021897928494035238912
256,266,532,30,base,128782879929238280415910381512118726849197098904734707766365788745102903007856392589541376
256,266,532,30,const,7366948171372494924883386824117078003933392067487283599788431939501451358618328642879488
256,266,532,30,bucket,7390444617709704137237114935967384100289668100672703744653607425316690889153167939862528
256,267,534,30,base,160542239385955029665641750980328473629960653259754065183628633234303209628840902235521024
256,267,534,30,const,9183650007921564174447218805384177363507062104479480173632934620860242426716251624570880
256,267,534,30,bucket,9212456773055350543261819185100423117982471369041112599537237584041502602117052077441024
256,268,536,30,base,199977446404444103671068057258280411957468445816319211700701562134357872524492943092875264
256,268,536,30,const,11439409072918806348453285390319102845250834747093272575657579003713952413799150761541632
256,268,536,30,bucket,11474695451482365722242845028920633007180088899441096037901053815876635804846656854163456
256,269,538,30,base,248906157128164801066394198110475551609808122852509647573953363100919663319931345879171072
256,269,538,30,const,14238191002009904862010763947217482509601665598968373384147123511028304884713897842442240
256,269,538,30,bucket,14281376821152680997966678052776336086270003322976555363246878765701712136749072349396992
256,270,540,30,base,309567640415233108273816736577618291961396479965510914375148459744051541651564994408480768
256,270,540,30,const,17708075777308457612074229154311069111727955103280408127114510897054266170333976112136192
256,270,540,30,bucket,17760883547963073025434093395891201250640802607357868826304193911140367185502465500905472
256,271,542,30,base,384718544397313589223533067179305307961853904087362654964469692050960417598482448381902848
256,271,542,30,const,22006734942584602936220596102723071647731885702825546649930101930878854318353477806325760
256,271,542,30,bucket,22071252536896367978968120004507761889668556634220363543927594976432406063475635089571840
256,272,544,31,base,45641775183151199466238207735465327319201473277754833695274107191390563635602904239199748096
256,272,544,31,const,2610788749262660042780161549209270806695143780690108181090446973742340380892036368867262464
256,272,544,31,bucket,2618312684030391932370339911976764555967406438033154285245634546466453007400361840844210176
256,273,546,31,base,57010421265359292726365162247957785379821960679071986446184206199804973360502868342999089152
256,273,546,31,const,3261070624142377753075760397330659543355046504707300873017360512507708737343122933869969408
256,273,546,31,bucket,3270307763644691907691060453500244081702679145032742632960154989910457635248172127945228288
256,274,548,31,base,71155934609330028808337226350295488765796277745053029867721074867658574512137480090723287040
256,274,548,31,const,4070182343004645619247154948688373528068908229859141362997765363754256823626620738304212992
256,274,548,31,bucket,4081512789620373997387166538013862470654522793282392166857466253267153376383680721706811392
256,275,550,31,base,88743279684376603647084885074096574248592733014883991411586873792855893154178074399314280448
256,275,550,31,const,5076156845917890800509615501508416492779541544053251477495603318345309092759503364520148992
256,275,550,31,bucket,5090042759317708873839334904893480160908714133070766768512234811235239895671775193458540544
256,276,552,31,base,110593495438770117167209243155694815252329936235108880510045413628899883734592062781137092608
256,276,552,31,const,6325953511088575646197975603118934284555865725954297180487285166136589423953425676703367168
256,276,552,31,bucket,6342956315225297193955306263467722093166670272460512883854178933709560743580185044103200768
256,277,554,31,base,137719591202941137454498964995093308553783974530625820116212461453727593912051467774158962688
256,277,554,31,const,7877511095589001241778133235796264835001581378994606398314771995699222678274909142285025280
256,277,554,31,bucket,7898312182653471625615444433926214679974213182949254434199141167499728947488535982603501568
256,278,556,31,base,171370530252048991471784069866020325648278461100417964263455513830281301443022577957672583168
256,278,556,31,const,9802263206145175529584970977004647558792832483346341978866986711627036363560188625190649856
256,278,556,31,bucket,9827688824206427063602417980960006494031270596212094489964362463421868877423003275297292288
256,279,558,31,base,213085085653270810774496068004989613590540195350285828979150714100603541730200253665577533440
256,279,558,31,const,12188218358704829265920350722842913266166178277618896640716924831811200205891479165443506176
256,279,558,31,bucket,12219269499519232191459124537917307156059960725852138904361619185911574502003734380650954752
256,280,560,31,base,264757738585308338109569571503646201150580339679560492378321662625460440464830702676114145280
256,280,560,31,const,15143728734244342653724613483239065277262504068708972873001361862754197402866724912270147584
256,280,560,31,bucket,15181616990937245448486022219643208339529331307785374305436800374797793284851813487250243584
256,281,562,31,base,328719256413444704122122367829034763859326041380163200523060354425207411465596449640450883584
256,281,562,31,const,18802098449450581370162284034527079742811924823038731072225772786828579093163150404225073152
256,281,562,31,bucket,18848288994460284032372559434553449948907457336382069057840470452555910540487159544809521152
256,282,564,31,base,407835153304082734143302107425153449644961201602970201705485057329538331181047316173127942144
256,282,564,31,const,23327214499259177840966814177154316337635366745558982471665067912347234522235929918177280000
256,282,564,31,bucket,23383477545742848516342111414115770210265390478608861244922364694662134648450655986867240960
256,283,566,32,base,48994855417113253787607699894581504912264305311826257065150886845048927419101093084297231859712
256,283,566,32,const,2802372009587145792496791300137335004710040706856062146191778520707375721463931018457431146496
256,283,566,32,bucket,2809006941172202768769759054886631429507691753805953243579166742962242939484843919070763941888
256,284,568,32,base,61085127312819603720004413705807778560562983534832383441795487970543547615431094383674803617792
256,284,568,32,const,3493879321935033941251592982673880194207849038137706810439103500906362919093022803717720637440
256,284,568,32,bucket,3501998341059213738166211239853679273349013344113895530254920905559450418826313744133507776512
256,285,570,32,base,76102890296958531633833438931596626434736586762045755727112583985335402125573333287074017574912
256,285,570,32,const,4352820008981257724523134711243983857731333842194612957601897485106482492198220100504928649216
256,285,570,32,bucket,4362746231223749669686287698676567372160530995634835892375272458646654939989775450648015273984
256,286,572,32,base,94743540020432299894474840518369266382129965461073038625052725687046627448764523947991440031744
256,286,572,32,const,5418964885754460577614690262446910624737625061663049841308540390988202824805933511657811607552
256,286,572,32,bucket,5431089772815993256278767323357848128739545251850743537985535782583859000024334599612878815232
256,287,574,32,base,117864483283095637661506028929919679127693410526792384425569949791899185273406086062659061415936
256,287,574,32,const,6741350159795301923627162165900381481813131958284961357531706061387811360207901881583435513856
256,287,574,32,bucket,6756147530102996487597444316178348477167553195908302476934572524274074618542898514186265952256
256,288,576,32,base,146522149016031196547828113741566232476741302085172699112990423755325444182951477780933970493440
256,288,576,32,const,8380394018787119055517974052072159973347921639335110384445114145598059177042187801788604743680
256,288,576,32,bucket,8398436832267767240161922836469868259075400284346367676614207095005533263091148458840102535168
256,289,578,32,base,182017287874369860701828945852779751759443683180123332415111573225028681063318796148283849834496
256,289,578,32,const,10410487213902841829723127745184030931313561091898437859162833441414125393460922409112626528256
256,289,578,32,bucket,10432467658974547828298253684577612651587407565974837500468202133328671814365249991521949712384
256,290,580,32,base,225950379668645667492566764242635958838042080865040519378787831437751210012884154546510995914752
256,290,580,32,const,12923161670920485738155287050764518310744683940944903797259617981576163053141193599039391662080
256,290,580,32,bucket,12949915177686356552620385931752484608958727123534760517572543860747508417760387486237012787200
256,291,582,32,base,280289359092265698429359836609053892655138769801173928066795260034341358502045949916492398067712
256,291,582,32,const,16030963532880629569249395126836384859288269244817426743825113366623533665805313935553687715840
256,291,582,32,bucket,16063497448884421524707664992799702691485467658105444703123980895096356831426387454725604769792
256,292,584,32,base,347452343845348262722266444353086021741583615387083215214012555634824930510035973592671968034816
256,292,584,32,const,19872184122285361649586533518330333887228630709689137583530911197398150723262645648520795652096
256,292,584,32,bucket,19911711918610743445250629527927493930218073797785556287278265329692996387838127165506569895936
256,293,586,32,base,430408622311248367118369465600401176783970992679380744526673658759862262254992446612778854121472
256,293,586,32,const,24616635079646687502804331341284977768615090615480673636823154513138872430121829906541468188672
256,293,586,32,bucket,24664617108576211140992802761445302559501035083137166598271802493897826503366221948356181098496
256,294,588,33,base,52315857767677468450170381750814656678322921305940667383504207893410619570304646714874239385600000
256,294,588,33,const,2992116298762306658690613788945751755817198446182725211190291572515312345603474223166815121440768
256,294,588,33,bucket,2997830176470593758578086677455438755749520678594562120711853309819669416153856782418425338134528
256,295,590,33,base,65113536348726368972538416695240730325083183802540833439014660700926580641550481586813122167963648
256,295,590,33,const,3724035593499975255340121636940007122849877421497631396555065396136034694627692635500111451914240
256,295,590,33,bucket,3731001463047160175361651476539962933655149050678441204272544675963146733496021197365862847217664
256,296,592,33,base,80984900821004656366391329171472099728062725362524222820511421313135077842421334665176761069731840
256,296,592,33,const,4631738608891522184306850606863148198652120230911851396844633044802366025907249149246374865272832
256,296,592,33,bucket,4640222943866349185024375409834668205781602299070122294220545961185094812365100055741640728379392
256,297,594,33,base,100654598649106634154753539970102306510420030876208990873894285929920669742037304046170920412250112
256,297,594,33,const,5756666648350854688815461381111736140836105825465799570780143278681939248380026611198170136313856
256,297,594,33,bucket,5766990859275253002364453422502439116046570339121635721799417694567387567414612345827896548392960
256,298,596,33,base,125014940848123017712905452244694197584003109713948361212073588509830188508015520628828947454361600
256,298,596,33,const,7149849125863947338130530983379025678775858362615590618125400669288569520454491494164834342141952
256,298,596,33,bucket,7162400487940000572748140723704171216888901042742211066035859251352710692504723911608076960006144
256,299,598,33,base,155163964507333574982852298444275989845936091849144182130063651787809986301022228372517630460821504
256,299,598,33,const,8874080172793274066248477317137329108329082322355159073396191854192162743698002520402025695412224
256,299,598,33,bucket,8889324838938031707933577378694936011237761951129039015629741271667343233914475166157743822209024
256,300,600,33,base,192451971543647437562396600180959629468106131974010203331015516891183706591543809114563616482263040
256,300,600,33,const,11006579945136405574508458506667331838773967899099706875485434700725545530134368612864673351467008
256,300,600,33,bucket,11025078422651805009208449751502119742081464374558568603245816186025633225638185005199533797277696
256,301,602,33,base,238538394869802630121577080956682233897413057940290853948668825729832546602358428613024880070230016
256,301,602,33,const,13642246485686532830904324585256761018592794666351391561328194979806942806227291874417589700526080
256,301,602,33,bucket,13664672019193475671818902786405440180846989091447133879309191093956632704269178029167269713543168
256,302,604,33,base,295461239559970668100232720035298602463696930440766282177040383933774858517311893861715061575254016
256,302,604,33,const,16897626661767316866826825658635707961298628110474606804687064139986579545043310624248181651668992
256,302,604,33,bucket,16924787039243452338608839120794921538881580289911119215958985092587211748450907082172955914928128
256,303,606,33,base,365721826195239262110184478941938884021619518977376356787866119950490098800493828941459092288831488
256,303,606,33,const,20915762122864843942318814808047167120263545760445543262472140823018187342451813073915275397562368
256,303,606,33,bucket,20948625507063311579335708113546610351703694968162513912463993102271576034044945598280224246595584
256,304,608,34,base,44708158360341578494309950911131053702335987797797309516873965466757824539006776326076890427665940480
256,304,608,34,const,2556861697064427885916364936892000422373678214649992033297303032229385813746435963952617251573596160
256,304,608,34,bucket,2560787647217280083913851610926106934784454596264970523437719508127254176180987580772917646941224960
256,305,610,34,base,55593612139857231591381444569174122271711453385968771463939835855097877701638103932245015309638959104
256,305,610,34,const,3179384224779742671263252165417490045978683713353579397339716939446427888085332629959551464257880064
256,305,610,34,bucket,3184153417354918808832957359637475675491628871393084754934411778364112749514049044775120631660281856
256,306,612,34,base,69082655573201607448768767282032162795225385845747398549787116128663567711229691114767193534445387776
256,306,612,34,const,3950798081698876210093242219611091933614991603680375476279340299282817564467936393641366882120368128
256,306,612,34,bucket,3956585847313501693853118035008976126875649037428053001616096610706035244387058379853101384620572672
256,307,614,34,base,85786904229808465776220933818361943953450392262633285867619496877589208264250497283660016198302564352
256,307,614,34,const,4906078772772570774180954099041474664832284861642028493048606748878386317088200884374571386136428544
256,307,614,34,bucket,4913095573426712214303275669800472058843135521751785816979930422385129844325121783801905777286840320
256,308,616,34,base,106459056957386786556287553722517190660156702677812385510654156595893247358313392041825569891682353152
256,308,616,34,const,6088269504912425528626264294659159029469452665547547419937469894637075591873703548174303615342608384
256,308,616,34,bucket,6096767671762739636333643492559999386796357133027852113480338983184984830028850669579094128091725824
256,309,618,34,base,132024845945608445369568657615578057468421444901434447288120172301724883582285857242712347947258871808
256,309,618,34,const,7550308172583787568067540255976323065730954831839712161623323775776769271144698785572840663119036416
256,309,618,34,bucket,7560589867096748726439626530516405326872529160106504662166824268990875379202794813675391508579090432
256,310,620,34,base,163622088652345987549554112320067113419636401994924099178021016600252515222138830622558619487252250624
256,310,620,34,const,9357260435921654634145204892723615181292997965046214143918340171648542577354817203951913443438624768
256,310,620,34,bucket,9369687040618158980460689047412926397400606197505806579804840606076619887147853176396255684538138624
256,311,622,34,base,202648390691539884963886099332259159641417238596819812544720405016193658321551231076620341331456163840
256,311,622,34,const,11589047468479152677055506708734979176924155971155389698836673711040688815181560195131434911647399936
256,311,622,34,bucket,11604050644452570248038705873790509846437430637493387947318249170824159310666358125716551514791608320
256,312,624,34,base,250819380287705139998903455994628206018377801188682170392136579473914230916401728797114485127650476032
256,312,624,34,const,14343775906702513256789219951457861171503401019557365256080942508457827998624940642016896096999047168
256,312,624,34,bucket,14361870589760783975062512945836877488950260147244114992163308711360985649435941086772113698801582080
256,313,626,34,base,310239755991151061338765929986134414680808060736632120116685800082560866356452267092321763699514671104
256,313,626,34,const,17741800466772896228728160944948479822610654348224907302224596695205441967796121373603441443417882624
256,313,626,34,bucket,17763600112597804188849431576896444332562480986540149967662518884709714554926331386605763440825860096
256,314,628,34,base,383489914342347626773321680959065301593730970950621737496944451820019296492963305601667158587194998784
256,314,628,34,const,21930677425445753234585965338667634854371088033084317919025708578348172309689741428248152874099408896
256,314,628,34,bucket,21956911856669963386406792724072586151232395013095994356522537934680828761185099898509498757836439552
256,315,630,35,base,47373151028567965648313244281129049278251170266091737710833421595702057991518631014824326725987676979200
256,315,630,35,const,2709120067406794299342626135827415992233424338664706547693210412654638189451703684137073183036547268608
256,315,630,35,bucket,2712273692860870300762279868865939846803377866790032374593120918316595727689659169137006635964333817856
256,316,632,35,base,58818270527032895623312778362670005151015601091347442528155172035750206642258975091691867942876300181504
256,316,632,35,const,3363613842108077888362008573687824839122588276591613057588688099782820448600331525048301544569216958464
256,316,632,35,bucket,3367422174108360080929819391764925688770381598479812280075399953659332364230995950676050643804665937920
256,317,634,35,base,72981090380831843974627591678578473752400819959473697405370062345782260279191169361987231347342087028736
256,317,634,35,const,4173516627132018452133624639343814127750574629357185191268520612467674677590601820448719046043223719936
256,317,634,35,bucket,4178110211170072750787977991793396919986181805265979541037383621558581054732727386428488728328846442496
256,318,636,35,base,90495764203818622941787753413360216133356371744103506407010946328384087704748740492524844871934218862592
256,318,636,35,const,5175091007030699800629039846607545628887669616337234933391718219923284736104411913456758118005275099136
256,318,636,35,bucket,5180625159416676484579447464229850925154257613471074857468381162134478721960970709403157305589418164224
256,319,638,35,base,112141829070930371056371131022357891421128146136587017172432558611648144354193769708178479875879417675776
256,319,638,35,const,6412912784308188503773295616523299128456961501771513923253839322002720845097861790319138909849909198848
256,319,638,35,bucket,6419571994289779316269333519598848788258045546179827636553153257187570910445330175096431861820871933952
256,320,640,35,base,138876945355727070986775254601326059618544264566162027258082590849642730706277853920065518565355302158336
256,320,640,35,const,7941743043808674171409775590846654272941632997104622992952167408169118534534423430859120504631522754560
256,320,640,35,bucket,7949746085727103984813286521456441380626362991873179258041243447769752534525983019865917409796372299776
256,321,642,35,base,171876877419436843209308614966998834011708257104071341823013781772859273110154072028048950923840806977536
256,321,642,35,const,9828814239865766021394364620188962398238363835978995841790085082119927192648925455985036847874207383552
256,321,642,35,bucket,9838420091525280489361591122486927685743900533496297872079971982455271978988548737627534994512048816128
256,322,644,35,base,212584287548241744278124383082510096009679097781180007064674249028039139456183146900119574401001348661248
256,322,644,35,const,12156620211915046383367675487458670529803931300763559814668442900601200067572323861131495647731414728704
256,322,644,35,bucket,12168134883302827032208445839039398014072714074263032335208541333958159190502019849733103635426304851968
256,323,646,35,base,262768250731502937364975199727241522329184834911023205912569260582087741773657703619386457587166606262272
256,323,646,35,const,15026319199527881400732863145269204865840669248339488890629604755479451293904675163947418791485064085504
256,323,646,35,bucket,15040103582984852995951167970472769853502862675167490126459469381153350829432565888818507912858747011072
256,324,648,35,base,324596803199166536471231252917037704893426717403653618896068266934279314137354266378425840343964022996992
256,324,648,35,const,18561882102744602436507032350833179411448613210491227212433635131062574773435120441847053964836979343360
256,324,648,35,bucket,18578360960894398179928288874657821933052630634929498414098417915741278427375463293295347952684657278976
256,325,650,35,base,400725327488581054548866766736526980583063541504802097093374947947538470142564753183287792382381935034368
256,325,650,35,const,22915146241295223153974649085373665802286850845467950220048211338937107597828863272461420118074325991424
256,325,650,35,bucket,22934818451462737586178487830068569497901672115624941208278210426060218418328596313589355439906019606528
256,326,652,36,base,49991280752331870360257079121568363903874062364227614219287943449890644559281645809315136214017161969008640
256,326,652,36,const,2858697427281553065446007352400895046914912038025819701741433114047141189638763166929979220345216609288192
256,326,652,36,bucket,2861068572617864980027191790842728285952945398479722825874877475633852908282231099465042421368040370208768
256,327,654,36,base,61981208296826882373704137650217244471545583178496980813331718825848826067838844975878304307619332261675008
256,327,654,36,const,3544313020088355335772086063434574794099585417187421881244062203691627912677768216356621999354941487972352
256,327,654,36,bucket,3547150890950843607930086306619387252378414971881025972356169846399153605553109244919213867557628508372992
256,328,656,36,base,76798917833954282414912502105973130766487731701457270361276305463703102711394996760673358574055006090035200
256,328,656,36,const,4391625050549328685721183981832865912230846891025961287786499374694987766082426439088651909869662457823232
256,328,656,36,bucket,4395016164634715706416705247698975018778947798244949445329866704370884857506407559558106137547657095151616
256,329,658,36,base,95100109372215265458910840200707570274990879453616566389728420880055278746669780940741602475011561807151104
256,329,658,36,const,5438126529249936644493637213362269246588322731740434391811005976398832259345223708650366895813568791314432
256,329,658,36,bucket,5442172115829358293670255258853340940836859073479732119978744340541834639611264526473297384148736858390528
256,330,660,36,base,117689939443058980339778051959551550486668625812535221890451040680634208459628239485421731632927238363545600
256,330,660,36,const,6729856228754156161127992317400153727815068035470018351625331961987379440736446360026721894517367162011648
256,330,660,36,bucket,6734674387851311486138643119597258519360505093807524413032003504206920408944672380428074010542570297360384
256,331,662,36,base,145556501690492504092303071104065567057926499427623224567400921659389492148946466715228818299536110386151424
256,331,662,36,const,8323313027692378373147966674935994934685445960317918810736122147757307910383282965842310336981741898563584
256,331,662,36,bucket,8329041111063551180403135834927900588580200721150884154677401929483949122728037208823021248682636064325632
256,332,664,36,base,179911677256764325319005627943093490212544722926737480944961079930615725097522860270557836776248957034561536
256,332,664,36,const,10287791634492388149650979084412192531722416440832910375312186164317563095993854420256655874230928403333120
256,332,664,36,bucket,10294588840803909515478995544438844971020712340905442937899356843137999854955005152974283451811455788122112
256,333,666,36,base,222240948695015943924037430116627201048420040668449202945385533710993021299207204969901927636470058092331008
256,333,666,36,const,12708230813003684020120593379456083170101496645413764336635779026486480200100619941596791410959155629916160
256,333,666,36,bucket,12716280976015732773752250634379356125026774192562448119919556377029785924475253083817448758480050468159488
256,334,668,36,base,274364109657924380003295736404755598525005764917053866248075291809469177078231449495668805214941847742316544
256,334,668,36,const,15688684586808575260109193627448057565712619209993694954041549156247094980177896959268212017827601568497664
256,334,668,36,bucket,15698199116419811185497002285265673524740828019073090632429223746074336222639432303484046384584102881787904
256,335,670,36,base,338509211739075597167868996370734082733439664949327137235069446567915850335480125651044526339664327944962048
256,335,670,36,const,19356550290534943196925680895100623946074270080228546136600598147515784865032752320925461875690648832573440
256,335,670,36,bucket,19367771200594046998715998886190387778645618929592337204663923671905213703768609262972684998077929723265024
256,336,672,36,base,417402584041002480159583610500214066739548409797167203645395404207764590452136964405132917803364970963927040
256,336,672,36,const,23867715591688468149101817751772059295938120915849810504179924623799881742921764462371217304616450761162752
256,336,672,36,bucket,23880918513475879898779197510388193842553654477930894638189423282942738257537643668959425282897663380946944
256,337,674,37,base,52556016916306864440411479367413415930733598945441913632562602148045925568358363719019333105714926746119176192
256,337,674,37,const,3005221118181499059153317781675451582828385259917175666994047938520311611090723697560550660634212933654544384
256,337,674,37,bucket,3006804509763059428218774384964926521897811031385401345617653758854277762152506357662270296912824540413820928
256,338,676,37,base,65074927250304018886063083594529659190899047300663644184938913513436427483406082627015946314011472058925449216
256,338,676,37,const,3721053912404458440022038577955691162836187584353391784355820758485483856431466651335304473490239254631022592
256,338,676,37,bucket,3722917496101677690592860911603873708699513162719244983973965018435451167094719379100212609681479773592748032
256,339,678,37,base,80527564113729201720794823479852321336062250261716736198035799622938166946582572049530655233419874170258325504
256,339,678,37,const,4604634161940570912046873244003020591863834550396560820399513499714281680227909071055347929728768691901825024
256,339,678,37,bucket,4606821325216148567689839211977073513105821684250373603950256316571736079276926625735226814946221101330464768
256,340,680,37,base,99590179534570537284521475984458862088426462640352265887029249510765129057132928584191998957718228933965512704
256,340,680,37,const,5694628496450339449096409085402288771350680324512328639484443904552707414774232732488660486530920930523217920
256,340,680,37,bucket,5697187596488407403862195719092745753263058765028211534654810308213984400015895592966988531175138607996338176
256,341,682,37,base,123092331169051757145250231422650937263846348606540078692343723590708623636165056995338675913783490157763100672
256,341,682,37,const,7038469060573763931692454977599395450145535315302289400065627756858070482386660035784026072559122753288929280
256,341,682,37,bucket,7041453433303304755986799674884426718843401417885813757109595348261773990624482708594054298085396338641469440
256,342,684,37,base,152051055897975861226126217232016474146573824257644429340422805652918745568153385648143672539628011534243856384
256,342,684,37,const,8694307411496535257517268143576836042027957315678183296616689806741273434453933190556962600511366391113187328
256,342,684,37,bucket,8697775138571013625708418211680927927252475418156048033733531623825055890732050268449829803927183749864751104
256,343,686,37,base,187712532469720075621927900857380444829601016476005004322819736090837629901172068394058974789941966057806757888
256,343,686,37,const,10733396599674394886952730510286358680378391126570582658340778186345607245810024512852189731346862752109953024
256,343,686,37,bucket,10737409927978786908871077030147503117665485981371599462372280214866711557812137183341880418122231633309335552
256,344,688,37,base,231602846372181524880060677787426464057031236917436926025080526313146043032264458231997342231381843056758095872
256,344,688,37,const,13242993664072665966999774331460125200105078004977739491696242790545999887919787353066890155018449914706264064
256,344,688,37,bucket,13247617938568728109237622054025099596136950595401424213793240201711998018973999180552925080704325632051380224
256,345,690,37,base,285589811604967669857062312704499491540111336409351308586602797049055133451906410619576232938224032354070953984
256,345,690,37,const,16329894297068201869836589136897995988979436753568012206596954483758811468533253265863335057527733559136092160
256,345,690,37,bucket,16335196224591562697800313021252890150634798995175869511583665330947419345263810148141855334995389134080573440
256,346,692,37,base,351958216538395562121628533847371980020968117527888747192088818823235383588669315230976802135913291819960500224
256,346,692,37,const,20124735018632487367183744085841548112069845244438722596649932502644130823803647857699044672748790324968554496
256,346,692,37,bucket,20130780025191942295189196545205136459578946694891389800191263067176720750946521829631754405994517592176328704
256,347,694,38,base,44498434177613939842455191447640987405211664503872626339652854373079203588126047272620868411834083810525038247936
256,347,694,38,const,2544381353036815129613587948452502577134066540719512467959436474537968206591460340672256210684534974139041054720
256,347,694,38,bucket,2545084331058310354866293162754247907785770824476513859957808581946896063649692739774679560293381633683671220224
256,348,696,38,base,55061692357179730980607244961423141352376111091364889427000193777782171732835742161436770600101623227816028930048
256,348,696,38,const,3148367761284237227810652788501288643077333024554955637425209442518072545221094152166756546371837172893771366400
256,348,696,38,bucket,3149162416230765904742630801277548344023807665223126236233660458683246512825633078358186875388340794631728922624
256,349,698,38,base,68092962072192777117916395429380005859700513936902240097239709952586625802611557111961991951457492261471529205760
256,349,698,38,const,3893467619857135734568853970610684389536073871478925874352881129348615923998051119418701581240444410068912308224
256,349,698,38,bucket,3894358141297631935632946602317846080982365087649611393437037477382110621502059734133667958182739905592648794112
256,350,700,38,base,84159687532724993889205687605782336673803121745485324072495521804927181520629059159265660984336112121433806602240
256,350,700,38,const,4812125086613945391275359832600341881157517092087686609683320126815604871965596624671944890620105979747608035328
256,350,700,38,bucket,4813112743091829796917083903010578792525312826532670214964340141200696700672764758233042467360732019152398581760
256,351,702,38,base,103957680261993648189642741695502365964468024452421542808776067835848462676443539926316807615566088636149270577152
256,351,702,38,const,5944123710902070936043642336961876532201206173022965385041622064209594617601442399785518597982360704027115651072
256,351,702,38,bucket,5945205327699537048683467565181318424640529161907760399619240353614211189739584513637003617921952017111358373888
256,352,704,38,base,128339686291119688074358600157709597468089054308158119734963188516297690065852118740019811030278259611088665444352
256,352,704,38,const,7338219732262416569649511077986886686470494923611669692486109940979187988624581383205745628237627963873419067392
256,352,704,38,bucket,7339385642492531967944533893196481423728004103452081966890574442338299468833299681923572187077500853928624914432
256,353,706,38,base,158350206333945965046275604391132069359870798359912937962922602719443182098152036746046192777753667604008465858560
256,353,706,38,const,9054132880442797555738668903788649887334227023816491632963202109039212892651240417425135344720320238013273604096
256,353,706,38,bucket,9055364193878500438779012008807388485435606817799705251470151003220383977659772380103595813593182436568646811648
256,354,708,38,base,195267914910821320723768838616907807549371795157358589864704884314409715318296073242826754055947998058271245074432
256,354,708,38,const,11164971628441632622102049303212247669826836067816206417355983497066790508701108331073528804700009953810651807744
256,354,708,38,bucket,11166236620497442803511078577073212543967288391347568860358194946853240210591331811444937050149431438942509465600
256,355,710,38,base,240657309250258757446594515958911027690342271128261324665971321603299059525728275185010217761114826827211680514048
256,355,710,38,const,13760186136049241770221180802526021500128647516598955195029359144518147874889052355119403719549277576291957080064
256,355,710,38,bucket,13761435506688149285726416554449975036244891252591066347989381784687937331968055015740421723109112322765730349056
256,356,712,38,base,296431562921782954163889630107495174845413695653681023703564331042715163991157596632265173858077455610416604381184
256,356,712,38,const,16949161795253736704293235299025020908972821054839899319552935661037896490481255134853446657612398615985446191104
256,356,712,38,bucket,16950322481723200538308508347351095494407127499082074922347884394773997703227262720300059802276416062381604470784
256,357,714,38,base,364928974660272241067747288916399403361830668001961166520377832955319490103212662481743821676571276259103338397696
256,357,714,38,const,20865590043718996786640745988662132197119317272672998987298987113398196383273156521267886066036854415520713146368
256,357,714,38,bucket,20866557188752882344255143040962771613604722029103450692277129270245341417554621380773583713766934350880506380288
256,358,716,39,base,46526871511117788150335929754599046818421991208382417224530084081479221403379634873377956489836711636950736386916352
256,358,716,39,const,2660263947148259412976704420115730523591074764966057335489273054532579104678862883033179689838526764962617185271808
256,358,716,39,bucket,2660328874030884947351791459915296066123518157778514999000790298822266612195194868023810032141604967728731800993792
256,359,718,39,base,57503431876796679194189550418838111905956916940324081320657013964874265669116113026822002793210195989792495616655360
256,359,718,39,const,3287859178550137311923119267641633084443521983768109817566222372222013985915413188366194462739509382782924355534848
256,359,718,39,bucket,3287867869617372188120586295641648234524616697646491617460947186383107147710157603071232635983623746164923620655104
256,360,720,39,base,71029791207385127619613910904454333753337660229999328769481995100619704110567504269063095704818946104298167578132480
256,360,720,39,const,4061239105483030261814789299668869133119429174903156217217989154623770441016013301328129586630174625181877397356544
256,360,720,39,bucket,4061162188811000532181690739256195408337157748577218275076835755493663703404992201122229164823225250668619417780224
256,361,722,39,base,87689068057880307687001599597155324623762090039939017184643855910171694270680514263239534245368425060875287247454208
256,361,722,39,const,5013742962395879172437164079799905805130986534844741289533743799308735531636813987344098678065428191277199204024320
256,361,722,39,bucket,5013540690019777646774197953901256797997545832346969851190697513141594068426696651574071169110969442411630169161728
256,362,724,39,base,108195646669743529795835643328348689047334804036265768952741050936403340211531776004712141886446835707440805846188032
256,362,724,39,const,6186214848708833056232462003753982625501009696264896269613320225597036173315688123986891087515260309991040349110272
256,362,724,39,bucket,6185833952960450970485201665708443042874559539078064035512548131763195173882174283080471055806634617661489206525952
256,363,726,39,base,133424258637780081832824455822725016985986800665035485979128951766821374977147545100961236582079267204871299667066880
256,363,726,39,const,7628666390951438614919975962728846952343144551789038690879715801910815260984534384116382993706353371267081420406784
256,363,726,39,bucket,7628036068781104562809178231844738447577400382227958003300402999104356308274626069041705617801425830044242924273664
256,364,728,39,base,164445404579682171092999296863014578915308269628463065144992634756025383024675109661874417838656244820496011828920320
256,364,728,39,const,9402301870946789085437134737385385721615790288836806367135069563547751571646516377351667052412488841112074550509568
256,364,728,39,bucket,9401328668598180202730436471758652557000197085248225112352243030226930923956965560768248829674732278498487598841856
256,365,730,39,base,202568475648651899379350548170795920765422470460936864754264592596993398596610965009336810249003424176078177884438528
256,365,730,39,const,11581983562657003357815254320189169140596364473220040378129488843412384612715313342642434940264097259602610978029568
256,365,730,39,bucket,11580544876348412316807148945020153207154186377752699923812726268390080521818654082958686609987481675920787332136960
256,366,732,39,base,249394221635097574338187648094688765371287047775159131260232404645586332015498726537684130120239592190901898002300928
256,366,732,39,const,14259231422563176117999045813587013285301925146857501215275212248615754100774420970498304759689572708091370126966784
256,366,732,39,bucket,14257167260515904383314777651146670216885945682958014442515065215453743407507049398622784930908112119432836779343872
256,367,734,39,base,306878558842894724689239031539325970484221413631692912983775037532646480756264404176574175426035291619613625659949056
256,367,734,39,const,17545871084187005744274813394023677851654815783998586753916956537573600900447802092643339057338232689991691085545472
256,367,734,39,bucket,17542973648277188147406778595887235009622633117600104001948336678172015642403146578857359646218947254498984365916160
256,368,736,39,base,377410129046559956788994633995417737998690781818951248080120424999940672678296468232718566026691824415769921817935872
256,368,736,39,const,21578468011014430627211571224195261465114003381289167328341426870256267776250892338565474844632449561120650389618688
256,368,736,39,bucket,21574468548645268715931246237690725979122224363005002150178892431648467907853574392298249404083151088908996372856832
256,369,738,40,base,48501508052298101403201630648690274211669267148915792673680563201948153439700902212225219944733670934525549251060039680
256,369,738,40,const,2773070928024589077123732450821035531945465891531522304822416305313904768528450019344279245962459178992721709802455040
256,369,738,40,bucket,2772501361705749689614269625444512212160245221857585363747734294614313608681886298944971840166241862988370636158533632
256,370,740,40,base,59877084248497195739075726028182718439551507150619627703449113738837752047420267933219813390719310090682466591175606272
256,370,740,40,const,3423458513010243582926419790575233667312153393861063866001098716904171015487247766514291706124970337032479532935806976
256,370,740,40,bucket,3422687285820901000004746953263517955780148852190792882990391261505746589258743499323166757741226756312304898730360832
256,371,742,40,base,73880752775984844284314748894636382337735222563027243837670955367483227086404318969571533941584964729579276329686138880
256,371,742,40,const,4224102396952940919207795480889915273861804669274008782778466575859108080705201293756699330095783209163722202820902912
256,371,742,40,bucket,4223067480418378912868381987464395487448674115926776053211842161400205159334247485697712529516864868681386791146618880
256,372,744,40,base,91110503838802933696781982420809913107829005348795815657884791563787850175286632655048879114912140903374857908791541760
256,372,744,40,const,5209191036213428755920751293895662934680284460806846930227468710357343468895448405232357432071937942958008844152733696
256,372,744,40,bucket,5207812839990049621823588016551857241048706168422950619117139923203357989257735662617548041735842846232603957737291776
256,373,746,40,base,112298316674261343918806581166680704014425979078025165362500021054142440913621234337390884910061460782741004151714480128
256,373,746,40,const,6420573229067195550497478257544876151232489245558212560446890610931652360446552169981084538478334550862424402496061440
256,373,746,40,bucket,6418749907720999910794722370113880746315905270487255521467472396640269484381573313118538737408884924898703713517961216
256,374,748,40,base,138339719246086305610062936401183637260989878875648783302367455804225639524648641724078851049619329745225812369389649920
256,374,748,40,const,7909448060128721305807039745523255803680296494981985654368401192444941465025041887020320456615707154695826571222056960
256,374,748,40,bucket,7907049620395571370763723529757292784508695868214919876086074221189205304037520230121186004239466788687227443772129280
256,375,750,40,base,170329767685988022675937977686428489575934549629704114628467473347959290217825315921218211561878393556459329711373287424
256,375,750,40,const,9738421860128128974803830230591602290934589659347821647849672074975003999646639669332706646174331050939914839635525632
256,375,750,40,bucket,9735282773173030417390631473286716869859663207124269472682177938202591356938154884837879272008017704486560732870082560
256,376,752,40,base,209606817797882664651193591604593718156862890991175334540949064414123152456735857053821599605743241976724027508959215616
256,376,752,40,const,11984010634776541722317819316704487502768660438303169105946980804356663157846937792953957159281295574591918331320598528
256,376,752,40,bucket,11979920587472118884664763938370038478329247561505908387689048221026404317125676079728454025558269906567125424324739072
256,377,754,40,base,257805749630963781548656604989453741328120570653927183721857222893877144147152541440569485600135872506567401686693838848
256,377,754,40,const,14739682920437368801881431435540614199654611670494062859935416383475291760795269346933187797697457344180027523919249408
256,377,754,40,bucket,14734375252841153422263415147989927954810900564252666386307332105362851234443882129230395983520053445323106559910215680
256,378,756,40,base,316922654576596155884988592611175906882761880835215184386002901032554236818961879604378675739089518770539937349475762176
256,378,756,40,const,18119557944440675726995092242552117822668777754615518094890421166069851979459948079367666631391507781941489031425556480
256,378,756,40,bucket,18112695213776845523093992849961306915163743613750149848315541115454143448360960604166745500221187264907358950175801344
256,379,758,40,base,389393414818057085598496956780110202472089301228441620567575535412241100076304803785764991759394168134022155816004485120
256,379,758,40,const,22262897999766421065483241506368306943368224944362355300384334258399180419107220292537987828463956783782971525935661056
256,379,758,40,bucket,22254053979807183252313620887565051584762773055022437035251892988842533215348125553775223573476283175181532552648196096
256,380,760,41,base,50419224495214001909317536260134112088752778048721630130911113363732065320836488730287422094387403221788104597197828390912
256,380,760,41,const,2882624314060446690661526431976488278820294694525660090445382609666591565167320062018801395397690921688072660700788424704
256,380,760,41,bucket,2881426251707924830225055097320119938738043690813752704797316958726141637378743286214308345259687904911797354335492374528
256,381,762,41,base,62179158112466575682400597895573695776759638706034022924652497921800590590038129909689322784619961347378596816765816143872
256,381,762,41,const,3554966570831413105204463134740716950804537963540015399823531618876258320261859935003844510310465346686160708401985748992
256,381,762,41,bucket,3553424309607887645263009363953442924383563569025879579632847629407510155399444287888697543396238735833031428542780407808
256,382,764,41,base,76641965835200287637194195875254369354135102725870416304482320191942515685928042394177995200016401822076303864717587251200
256,382,764,41,const,4381836093855267187190279340278539152711640055090708829413006888803821474483102799730225226749813639134275082957730349056
256,382,764,41,bucket,4379855905785025476914327035842227408441325786198100880981202116640452495868432191116218571328009004170610913359475769344
256,383,766,41,base,94419714916151334308904926042261139690845729314306689630395420628631672478353855297001175250113340560727156667573210185728
256,383,766,41,const,5398225170064377278054577229582265135650958437038906928963901692728648868494677666770806953263130328108414891701007548416
256,383,766,41,bucket,5395688851711467827015813391384700717441814793885862596738709449716509265742030461180190365873580736369459534212611702784
256,384,768,41,base,116261013717232633713786253972024802580505959965581433093790183622658756782646982528007742684275922092373650736675605708800
256,384,768,41,const,6646932123271168041917717586566529660562363845872639182894292650021215776354832379987506548058023065884489687128965382144
256,384,768,41,bucket,6643690823682627303749339457362024386663977651616800418581560429766375075831293538260863550926331391707852160921432489984
256,385,770,41,base,143081014083443793966069768871285810484451036940767215171757265298316726345574845090894726584217280023346364643419256520704
256,385,770,41,const,8180276522552382751592694053246850880455150667898007534454675005814039027231898603447400335377519138560812936338813747200
256,385,770,41,bucket,8176143061410911199690157373976247783571852580742825159082018149983661505986136356855930027960950871481644124181754806272
256,386,772,41,base,175997906202381616194808563935259565245611919698419017996683742492460226589957578389563134302866145597876582433207286235136
256,386,772,41,const,10062185555170328220009542950383530227950887947224101759372903479407262071863983643772961358977553613193913333656137498624
256,386,772,41,bucket,10056924871813258907615929334964354470325436868717157810938427503818927220344104694898161197617096621255417746774720249856
256,387,774,41,base,216377289398118872774342394363950150109438657460833470838417310756341069256858559468235850459040862135014684601325784662016
256,387,774,41,const,12370730652446831247296167502864267270838076640207292436902431030855169743718547226102591715693403738846448728518592299008
256,387,774,41,bucket,12364047943014701268327841104929841841569067776199025070339696767769269814249102761337430839409410141938378058048603160576
256,388,776,41,base,265886092539081762319236745413654229452896915868840235529770722453005769762858058671038499847986013931075469029355986878464
256,388,776,41,const,15201210048588073668186608488211058601849963322232572078422147635214312598678307246270624591189133697173662889406013374464
256,388,776,41,bucket,15192736046273004827722717986341645408403794028618777559457944529755540818128711302095263549667943939298962331616971587584
256,389,778,41,base,326558067905673350691849774408540031453163620903684784759471704737227886455900859727256190789592586666870846476626008473600
256,389,778,41,const,18669892970307035288647378724941597023887354792199312711617711616527368726309875762357708714438684534215664302876973334528
256,389,778,41,bucket,18659165698290966158692785714202034445745492477620313392807497826965698464600648982273578533641138461279913650103731093504
256,390,780,41,base,400873304646443020814026561591524702050487670522429600248099507100401608355491514463907345390455588021204116740671593775104
256,390,780,41,const,22918565295575951413220816793466442677114494988021570524189745609706757036845465452701606557416667459938687916810547757056
256,390,780,41,bucket,22905007468686110184363563900859632149508386352579934217732712815386163719257544487561157698785402629415118798146527821824
256,391,782,42,base,52277408747122053993745233626509769888762774364714714824848610128234415848789595373027212716530385603345579473701494012772352
256,391,782,42,const,2988775075389766201150067290402847229154287744709690726183406508609804947201983847613513309079752131054148898254784458391552
256,391,782,42,bucket,2986956630118968349199935706980851180832482372741479773251950886848193673524212721406009527877612521885204566937819620048896
256,392,784,42,base,64406761951036653864500421265282181236328214685872822924127255267478672364390588465316184251974987532408396953906101992030208
256,392,784,42,const,3682218396063834709442923360650763287632959344468770416095325210553309061338338771647202546671056255097521122536100322082816
256,392,784,42,bucket,3679916433936497867921314146507079307406682366080618493218983296177296154348194845914794898726446534009062452808270661812224
256,393,786,42,base,79310257080895437545634358737208087614682530783544414029968189198304093577371134790025421777270091154744355318105193928720384
256,393,786,42,const,4534259185183808596790799790838974732048679876355191437853741698799140893443652526380648108071515417209749799504978619924480
256,393,786,42,bucket,4531349275665616362703746114977860939734136115274529780545471213256924397754136554400311650225037987920563180429992555184128
256,394,788,42,base,97613254063000965670597674358775437261571042157917424677555409182822858995132710564492431468136819639647824668795533216710656
256,394,788,42,const,5580648753728476615949475194534435086258248903555290937098837014857961961214272919404984333183098014239413712930120101003264
256,394,788,42,bucket,5576975350592276519914769493760593432793853038301786886677956322880552765149936001346416387851808996315058638089752363925504
256,395,790,42,base,120080038717107275778727977063458606250244617333864980346375064487951598335588010020658324713611150404366923604661560949080064
256,395,790,42,const,6865080589857107400748084172697822885821410007091980385069074700068723957500477732071159217711301900157490558927113214230528
256,395,790,42,bucket,6860449449645151514176531125647992891754227965240093530327541831124450224812541553236377106606604178761623557108746493624320
256,396,792,42,base,147644233571510499076436584726510572045279568800015571323261142631489135654626291929795405579352284197767381864104906654220288
256,396,792,42,const,8440928876067613487155503177601842732407371552939516343709187076255454831378504961521875357140981228348326759848265715286016
256,396,792,42,bucket,8435097673106434907439747860012256236862729461211768040635004163559123190700033370255791476766022558476180091696108630179840
256,397,794,42,base,181445767155199689805682418846527530395087155320860338123946325362859268163026946730136712296219909918975349235692008504295424
256,397,794,42,const,10373361934954679993492510616716911004287719780974150499934280343162031463276615560241632163293439223629818610889608713469952
256,397,794,42,bucket,10366028653519608912954324719018253272695632111337164796840057691665139396152523939240530289631202054833518842366254043365376
256,398,796,42,base,222875795067523089137372908550414206503820328647494675825033798950005663118600823986730410489798833435732090288492238602240000
256,398,796,42,const,12741910253440829601249870462977362027700495103113056033055096364667644419936695446762369411473612596798360960291246165721088
256,398,796,42,bucket,12732698842212673226631010043316298000246779743229520169168503819566229264318095398739695187606876058397449798760061818896384
256,399,798,42,base,273631257659312058767605287409519562480971868354328481624204700477237090868461952274469456590310182990842160902928784628383744
256,399,798,42,const,15643585401054781558721088628737849026342280031646403775199161361962177250163932910800124736031067725562258676830526563680256
256,399,798,42,bucket,15632028058278343864715941606545287682629434029958823001829376450712569431232153220161011900524097918394845397500329646358528
256,400,800,42,base,335781110764244864793058714514138890131614077358284093014108288447252265858400644379754178036912008451699728907232604397240320
256,400,800,42,const,19196666257510534282100756621584282003984249542090417881150805917091636019032212127380949642435132874813627803234454200123392
256,400,800,42,bucket,19182181572604795025670769264891309784899251622926242857753379461599925588211161131249278954198686439893202805348278558785536
